[14May2026 05:23:16.651] [main/INFO] [cpw.mods.modlauncher.Launcher/MODLAUNCHER]: ModLauncher running: args [--launchTarget, forgeserver, --fml.neoForgeVersion, 21.1.228, --fml.fmlVersion, 4.0.42, --fml.mcVersion, 1.21.1, --fml.neoFormVersion, 20240808.144430, nogui]
[14May2026 05:23:16.653] [main/INFO] [cpw.mods.modlauncher.Launcher/MODLAUNCHER]: JVM identified as Ubuntu OpenJDK 64-Bit Server VM 21.0.10+7-Ubuntu-124.04
[14May2026 05:23:16.654] [main/INFO] [cpw.mods.modlauncher.Launcher/MODLAUNCHER]: ModLauncher 11.0.5+main.901c6ea8 starting: java version 21.0.10 by Ubuntu; OS Linux arch amd64 version 6.8.0-1044-azure
[14May2026 05:23:24.094] [main/INFO] [me.decce.ixeris.neoforge.core.IxerisBootstrapper/]: Skipped Ixeris bootstrapping because: on dedicated server
[14May2026 05:23:24.094] [main/INFO] [net.neoforged.fml.loading.ImmediateWindowHandler/]: ImmediateWindowProvider not loading because launch target is forgeserver
[14May2026 05:23:24.159] [main/INFO] [mixin/]: SpongePowered MIXIN Subsystem Version=0.8.7 Source=union:/workspaces/servidor-PENEPRONIANOOO/servidor_minecraft/libraries/net/fabricmc/sponge-mixin/0.15.2+mixin.0.8.7/sponge-mixin-0.15.2+mixin.0.8.7.jar%2373!/ Service=ModLauncher Env=SERVER
[14May2026 05:23:24.247] [main/INFO] [Mods Optimizer/]: [Mods Optimizer] ♻ Init ...
[14May2026 05:23:24.248] [main/INFO] [Mods Optimizer/]: Game Directory: /workspaces/servidor-PENEPRONIANOOO/servidor_minecraft
[14May2026 05:23:24.248] [main/INFO] [Mods Optimizer/]: Mods Directory: /workspaces/servidor-PENEPRONIANOOO/servidor_minecraft/mods
[14May2026 05:23:24.248] [main/INFO] [Mods Optimizer/]: Game Environment: SERVER
[14May2026 05:23:24.250] [main/INFO] [Mods Optimizer/]: Loading Mods Database Config File from /workspaces/servidor-PENEPRONIANOOO/servidor_minecraft/config/mods_optimizer/config.toml
[14May2026 05:23:24.364] [main/INFO] [Mods Optimizer/]: [Mods Database Updater] ⏳ Local mods-database.json is still fresh (last update: 2026-05-14T02:16:28.489139813Z).
[14May2026 05:23:24.372] [main/INFO] [Mods Optimizer/]: Mods Optimizer Mods Database Config File loaded with 349 mods client: 306, server: 19, default: 24 (3 overrides).
[14May2026 05:23:24.373] [main/INFO] [Mods Optimizer/]: ♻ init with game dir /workspaces/servidor-PENEPRONIANOOO/servidor_minecraft and mods dir /workspaces/servidor-PENEPRONIANOOO/servidor_minecraft/mods for target SERVER in 123 ms.
[14May2026 05:23:24.373] [main/INFO] [Mods Optimizer/]: ♻ Parsing Mods data ...
[14May2026 05:23:24.375] [main/INFO] [Mods Optimizer/]: [Mod Data] parsing ~190 mods in /workspaces/servidor-PENEPRONIANOOO/servidor_minecraft/mods with file extension .jar ...
[14May2026 05:23:24.382] [main/WARN] [Mods Optimizer/]: ⚠ Found no META-INF/mods.toml or META-INF/neoforge.mods.toml file for /workspaces/servidor-PENEPRONIANOOO/servidor_minecraft/mods/kotlinforforge-5.11.0-all.jar!
[14May2026 05:23:24.395] [main/WARN] [Mods Optimizer/]: [Mod Data] ⚠ Unable to read manifest from mod file /workspaces/servidor-PENEPRONIANOOO/servidor_minecraft/mods/grim-kingdoms-lost-structures-ruins-v1.0.3 1.21.jar, which is expected in some cases.
[14May2026 05:23:24.453] [main/WARN] [Mods Optimizer/]: [Mod Data] ⚠ Unable to read manifest from mod file /workspaces/servidor-PENEPRONIANOOO/servidor_minecraft/mods/serversleep-mod.jar, which is expected in some cases.
[14May2026 05:23:24.468] [main/WARN] [Mods Optimizer/]: [Mod Data] ⚠ Unable to read manifest from mod file /workspaces/servidor-PENEPRONIANOOO/servidor_minecraft/mods/dungeons-and-taverns-v4.4.4 [NeoForge].jar, which is expected in some cases.
[14May2026 05:23:24.473] [main/WARN] [Mods Optimizer/]: ⚠ Found no side tag inside the dependencies.yungsapi[0] section of the mods.toml file /workspaces/servidor-PENEPRONIANOOO/servidor_minecraft/mods/YungsApi-1.21.1-NeoForge-5.1.6.jar!
[14May2026 05:23:24.607] [main/INFO] [Mods Optimizer/]: [Mod Data] Overwrite mod environment for appleskin from CLIENT to BOTH
[14May2026 05:23:24.625] [main/INFO] [Mods Optimizer/]: [Mod Data] Overwrite mod environment for leaky from BOTH to SERVER
[14May2026 05:23:24.631] [main/WARN] [Mods Optimizer/]: [Mod Data] ⚠ Unable to read manifest from mod file /workspaces/servidor-PENEPRONIANOOO/servidor_minecraft/mods/edf-remastered-5.0-beta4.jar, which is expected in some cases.
[14May2026 05:23:24.875] [main/INFO] [Mods Optimizer/]: [Mod Data] Overwrite mod environment for smoothchunk from UNKNOWN to SERVER
[14May2026 05:23:24.879] [main/WARN] [Mods Optimizer/]: Unable to parse timestamp: 2025-12-30 23:32:00
[14May2026 05:23:24.895] [main/WARN] [Mods Optimizer/]: ⚠ Found no side tag inside the dependencies.trimmed[0] section of the mods.toml file /workspaces/servidor-PENEPRONIANOOO/servidor_minecraft/mods/trimmed-neo-1.21-3.0.0.jar!
[14May2026 05:23:24.897] [main/WARN] [Mods Optimizer/]: ⚠ Found no side tag inside the dependencies.journeymap[0] section of the mods.toml file /workspaces/servidor-PENEPRONIANOOO/servidor_minecraft/mods/journeymap-neoforge-1.21.1-6.0.0-beta.66.jar!
[14May2026 05:23:24.903] [main/WARN] [Mods Optimizer/]: ⚠ Found no side tag inside the dependencies.betterendisland[0] section of the mods.toml file /workspaces/servidor-PENEPRONIANOOO/servidor_minecraft/mods/YungsBetterEndIsland-1.21.1-NeoForge-3.1.2.jar!
[14May2026 05:23:24.931] [main/WARN] [Mods Optimizer/]: [Mod Data] ⚠ Unable to read manifest from mod file /workspaces/servidor-PENEPRONIANOOO/servidor_minecraft/mods/tidal-towns-1.3.4.jar, which is expected in some cases.
[14May2026 05:23:24.944] [main/WARN] [Mods Optimizer/]: [Mod Data] ⚠ Unable to read manifest from mod file /workspaces/servidor-PENEPRONIANOOO/servidor_minecraft/mods/lukis-strongholds-v1.0.jar, which is expected in some cases.
[14May2026 05:23:24.959] [main/WARN] [Mods Optimizer/]: ⚠ Found no side tag inside the dependencies.lootr[0] section of the mods.toml file /workspaces/servidor-PENEPRONIANOOO/servidor_minecraft/mods/lootr-neoforge-1.21.1-1.11.37.118.jar!
[14May2026 05:23:24.959] [main/INFO] [Mods Optimizer/]: [Mod Data] Overwrite mod environment for lootr from UNKNOWN to BOTH
[14May2026 05:23:24.960] [main/WARN] [Mods Optimizer/]: ⚠ Found no side tag inside the dependencies.travelerstitles[0] section of the mods.toml file /workspaces/servidor-PENEPRONIANOOO/servidor_minecraft/mods/TravelersTitles-1.21.1-NeoForge-5.1.3.jar!
[14May2026 05:23:24.969] [main/WARN] [Mods Optimizer/]: [Mod Data] ⚠ Unable to read manifest from mod file /workspaces/servidor-PENEPRONIANOOO/servidor_minecraft/mods/lukis-crazy-chambers-1.0.3.jar, which is expected in some cases.
[14May2026 05:23:25.017] [main/INFO] [Mods Optimizer/]: [Mod Data] Found 1 library mods in 189 mods.
[14May2026 05:23:25.017] [main/INFO] [Mods Optimizer/]: [Mod Data] Found 10 data pack mods in 189 mods.
[14May2026 05:23:25.017] [main/INFO] [Mods Optimizer/]: [Mod Data] Found 3 server mods in 189 mods.
[14May2026 05:23:25.017] [main/INFO] [Mods Optimizer/]: [Mod Data] Found 175 default mods in 189 mods.
[14May2026 05:23:25.018] [main/INFO] [Mods Optimizer/]: -------------------------------------------------------------------------------------------------------------------
[14May2026 05:23:25.018] [main/INFO] [Mods Optimizer/]: | ID                                 | VERSION                | TYPE     | ENVIRONMENT       | TIMESTAMP           |
[14May2026 05:23:25.018] [main/INFO] [Mods Optimizer/]: -------------------------------------------------------------------------------------------------------------------
[14May2026 05:23:25.019] [main/INFO] [Mods Optimizer/]: | totw_modded                        | 1.0.9                  | NEOFORGE | BOTH              | 2026-05-14 02:35:55 |
[14May2026 05:23:25.019] [main/INFO] [Mods Optimizer/]: | saturn                             | 0.1.5                  | NEOFORGE | BOTH              | 2026-05-14 02:35:47 |
[14May2026 05:23:25.020] [main/INFO] [Mods Optimizer/]: | artifactscrafting                  | 1.1.0                  | NEOFORGE | BOTH              | 2026-05-14 02:31:32 |
[14May2026 05:23:25.020] [main/INFO] [Mods Optimizer/]: | geckolib                           | 4.8.4                  | NEOFORGE | BOTH              | 2026-05-14 02:34:34 |
[14May2026 05:23:25.020] [main/INFO] [Mods Optimizer/]: | wover                              | 21.0.18                | NEOFORGE | BOTH              | 2026-05-14 02:36:08 |
[14May2026 05:23:25.021] [main/INFO] [Mods Optimizer/]: | despawntweaker                     | 1.0.0                  | NEOFORGE | UNKNOWN           | 2026-05-14 02:33:56 |
[14May2026 05:23:25.021] [main/INFO] [Mods Optimizer/]: | recipeessentials                   | 4.0.0                  | NEOFORGE | BOTH              | 2026-05-14 02:35:32 |
[14May2026 05:23:25.021] [main/INFO] [Mods Optimizer/]: | galosphere                         | 1.5.3                  | NEOFORGE | BOTH              | 2026-05-14 02:34:39 |
[14May2026 05:23:25.022] [main/INFO] [Mods Optimizer/]: | connectivity                       | 7.6.0                  | NEOFORGE | BOTH              | 2026-05-14 02:31:40 |
[14May2026 05:23:25.022] [main/INFO] [Mods Optimizer/]: | elytraslot_compat                  | 1.2.0-1.21.1           | NEOFORGE | BOTH              | 2026-05-14 02:34:19 |
[14May2026 05:23:25.022] [main/INFO] [Mods Optimizer/]: | mcwwindows                         | 2.4.2                  | NEOFORGE | UNKNOWN           | 2026-05-14 02:35:12 |
[14May2026 05:23:25.022] [main/INFO] [Mods Optimizer/]: | carrasconlib                       | 1.21.1-0.1             | NEOFORGE | BOTH              | 2026-05-14 02:31:38 |
[14May2026 05:23:25.023] [main/INFO] [Mods Optimizer/]: | gpumemleakfix                      | 1.8.0                  | NEOFORGE | BOTH              | 2026-05-14 02:34:39 |
[14May2026 05:23:25.023] [main/INFO] [Mods Optimizer/]: | sophisticatedcore                  | 1.4.29                 | NEOFORGE | BOTH              | 2026-04-25 18:36:01 |
[14May2026 05:23:25.023] [main/INFO] [Mods Optimizer/]: | kleeslabs                          | 21.1.10                | NEOFORGE | BOTH              | 2026-05-14 02:34:47 |
[14May2026 05:23:25.023] [main/INFO] [Mods Optimizer/]: | rustic_engineer                    | 1.1.4                  | NEOFORGE | BOTH              | 2026-05-14 02:35:44 |
[14May2026 05:23:25.024] [main/INFO] [Mods Optimizer/]: | structureessentials                | 4.8.0                  | NEOFORGE | BOTH              | 2026-05-14 02:35:51 |
[14May2026 05:23:25.024] [main/INFO] [Mods Optimizer/]: | boss_checklist                     | 5.0.1                  | NEOFORGE | BOTH              | 2026-05-14 02:31:38 |
[14May2026 05:23:25.024] [main/INFO] [Mods Optimizer/]: | modernfix                          | 5.26.1+mc1.21.1        | NEOFORGE | BOTH              | 2026-05-14 02:35:19 |
[14May2026 05:23:25.025] [main/INFO] [Mods Optimizer/]: | krypton_fnp                        | 1.21.1                 | NEOFORGE | UNKNOWN           | 2026-05-14 02:34:53 |
[14May2026 05:23:25.025] [main/INFO] [Mods Optimizer/]: | yungsapi                           | 1.21.1-NeoForge-5.1.6  | NEOFORGE | UNKNOWN           | 2026-05-14 02:36:07 |
[14May2026 05:23:25.025] [main/INFO] [Mods Optimizer/]: | fastitemframes                     | 21.1.6                 | NEOFORGE | BOTH              | 2025-09-04 16:51:02 |
[14May2026 05:23:25.025] [main/INFO] [Mods Optimizer/]: | mcwstairs                          | 1.0.2                  | NEOFORGE | UNKNOWN           | 2026-05-14 02:35:11 |
[14May2026 05:23:25.026] [main/INFO] [Mods Optimizer/]: | maxhealthfix                       | 21.1.4                 | NEOFORGE | BOTH              | 2026-05-14 02:35:06 |
[14May2026 05:23:25.026] [main/INFO] [Mods Optimizer/]: | item_obliterator                   | 2.3.0                  | NEOFORGE | BOTH              | 2026-05-14 02:34:39 |
[14May2026 05:23:25.026] [main/INFO] [Mods Optimizer/]: | bookshelf                          | 21.1.81                | NEOFORGE | BOTH              | 2026-05-14 02:31:38 |
[14May2026 05:23:25.026] [main/INFO] [Mods Optimizer/]: | clientcrafting                     | 1.8.0                  | NEOFORGE | BOTH              | 2026-05-14 02:31:40 |
[14May2026 05:23:25.027] [main/INFO] [Mods Optimizer/]: | vinery                             | 1.5.3                  | NEOFORGE | BOTH              | 2026-05-14 02:35:00 |
[14May2026 05:23:25.027] [main/INFO] [Mods Optimizer/]: | biolith                            | 3.0.10                 | NEOFORGE | BOTH              | 2026-05-14 02:31:33 |
[14May2026 05:23:25.027] [main/INFO] [Mods Optimizer/]: | achiopt                            | 2.1.0                  | NEOFORGE | BOTH              | 2026-05-14 02:31:32 |
[14May2026 05:23:25.027] [main/INFO] [Mods Optimizer/]: | sophisticatedbackpacks             | 3.25.41                | NEOFORGE | BOTH              | 2026-04-20 06:39:31 |
[14May2026 05:23:25.028] [main/INFO] [Mods Optimizer/]: | ends_delight                       | 2.5.1+neoforge.1.21.1  | NEOFORGE | BOTH              | 2026-05-14 02:34:20 |
[14May2026 05:23:25.028] [main/INFO] [Mods Optimizer/]: | wunderlib                          | 21.0.10                | NEOFORGE | BOTH              | 2026-05-14 02:36:07 |
[14May2026 05:23:25.028] [main/INFO] [Mods Optimizer/]: | mcwdoors                           | 1.1.5                  | NEOFORGE | UNKNOWN           | 2026-05-14 02:35:11 |
[14May2026 05:23:25.029] [main/INFO] [Mods Optimizer/]: | hammers                            | 2.1.5                  | NEOFORGE | BOTH              | 2026-05-14 02:34:39 |
[14May2026 05:23:25.029] [main/INFO] [Mods Optimizer/]: | mr_grim_kingdomsloststructuresruins | 0.0.0                  | MIXED    | DATA_PACK         | 2026-05-14 02:34:37 |
[14May2026 05:23:25.029] [main/INFO] [Mods Optimizer/]: | railways                           | 0.2.0-beta.2+neoforge-mc1.21.1 | NEOFORGE | BOTH              | 2026-05-14 02:35:30 |
[14May2026 05:23:25.030] [main/INFO] [Mods Optimizer/]: | balm                               | 21.0.56                | NEOFORGE | BOTH              | 2026-05-14 02:31:33 |
[14May2026 05:23:25.030] [main/INFO] [Mods Optimizer/]: | dynview                            | 4.0.0                  | NEOFORGE | BOTH              | 2026-05-14 02:33:56 |
[14May2026 05:23:25.030] [main/INFO] [Mods Optimizer/]: | prickle                            | 21.1.11                | NEOFORGE | BOTH              | 2026-05-14 02:35:29 |
[14May2026 05:23:25.031] [main/INFO] [Mods Optimizer/]: | createbetterfps                    | 1.1.4                  | NEOFORGE | UNKNOWN           | 2026-05-14 02:33:56 |
[14May2026 05:23:25.031] [main/INFO] [Mods Optimizer/]: | scalablelux                        | 1.0.1+neo.1cb1e91      | NEOFORGE | BOTH              | 2026-05-14 02:35:47 |
[14May2026 05:23:25.031] [main/INFO] [Mods Optimizer/]: | baguettelib                        | 2.0.3                  | NEOFORGE | BOTH              | 2026-05-14 02:31:33 |
[14May2026 05:23:25.031] [main/INFO] [Mods Optimizer/]: | structure_layout_optimizer         | 1.0.12                 | NEOFORGE | UNKNOWN           | 2026-05-14 02:35:55 |
[14May2026 05:23:25.032] [main/INFO] [Mods Optimizer/]: | cloth_config                       | 15.0.140               | NEOFORGE | BOTH              | 2026-05-14 02:31:39 |
[14May2026 05:23:25.032] [main/INFO] [Mods Optimizer/]: | paraglider                         | 21.1.5                 | NEOFORGE | BOTH              | 2026-05-14 02:35:27 |
[14May2026 05:23:25.032] [main/INFO] [Mods Optimizer/]: | ctov                               | 3.6.3                  | NEOFORGE | BOTH              | 2026-05-14 02:36:14 |
[14May2026 05:23:25.032] [main/INFO] [Mods Optimizer/]: | fzzy_config                        | 0.0.0                  | NEOFORGE | BOTH              | 2026-05-14 02:34:35 |
[14May2026 05:23:25.033] [main/INFO] [Mods Optimizer/]: | sawmill                            | 1.7.1                  | NEOFORGE | BOTH              | 2026-05-14 02:35:47 |
[14May2026 05:23:25.033] [main/INFO] [Mods Optimizer/]: | bclib                              | 21.0.20                | NEOFORGE | BOTH              | 2026-05-14 02:31:31 |
[14May2026 05:23:25.033] [main/INFO] [Mods Optimizer/]: | echoes_of_the_end__structures_     | 11.0.12                | NEOFORGE | BOTH              | 2026-05-14 02:34:19 |
[14May2026 05:23:25.033] [main/INFO] [Mods Optimizer/]: | corpse                             | 1.21.1-1.1.13          | NEOFORGE | BOTH              | 2025-09-21 11:18:13 |
[14May2026 05:23:25.034] [main/INFO] [Mods Optimizer/]: | lmft                               | 1.1.1+1.21.9           | NEOFORGE | BOTH              | 2026-05-14 02:35:01 |
[14May2026 05:23:25.034] [main/INFO] [Mods Optimizer/]: | crashexploitfixer                  | 1.1.0                  | NEOFORGE | BOTH              | 2026-05-14 02:33:56 |
[14May2026 05:23:25.034] [main/INFO] [Mods Optimizer/]: | mcwbridges                         | 3.1.2                  | NEOFORGE | UNKNOWN           | 2026-05-14 02:35:11 |
[14May2026 05:23:25.034] [main/INFO] [Mods Optimizer/]: | farmersdelight                     | 1.3.0                  | NEOFORGE | BOTH              | 2026-05-14 02:34:24 |
[14May2026 05:23:25.035] [main/INFO] [Mods Optimizer/]: | copperagebackport                  | 0.1.4                  | NEOFORGE | BOTH              | 2026-05-14 02:31:41 |
[14May2026 05:23:25.035] [main/INFO] [Mods Optimizer/]: | mr_lukis_strongholds               | 0.0.0                  | MIXED    | DATA_PACK         | 2026-05-14 02:35:06 |
[14May2026 05:23:25.035] [main/INFO] [Mods Optimizer/]: | astikorcartsredux                  | 1.2.2                  | NEOFORGE | BOTH              | 2026-05-14 02:31:32 |
[14May2026 05:23:25.035] [main/INFO] [Mods Optimizer/]: | fastipping                         | 1.0.8                  | NEOFORGE | UNKNOWN           | 2026-05-14 02:34:20 |
[14May2026 05:23:25.036] [main/INFO] [Mods Optimizer/]: | block_factorys_bosses              | 2.0.12                 | NEOFORGE | BOTH              | 2026-05-14 02:31:40 |
[14May2026 05:23:25.036] [main/INFO] [Mods Optimizer/]: | faewulf_lib                        | 1.3.2                  | NEOFORGE | BOTH              | 2026-05-14 02:34:20 |
[14May2026 05:23:25.036] [main/INFO] [Mods Optimizer/]: | mr_serversleep                     | 0.0.0                  | MIXED    | UNKNOWN           | 2026-05-14 02:35:47 |
[14May2026 05:23:25.037] [main/INFO] [Mods Optimizer/]: | endrem                             | 6.0.2                  | NEOFORGE | BOTH              | 2026-05-14 02:34:20 |
[14May2026 05:23:25.037] [main/INFO] [Mods Optimizer/]: | perf_tweaks                        | 1.2.0                  | NEOFORGE | BOTH              | 2026-05-14 02:35:29 |
[14May2026 05:23:25.037] [main/INFO] [Mods Optimizer/]: | chunky                             | 1.4.23                 | NEOFORGE | BOTH              | 2026-05-14 02:31:40 |
[14May2026 05:23:25.037] [main/INFO] [Mods Optimizer/]: | mr_lukis_crazychambers             | 1.0.3                  | MIXED    | DATA_PACK         | 2026-05-14 02:35:02 |
[14May2026 05:23:25.038] [main/INFO] [Mods Optimizer/]: | ixeris_dummy                       | 3.8.7+1.21.1-neoforge  | NEOFORGE | UNKNOWN           | 2026-05-14 02:34:39 |
[14May2026 05:23:25.038] [main/INFO] [Mods Optimizer/]: | vanillabackport                    | 1.1.6-3                | NEOFORGE | BOTH              | 2026-05-14 02:35:59 |
[14May2026 05:23:25.038] [main/INFO] [Mods Optimizer/]: | resourcefulconfig                  | 3.0.11                 | NEOFORGE | BOTH              | 2026-05-14 02:35:41 |
[14May2026 05:23:25.038] [main/INFO] [Mods Optimizer/]: | servercore                         | 1.5.10+1.21.1          | NEOFORGE | BOTH              | 2026-05-14 02:35:47 |
[14May2026 05:23:25.039] [main/INFO] [Mods Optimizer/]: | lionfishapi                        | 2.7.0                  | NEOFORGE | BOTH              | 2026-05-14 02:35:01 |
[14May2026 05:23:25.039] [main/INFO] [Mods Optimizer/]: | mr_tidal_towns                     | 1.3.4                  | MIXED    | DATA_PACK         | 2026-05-14 02:35:55 |
[14May2026 05:23:25.039] [main/INFO] [Mods Optimizer/]: | spark                              | 1.10.124               | NEOFORGE | BOTH              | 2026-05-14 02:35:53 |
[14May2026 05:23:25.039] [main/INFO] [Mods Optimizer/]: | leaky                              | 2.4.0                  | NEOFORGE | SERVER            | 2026-05-14 02:34:53 |
[14May2026 05:23:25.040] [main/INFO] [Mods Optimizer/]: | brewery                            | 2.1.9                  | NEOFORGE | BOTH              | 2026-05-14 02:34:56 |
[14May2026 05:23:25.040] [main/INFO] [Mods Optimizer/]: | cataclysm                          | 3.27.0                 | NEOFORGE | BOTH              | 2026-05-14 02:35:06 |
[14May2026 05:23:25.040] [main/INFO] [Mods Optimizer/]: | curios                             | 9.5.1+1.21.1           | NEOFORGE | BOTH              | 2026-05-14 02:33:56 |
[14May2026 05:23:25.040] [main/INFO] [Mods Optimizer/]: | memorysettings                     | 5.9.0                  | NEOFORGE | BOTH              | 2026-05-14 02:35:11 |
[14May2026 05:23:25.040] [main/INFO] [Mods Optimizer/]: | mynethersdelight                   | 1.10.0                 | NEOFORGE | BOTH              | 2026-05-14 02:35:23 |
[14May2026 05:23:25.041] [main/INFO] [Mods Optimizer/]: | rightclickharvest                  | 4.6.1+1.21.1           | NEOFORGE | BOTH              | 2026-05-14 02:35:43 |
[14May2026 05:23:25.041] [main/INFO] [Mods Optimizer/]: | sophisticatedstoragecreateintegration | 0.1.17                 | NEOFORGE | BOTH              | 2026-04-23 22:53:11 |
[14May2026 05:23:25.041] [main/INFO] [Mods Optimizer/]: | cerbons_api                        | 1.3.0                  | NEOFORGE | BOTH              | 2026-05-14 02:31:40 |
[14May2026 05:23:25.041] [main/INFO] [Mods Optimizer/]: | mr_dungeons_andtaverns             | 0.0.0                  | NEOFORGE | UNKNOWN           | 2026-05-14 02:33:59 |
[14May2026 05:23:25.042] [main/INFO] [Mods Optimizer/]: | noisium                            | 2.7.0+mc1.21-1.21.1    | NEOFORGE | BOTH              | 2026-05-14 02:35:27 |
[14May2026 05:23:25.042] [main/INFO] [Mods Optimizer/]: | watervision                        | 0.1.0-alpha            | NEOFORGE | BOTH              | 2025-09-28 12:41:09 |
[14May2026 05:23:25.042] [main/INFO] [Mods Optimizer/]: | tpa                                | 2.0.0                  | NEOFORGE | UNKNOWN           | 2026-05-14 02:35:55 |
[14May2026 05:23:25.042] [main/INFO] [Mods Optimizer/]: | mcwregionsunexplored               | 1.21.1-1.5             | NEOFORGE | BOTH              | 2026-05-14 02:35:12 |
[14May2026 05:23:25.043] [main/INFO] [Mods Optimizer/]: | realmrpg_balloons                  | 0.9.1                  | NEOFORGE | BOTH              | 2026-05-14 02:35:30 |
[14May2026 05:23:25.043] [main/INFO] [Mods Optimizer/]: | resourcefullib                     | 3.0.12                 | NEOFORGE | BOTH              | 2026-05-14 02:35:43 |
[14May2026 05:23:25.043] [main/INFO] [Mods Optimizer/]: | sodiumoptionsmodcompat             | 1.0.0                  | NEOFORGE | UNKNOWN           | 2026-05-14 02:35:49 |
[14May2026 05:23:25.043] [main/INFO] [Mods Optimizer/]: | deeperdarker                       | 1.4.0                  | NEOFORGE | BOTH              | 2026-05-14 02:33:59 |
[14May2026 05:23:25.044] [main/INFO] [Mods Optimizer/]: | architectury                       | 13.0.8                 | NEOFORGE | BOTH              | 2026-05-14 02:31:32 |
[14May2026 05:23:25.044] [main/INFO] [Mods Optimizer/]: | aiimprovements                     | 0.5.3                  | NEOFORGE | BOTH              | 2026-05-14 02:31:32 |
[14May2026 05:23:25.044] [main/INFO] [Mods Optimizer/]: | cupboard                           | 2.9.0                  | NEOFORGE | BOTH              | 2026-05-14 02:33:56 |
[14May2026 05:23:25.044] [main/INFO] [Mods Optimizer/]: | globalxp                           | 1.12.0                 | NEOFORGE | BOTH              | 2026-05-14 02:34:34 |
[14May2026 05:23:25.045] [main/INFO] [Mods Optimizer/]: | refurbished_furniture              | 1.0.22                 | NEOFORGE | BOTH              | 2026-05-14 02:35:35 |
[14May2026 05:23:25.045] [main/INFO] [Mods Optimizer/]: | piggyback                          | 1.1.1                  | NEOFORGE | BOTH              | 2026-05-14 02:35:29 |
[14May2026 05:23:25.045] [main/INFO] [Mods Optimizer/]: | betterendisland                    | 1.21.1-NeoForge-3.1.2  | NEOFORGE | UNKNOWN           | 2026-05-14 02:36:10 |
[14May2026 05:23:25.045] [main/INFO] [Mods Optimizer/]: | moogs_structures                   | 2.0.2                  | NEOFORGE | BOTH              | 2026-05-14 02:35:19 |
[14May2026 05:23:25.046] [main/INFO] [Mods Optimizer/]: | framework                          | 0.13.11                | NEOFORGE | BOTH              | 2026-05-14 02:34:34 |
[14May2026 05:23:25.046] [main/INFO] [Mods Optimizer/]: | fallingtree                        | 11.0.0                 | MIXED    | BOTH              | 2025-08-01 07:39:46 |
[14May2026 05:23:25.046] [main/INFO] [Mods Optimizer/]: | t_and_t                            | 1.13.7                 | NEOFORGE | BOTH              | 2026-05-14 02:35:55 |
[14May2026 05:23:25.046] [main/INFO] [Mods Optimizer/]: | waterframes                        | 2.1.22                 | NEOFORGE | BOTH              | 2025-10-20 06:22:53 |
[14May2026 05:23:25.047] [main/INFO] [Mods Optimizer/]: | playerrevive                       | 2.1.0                  | NEOFORGE | BOTH              | 2026-01-13 10:26:41 |
[14May2026 05:23:25.047] [main/INFO] [Mods Optimizer/]: | sliceanddice                       | 4.2.4                  | NEOFORGE | BOTH              | 2026-03-10 12:16:54 |
[14May2026 05:23:25.047] [main/INFO] [Mods Optimizer/]: | elytraslot                         | 9.0.2+1.21.1           | NEOFORGE | BOTH              | 2026-05-14 02:34:19 |
[14May2026 05:23:25.047] [main/INFO] [Mods Optimizer/]: | villagesandpillages                | 1.0.3                  | NEOFORGE | BOTH              | 2026-05-14 02:35:59 |
[14May2026 05:23:25.047] [main/INFO] [Mods Optimizer/]: | trashslot                          | 21.1.10                | NEOFORGE | BOTH              | 2026-05-14 02:35:55 |
[14May2026 05:23:25.048] [main/INFO] [Mods Optimizer/]: | abridged                           | 2.0.1                  | NEOFORGE | UNKNOWN           | 2026-05-14 02:31:32 |
[14May2026 05:23:25.048] [main/INFO] [Mods Optimizer/]: | limitedchunks                      | 1.8.0                  | FORGE    | SERVER            | 2026-05-14 02:35:00 |
[14May2026 05:23:25.048] [main/INFO] [Mods Optimizer/]: | sophisticatedstorage               | 1.5.44                 | NEOFORGE | BOTH              | 2026-04-24 17:57:05 |
[14May2026 05:23:25.048] [main/INFO] [Mods Optimizer/]: | mr_edf_remastered                  | 0.0.0                  | MIXED    | DATA_PACK         | 2026-05-14 02:34:19 |
[14May2026 05:23:25.048] [main/INFO] [Mods Optimizer/]: | mss                                | 2.0.2                  | MIXED    | DATA_PACK         | 2026-05-14 02:35:18 |
[14May2026 05:23:25.049] [main/INFO] [Mods Optimizer/]: | atistructures                      | 1.4.0                  | MIXED    | DATA_PACK         | 2026-05-14 02:31:31 |
[14May2026 05:23:25.049] [main/INFO] [Mods Optimizer/]: | jei                                | 19.27.0-340            | NEOFORGE | BOTH              | 2026-05-14 02:34:46 |
[14May2026 05:23:25.050] [main/INFO] [Mods Optimizer/]: | lithostitched                      | 1.7.2                  | NEOFORGE | UNKNOWN           | 2026-05-14 02:35:01 |
[14May2026 05:23:25.050] [main/INFO] [Mods Optimizer/]: | lithium                            | 0.15.3+mc1.21.1        | NEOFORGE | BOTH              | 2026-05-14 02:35:01 |
[14May2026 05:23:25.050] [main/INFO] [Mods Optimizer/]: | attributefix                       | 21.1.3                 | NEOFORGE | BOTH              | 2026-05-14 02:31:32 |
[14May2026 05:23:25.050] [main/INFO] [Mods Optimizer/]: | goblintraders                      | 1.11.2                 | NEOFORGE | BOTH              | 2026-05-14 02:34:39 |
[14May2026 05:23:25.051] [main/INFO] [Mods Optimizer/]: | caelus                             | 7.0.1+1.21.1           | NEOFORGE | BOTH              | 2026-05-14 02:31:38 |
[14May2026 05:23:25.051] [main/INFO] [Mods Optimizer/]: | realmrpg_skeletons                 | 1.1.0                  | NEOFORGE | BOTH              | 2026-05-14 02:35:32 |
[14May2026 05:23:25.051] [main/INFO] [Mods Optimizer/]: | create                             | 6.0.10                 | NEOFORGE | UNKNOWN           | 2026-04-21 22:19:52 |
[14May2026 05:23:25.051] [main/INFO] [Mods Optimizer/]: | waystones                          | 21.1.30                | NEOFORGE | BOTH              | 2026-05-14 02:36:07 |
[14May2026 05:23:25.051] [main/INFO] [Mods Optimizer/]: | clumps                             | 19.0.0-1               | NEOFORGE | BOTH              | 2026-05-14 02:31:40 |
[14May2026 05:23:25.052] [main/INFO] [Mods Optimizer/]: | fastasyncworldsave                 | 2.6.0                  | NEOFORGE | BOTH              | 2026-05-14 02:34:20 |
[14May2026 05:23:25.052] [main/INFO] [Mods Optimizer/]: | journeymap                         | 1.21.1-6.0.0-beta.66   | NEOFORGE | UNKNOWN           | 2026-04-28 17:55:08 |
[14May2026 05:23:25.052] [main/INFO] [Mods Optimizer/]: | immersive_optimization             | 0.1.1                  | NEOFORGE | BOTH              | 2026-05-14 02:34:39 |
[14May2026 05:23:25.052] [main/INFO] [Mods Optimizer/]: | alternate_current                  | 1.9.0                  | NEOFORGE | BOTH              | 2026-05-14 02:31:32 |
[14May2026 05:23:25.053] [main/INFO] [Mods Optimizer/]: | artifacts                          | 13.2.1                 | NEOFORGE | BOTH              | 2026-05-14 02:31:32 |
[14May2026 05:23:25.053] [main/INFO] [Mods Optimizer/]: | mods_optimizer                     | 4.3.0                  | NEOFORGE | BOTH              | 2025-12-13 23:00:31 |
[14May2026 05:23:25.053] [main/INFO] [Mods Optimizer/]: | explorerscompass                   | 1.21.1-3.4.0-neoforge  | NEOFORGE | BOTH              | 2026-05-14 02:34:20 |
[14May2026 05:23:25.053] [main/INFO] [Mods Optimizer/]: | corpsecurioscompat                 | 4.0.1                  | NEOFORGE | BOTH              | 2026-05-14 02:33:56 |
[14May2026 05:23:25.053] [main/INFO] [Mods Optimizer/]: | bosses_of_mass_destruction         | 1.3.2                  | NEOFORGE | BOTH              | 2026-05-14 02:31:39 |
[14May2026 05:23:25.054] [main/INFO] [Mods Optimizer/]: | watut                              | 1.21.0-1.2.7           | NEOFORGE | BOTH              | 2026-05-14 02:36:06 |
[14May2026 05:23:25.054] [main/INFO] [Mods Optimizer/]: | adventuredungeons                  | 1.3.1                  | NEOFORGE | UNKNOWN           | 2026-05-14 02:31:29 |
[14May2026 05:23:25.054] [main/INFO] [Mods Optimizer/]: | travelerstitles                    | 1.21.1-NeoForge-5.1.3  | NEOFORGE | UNKNOWN           | 2026-05-14 02:35:55 |
[14May2026 05:23:25.054] [main/INFO] [Mods Optimizer/]: | toofast                            | 4.3.6                  | NEOFORGE | UNKNOWN           | 2025-07-28 12:10:25 |
[14May2026 05:23:25.055] [main/INFO] [Mods Optimizer/]: | farm_and_charm                     | 1.1.22                 | NEOFORGE | BOTH              | 2026-05-14 02:34:57 |
[14May2026 05:23:25.055] [main/INFO] [Mods Optimizer/]: | sophisticatedbackpackscreateintegration | 0.1.5                  | NEOFORGE | BOTH              | 2025-10-30 21:53:55 |
[14May2026 05:23:25.055] [main/INFO] [Mods Optimizer/]: | letsdocompat                       | 2.3.1                  | NEOFORGE | BOTH              | 2026-05-14 02:35:00 |
[14May2026 05:23:25.055] [main/INFO] [Mods Optimizer/]: | trimmed                            | 3.0.0                  | NEOFORGE | UNKNOWN           | 2024-06-13 11:22:30 |
[14May2026 05:23:25.055] [main/INFO] [Mods Optimizer/]: | smoothchunk                        | 4.1.0                  | NEOFORGE | SERVER            | 2026-05-14 02:35:47 |
[14May2026 05:23:25.056] [main/INFO] [Mods Optimizer/]: | endermanoverhaul                   | 2.0.3                  | NEOFORGE | BOTH              | 2026-05-14 02:34:19 |
[14May2026 05:23:25.056] [main/INFO] [Mods Optimizer/]: | moonlight                          | 2.29.16                | NEOFORGE | BOTH              | 2026-05-14 02:35:20 |
[14May2026 05:23:25.056] [main/INFO] [Mods Optimizer/]: | jamlib                             | 1.3.6+1.21.1           | NEOFORGE | BOTH              | 2026-05-14 02:34:40 |
[14May2026 05:23:25.056] [main/INFO] [Mods Optimizer/]: | regions_unexplored                 | 0.0.0                  | NEOFORGE | UNKNOWN           | 2026-05-14 02:35:43 |
[14May2026 05:23:25.056] [main/INFO] [Mods Optimizer/]: | necronomicon                       | 1.6.0                  | NEOFORGE | BOTH              | 2026-05-14 02:35:26 |
[14May2026 05:23:25.057] [main/INFO] [Mods Optimizer/]: | jade                               | 15.10.5+neoforge       | NEOFORGE | BOTH              | 2026-01-29 19:11:37 |
[14May2026 05:23:25.057] [main/INFO] [Mods Optimizer/]: | creativecore                       | 2.13.38                | NEOFORGE | BOTH              | 2026-04-28 13:32:05 |
[14May2026 05:23:25.057] [main/INFO] [Mods Optimizer/]: | alltheleaks                        | 1.1.6+1.21.1-neoforge  | NEOFORGE | BOTH              | 2026-05-14 02:31:32 |
[14May2026 05:23:25.057] [main/INFO] [Mods Optimizer/]: | platform                           | 1.3.0                  | NEOFORGE | BOTH              | 2026-05-14 02:35:29 |
[14May2026 05:23:25.057] [main/INFO] [Mods Optimizer/]: | cleanswing                         | 1.9.0                  | NEOFORGE | BOTH              | 2026-05-14 02:31:40 |
[14May2026 05:23:25.058] [main/INFO] [Mods Optimizer/]: | ridetogether                       | 1.0.2-1.21.1           | NEOFORGE | BOTH              | 2026-05-14 02:35:43 |
[14May2026 05:23:25.058] [main/INFO] [Mods Optimizer/]: | fastpaintings                      | 1.3.0                  | NEOFORGE | BOTH              | 2026-05-14 02:34:25 |
[14May2026 05:23:25.058] [main/INFO] [Mods Optimizer/]: | ksyxis                             | 1.3.4                  | MIXED    | BOTH              | 2026-05-14 02:34:53 |
[14May2026 05:23:25.058] [main/INFO] [Mods Optimizer/]: | structurecredits                   | 1.21.1-3.0             | NEOFORGE | BOTH              | 2026-05-14 02:35:51 |
[14May2026 05:23:25.059] [main/INFO] [Mods Optimizer/]: | mes                                | 2.0.0                  | MIXED    | DATA_PACK         | 2026-05-14 02:35:17 |
[14May2026 05:23:25.059] [main/INFO] [Mods Optimizer/]: | bocchium                           | 1.21.1-0.0.3           | NEOFORGE | UNKNOWN           | 2026-05-14 02:31:38 |
[14May2026 05:23:25.059] [main/INFO] [Mods Optimizer/]: | smoothmovement                     | 2.7.0                  | NEOFORGE | BOTH              | 2026-05-14 02:35:47 |
[14May2026 05:23:25.059] [main/INFO] [Mods Optimizer/]: | library-492433fd-4837-4589-9d72-345b5c633fb9 | 0.0.0                  | FORGE    | LIBRARY           | 2026-05-14 02:34:56 |
[14May2026 05:23:25.060] [main/INFO] [Mods Optimizer/]: | securitycraft                      | 1.10.1                 | NEOFORGE | BOTH              | 2026-05-14 02:36:11 |
[14May2026 05:23:25.060] [main/INFO] [Mods Optimizer/]: | polymorph                          | 1.1.0+1.21.1           | NEOFORGE | BOTH              | 2026-05-14 02:35:29 |
[14May2026 05:23:25.060] [main/INFO] [Mods Optimizer/]: | neobeefix                          | 1.0.8                  | NEOFORGE | BOTH              | 2026-05-14 02:35:27 |
[14May2026 05:23:25.060] [main/INFO] [Mods Optimizer/]: | immersive_paintings                | 0.7.6                  | NEOFORGE | BOTH              | 2026-05-14 02:34:39 |
[14May2026 05:23:25.061] [main/INFO] [Mods Optimizer/]: | eternalnether                      | 21.1.3                 | NEOFORGE | BOTH              | 2025-07-10 10:15:53 |
[14May2026 05:23:25.061] [main/INFO] [Mods Optimizer/]: | betterchunkloading                 | 5.4.0                  | NEOFORGE | BOTH              | 2026-05-14 02:31:33 |
[14May2026 05:23:25.061] [main/INFO] [Mods Optimizer/]: | compatdelight                      | 1.0.1-1                | NEOFORGE | BOTH              | 2026-05-14 02:31:40 |
[14May2026 05:23:25.061] [main/INFO] [Mods Optimizer/]: | minopp                             | 0.0.0                  | NEOFORGE | BOTH              | 2026-05-14 02:35:19 |
[14May2026 05:23:25.062] [main/INFO] [Mods Optimizer/]: | cosmeticcorpsecompat               | 4.0.1                  | NEOFORGE | BOTH              | 2026-05-14 02:33:56 |
[14May2026 05:23:25.062] [main/INFO] [Mods Optimizer/]: | coroutil                           | 1.21.0-1.3.8           | NEOFORGE | BOTH              | 2026-05-14 02:31:41 |
[14May2026 05:23:25.062] [main/INFO] [Mods Optimizer/]: | appleskin                          | 3.0.9+mc1.21           | NEOFORGE | BOTH              | 2026-03-31 18:18:48 |
[14May2026 05:23:25.062] [main/INFO] [Mods Optimizer/]: | creeperoverhaul                    | 4.0.6                  | NEOFORGE | BOTH              | 2026-05-14 02:33:58 |
[14May2026 05:23:25.063] [main/INFO] [Mods Optimizer/]: | mvs                                | 5.0.8                  | MIXED    | DATA_PACK         | 2026-05-14 02:35:19 |
[14May2026 05:23:25.063] [main/INFO] [Mods Optimizer/]: | oceansdelight                      | 1.0.4                  | NEOFORGE | BOTH              | 2026-05-14 02:35:27 |
[14May2026 05:23:25.063] [main/INFO] [Mods Optimizer/]: | ferritecore                        | 7.0.3                  | NEOFORGE | BOTH              | 2026-01-25 13:59:39 |
[14May2026 05:23:25.063] [main/INFO] [Mods Optimizer/]: | lootr                              | 1.21.1-1.11.37.118     | NEOFORGE | BOTH              | 2026-05-14 02:35:01 |
[14May2026 05:23:25.063] [main/INFO] [Mods Optimizer/]: | yet_another_config_lib_v3          | 3.8.2+1.21.1-neoforge  | NEOFORGE | UNKNOWN           | 2026-05-14 02:36:08 |
[14May2026 05:23:25.064] [main/INFO] [Mods Optimizer/]: | gnetum                             | 3.2.5                  | NEOFORGE | BOTH              | 2026-05-14 02:34:34 |
[14May2026 05:23:25.064] [main/INFO] [Mods Optimizer/]: | mythsandlegends                    | 0.0.0                  | NEOFORGE | BOTH              | 2026-05-14 02:35:23 |
[14May2026 05:23:25.064] [main/INFO] [Mods Optimizer/]: | puzzleslib                         | 21.1.39                | NEOFORGE | BOTH              | 2025-10-23 10:58:23 |
[14May2026 05:23:25.064] [main/INFO] [Mods Optimizer/]: | charmofundying                     | 9.1.0+1.21.1           | NEOFORGE | BOTH              | 2026-05-14 02:31:40 |
[14May2026 05:23:25.065] [main/INFO] [Mods Optimizer/]: | addonslib                          | 1.21.1-1.10            | NEOFORGE | BOTH              | 2026-05-14 02:31:32 |
[14May2026 05:23:25.065] [main/INFO] [Mods Optimizer/]: | mns                                | 2.0.31                 | MIXED    | DATA_PACK         | 2026-05-14 02:35:18 |
[14May2026 05:23:25.066] [main/INFO] [Mods Optimizer/]: | cosmeticarmorreworked              | 1.21.1-v1-neoforge     | NEOFORGE | BOTH              | 2026-05-14 02:33:56 |
[14May2026 05:23:25.066] [main/INFO] [Mods Optimizer/]: | chunksending                       | 2.8.0                  | NEOFORGE | BOTH              | 2026-05-14 02:31:40 |
[14May2026 05:23:25.066] [main/INFO] [Mods Optimizer/]: | betterend                          | 21.0.24                | NEOFORGE | BOTH              | 2026-05-14 02:31:33 |
[14May2026 05:23:25.066] [main/INFO] [Mods Optimizer/]: | cristellib                         | 3.0.3                  | NEOFORGE | BOTH              | 2026-05-14 02:33:56 |
[14May2026 05:23:25.066] [main/INFO] [Mods Optimizer/]: | defaultoptions                     | 21.1.5                 | NEOFORGE | BOTH              | 2026-05-14 02:33:56 |
[14May2026 05:23:25.067] [main/INFO] [Mods Optimizer/]: -------------------------------------------------------------------------------------------------------------------
[14May2026 05:23:25.068] [main/INFO] [Mods Optimizer/]: ♻ Parsed 189 mods in 694 ms.
[14May2026 05:23:25.068] [main/INFO] [Mods Optimizer/]: ✔ No duplicated mods found.
[14May2026 05:23:25.068] [main/WARN] [Mods Optimizer/]: ✔ No mods for client-side checks found!
[14May2026 05:23:25.068] [main/INFO] [Mods Optimizer/]: ⏱ Mod Optimizer needs 821 ms in total.
[14May2026 05:23:25.646] [main/INFO] [net.neoforged.fml.loading.moddiscovery.ModDiscoverer/SCAN]: Found mod file "server-1.21.1-20240808.144430-srg.jar" [locator: production server provider +net.neoforged:neoforge:21.1.228:server]
[14May2026 05:23:25.666] [main/INFO] [net.neoforged.fml.loading.moddiscovery.ModDiscoverer/SCAN]: Found mod file "neoforge-21.1.228-universal.jar" [locator: PathBasedLocator[name=neoforge, paths=[libraries/net/neoforged/neoforge/21.1.228/neoforge-21.1.228-universal.jar]], reader: mod manifest]
[14May2026 05:23:25.683] [main/INFO] [net.neoforged.fml.loading.moddiscovery.ModDiscoverer/SCAN]: Found mod file "[1.21.1] SecurityCraft v1.10.1.jar" [locator: {mods folder locator at /workspaces/servidor-PENEPRONIANOOO/servidor_minecraft/mods}, reader: mod manifest]
[14May2026 05:23:25.688] [main/INFO] [net.neoforged.fml.loading.moddiscovery.ModDiscoverer/SCAN]: Found mod file "[Neoforge]ctov-3.6.3.jar" [locator: {mods folder locator at /workspaces/servidor-PENEPRONIANOOO/servidor_minecraft/mods}, reader: mod manifest]
[14May2026 05:23:25.691] [main/INFO] [net.neoforged.fml.loading.moddiscovery.ModDiscoverer/SCAN]: Found mod file "abridged-2.0.1-neoforge-1.21.1.jar" [locator: {mods folder locator at /workspaces/servidor-PENEPRONIANOOO/servidor_minecraft/mods}, reader: mod manifest]
[14May2026 05:23:25.693] [main/INFO] [net.neoforged.fml.loading.moddiscovery.ModDiscoverer/SCAN]: Found mod file "AchievementOptimizer-neoforge-1.21.1-2.1.0.jar" [locator: {mods folder locator at /workspaces/servidor-PENEPRONIANOOO/servidor_minecraft/mods}, reader: mod manifest]
[14May2026 05:23:25.696] [main/INFO] [net.neoforged.fml.loading.moddiscovery.ModDiscoverer/SCAN]: Found mod file "addonslib-neoforge-1.21.1-1.10.jar" [locator: {mods folder locator at /workspaces/servidor-PENEPRONIANOOO/servidor_minecraft/mods}, reader: mod manifest]
[14May2026 05:23:25.699] [main/INFO] [net.neoforged.fml.loading.moddiscovery.ModDiscoverer/SCAN]: Found mod file "adventuredungeons-neoforge-1.21-1.3.1.jar" [locator: {mods folder locator at /workspaces/servidor-PENEPRONIANOOO/servidor_minecraft/mods}, reader: mod manifest]
[14May2026 05:23:25.701] [main/INFO] [net.neoforged.fml.loading.moddiscovery.ModDiscoverer/SCAN]: Found mod file "AI-Improvements-1.21-0.5.3.jar" [locator: {mods folder locator at /workspaces/servidor-PENEPRONIANOOO/servidor_minecraft/mods}, reader: mod manifest]
[14May2026 05:23:25.706] [main/INFO] [net.neoforged.fml.loading.moddiscovery.ModDiscoverer/SCAN]: Found mod file "alltheleaks-1.1.6+1.21.1-neoforge.jar" [locator: {mods folder locator at /workspaces/servidor-PENEPRONIANOOO/servidor_minecraft/mods}, reader: mod manifest]
[14May2026 05:23:25.709] [main/INFO] [net.neoforged.fml.loading.moddiscovery.ModDiscoverer/SCAN]: Found mod file "alternate_current-mc1.21-1.9.0.jar" [locator: {mods folder locator at /workspaces/servidor-PENEPRONIANOOO/servidor_minecraft/mods}, reader: mod manifest]
[14May2026 05:23:25.710] [main/INFO] [net.neoforged.fml.loading.moddiscovery.ModDiscoverer/SCAN]: Found mod file "appleskin-neoforge-mc1.21-3.0.9.jar" [locator: {mods folder locator at /workspaces/servidor-PENEPRONIANOOO/servidor_minecraft/mods}, reader: mod manifest]
[14May2026 05:23:25.712] [main/INFO] [net.neoforged.fml.loading.moddiscovery.ModDiscoverer/SCAN]: Found mod file "architectury-13.0.8-neoforge.jar" [locator: {mods folder locator at /workspaces/servidor-PENEPRONIANOOO/servidor_minecraft/mods}, reader: mod manifest]
[14May2026 05:23:25.714] [main/INFO] [net.neoforged.fml.loading.moddiscovery.ModDiscoverer/SCAN]: Found mod file "artifacts-neoforge-13.2.1.jar" [locator: {mods folder locator at /workspaces/servidor-PENEPRONIANOOO/servidor_minecraft/mods}, reader: mod manifest]
[14May2026 05:23:25.716] [main/INFO] [net.neoforged.fml.loading.moddiscovery.ModDiscoverer/SCAN]: Found mod file "artifactscrafting-1.1.0-RPG.jar" [locator: {mods folder locator at /workspaces/servidor-PENEPRONIANOOO/servidor_minecraft/mods}, reader: mod manifest]
[14May2026 05:23:25.719] [main/INFO] [net.neoforged.fml.loading.moddiscovery.ModDiscoverer/SCAN]: Found mod file "astikorcartsredux-1.2.2.jar" [locator: {mods folder locator at /workspaces/servidor-PENEPRONIANOOO/servidor_minecraft/mods}, reader: mod manifest]
[14May2026 05:23:25.721] [main/INFO] [net.neoforged.fml.loading.moddiscovery.ModDiscoverer/SCAN]: Found mod file "ATi Structures Vanilla V1.4.4 (1.21+).jar" [locator: {mods folder locator at /workspaces/servidor-PENEPRONIANOOO/servidor_minecraft/mods}, reader: mod manifest]
[14May2026 05:23:25.723] [main/INFO] [net.neoforged.fml.loading.moddiscovery.ModDiscoverer/SCAN]: Found mod file "attributefix-neoforge-1.21.1-21.1.3.jar" [locator: {mods folder locator at /workspaces/servidor-PENEPRONIANOOO/servidor_minecraft/mods}, reader: mod manifest]
[14May2026 05:23:25.725] [main/INFO] [net.neoforged.fml.loading.moddiscovery.ModDiscoverer/SCAN]: Found mod file "baguettelib-1.21.1-NeoForge-2.0.3.jar" [locator: {mods folder locator at /workspaces/servidor-PENEPRONIANOOO/servidor_minecraft/mods}, reader: mod manifest]
[14May2026 05:23:25.727] [main/INFO] [net.neoforged.fml.loading.moddiscovery.ModDiscoverer/SCAN]: Found mod file "balm-neoforge-1.21.1-21.0.56.jar" [locator: {mods folder locator at /workspaces/servidor-PENEPRONIANOOO/servidor_minecraft/mods}, reader: mod manifest]
[14May2026 05:23:25.730] [main/INFO] [net.neoforged.fml.loading.moddiscovery.ModDiscoverer/SCAN]: Found mod file "bclib-21.0.20.jar" [locator: {mods folder locator at /workspaces/servidor-PENEPRONIANOOO/servidor_minecraft/mods}, reader: mod manifest]
[14May2026 05:23:25.731] [main/INFO] [net.neoforged.fml.loading.moddiscovery.ModDiscoverer/SCAN]: Found mod file "betterchunkloading-1.21-5.4.jar" [locator: {mods folder locator at /workspaces/servidor-PENEPRONIANOOO/servidor_minecraft/mods}, reader: mod manifest]
[14May2026 05:23:25.736] [main/INFO] [net.neoforged.fml.loading.moddiscovery.ModDiscoverer/SCAN]: Found mod file "BetterEnd-21.0.24.jar" [locator: {mods folder locator at /workspaces/servidor-PENEPRONIANOOO/servidor_minecraft/mods}, reader: mod manifest]
[14May2026 05:23:25.738] [main/INFO] [net.neoforged.fml.loading.moddiscovery.ModDiscoverer/SCAN]: Found mod file "biolith-neoforge-3.0.10.jar" [locator: {mods folder locator at /workspaces/servidor-PENEPRONIANOOO/servidor_minecraft/mods}, reader: mod manifest]
[14May2026 05:23:25.741] [main/INFO] [net.neoforged.fml.loading.moddiscovery.ModDiscoverer/SCAN]: Found mod file "block_factorys_bosses-2.0.12-neo-1.21.1.jar" [locator: {mods folder locator at /workspaces/servidor-PENEPRONIANOOO/servidor_minecraft/mods}, reader: mod manifest]
[14May2026 05:23:25.742] [main/INFO] [net.neoforged.fml.loading.moddiscovery.ModDiscoverer/SCAN]: Found mod file "bocchium-1.21.1-0.0.3.jar" [locator: {mods folder locator at /workspaces/servidor-PENEPRONIANOOO/servidor_minecraft/mods}, reader: mod manifest]
[14May2026 05:23:25.744] [main/INFO] [net.neoforged.fml.loading.moddiscovery.ModDiscoverer/SCAN]: Found mod file "BOMD-NeoForge-1.21-1.3.2.jar" [locator: {mods folder locator at /workspaces/servidor-PENEPRONIANOOO/servidor_minecraft/mods}, reader: mod manifest]
[14May2026 05:23:25.746] [main/INFO] [net.neoforged.fml.loading.moddiscovery.ModDiscoverer/SCAN]: Found mod file "bookshelf-neoforge-1.21.1-21.1.81.jar" [locator: {mods folder locator at /workspaces/servidor-PENEPRONIANOOO/servidor_minecraft/mods}, reader: mod manifest]
[14May2026 05:23:25.747] [main/INFO] [net.neoforged.fml.loading.moddiscovery.ModDiscoverer/SCAN]: Found mod file "boss_checklist-neoforge-5.0.1.jar" [locator: {mods folder locator at /workspaces/servidor-PENEPRONIANOOO/servidor_minecraft/mods}, reader: mod manifest]
[14May2026 05:23:25.749] [main/INFO] [net.neoforged.fml.loading.moddiscovery.ModDiscoverer/SCAN]: Found mod file "caelus-neoforge-7.0.1+1.21.1.jar" [locator: {mods folder locator at /workspaces/servidor-PENEPRONIANOOO/servidor_minecraft/mods}, reader: mod manifest]
[14May2026 05:23:25.750] [main/INFO] [net.neoforged.fml.loading.moddiscovery.ModDiscoverer/SCAN]: Found mod file "carrasconlib-neoforge-1.21.1-0.1.jar" [locator: {mods folder locator at /workspaces/servidor-PENEPRONIANOOO/servidor_minecraft/mods}, reader: mod manifest]
[14May2026 05:23:25.752] [main/INFO] [net.neoforged.fml.loading.moddiscovery.ModDiscoverer/SCAN]: Found mod file "CerbonsAPI-NeoForge-1.21-1.3.0.jar" [locator: {mods folder locator at /workspaces/servidor-PENEPRONIANOOO/servidor_minecraft/mods}, reader: mod manifest]
[14May2026 05:23:25.753] [main/INFO] [net.neoforged.fml.loading.moddiscovery.ModDiscoverer/SCAN]: Found mod file "charmofundying-neoforge-9.1.0+1.21.1.jar" [locator: {mods folder locator at /workspaces/servidor-PENEPRONIANOOO/servidor_minecraft/mods}, reader: mod manifest]
[14May2026 05:23:25.754] [main/INFO] [net.neoforged.fml.loading.moddiscovery.ModDiscoverer/SCAN]: Found mod file "chunksending-1.21-2.8.jar" [locator: {mods folder locator at /workspaces/servidor-PENEPRONIANOOO/servidor_minecraft/mods}, reader: mod manifest]
[14May2026 05:23:25.756] [main/INFO] [net.neoforged.fml.loading.moddiscovery.ModDiscoverer/SCAN]: Found mod file "Chunky-NeoForge-1.4.23.jar" [locator: {mods folder locator at /workspaces/servidor-PENEPRONIANOOO/servidor_minecraft/mods}, reader: mod manifest]
[14May2026 05:23:25.758] [main/INFO] [net.neoforged.fml.loading.moddiscovery.ModDiscoverer/SCAN]: Found mod file "cleanswing-1.9.jar" [locator: {mods folder locator at /workspaces/servidor-PENEPRONIANOOO/servidor_minecraft/mods}, reader: mod manifest]
[14May2026 05:23:25.759] [main/INFO] [net.neoforged.fml.loading.moddiscovery.ModDiscoverer/SCAN]: Found mod file "clientcrafting-1.21-1.8.jar" [locator: {mods folder locator at /workspaces/servidor-PENEPRONIANOOO/servidor_minecraft/mods}, reader: mod manifest]
[14May2026 05:23:25.761] [main/INFO] [net.neoforged.fml.loading.moddiscovery.ModDiscoverer/SCAN]: Found mod file "cloth-config-15.0.140-neoforge.jar" [locator: {mods folder locator at /workspaces/servidor-PENEPRONIANOOO/servidor_minecraft/mods}, reader: mod manifest]
[14May2026 05:23:25.763] [main/INFO] [net.neoforged.fml.loading.moddiscovery.ModDiscoverer/SCAN]: Found mod file "Clumps-neoforge-1.21.1-19.0.0.1.jar" [locator: {mods folder locator at /workspaces/servidor-PENEPRONIANOOO/servidor_minecraft/mods}, reader: mod manifest]
[14May2026 05:23:25.767] [main/INFO] [net.neoforged.fml.loading.moddiscovery.ModDiscoverer/SCAN]: Found mod file "compatdelight-1.0.1.1.jar" [locator: {mods folder locator at /workspaces/servidor-PENEPRONIANOOO/servidor_minecraft/mods}, reader: mod manifest]
[14May2026 05:23:25.769] [main/INFO] [net.neoforged.fml.loading.moddiscovery.ModDiscoverer/SCAN]: Found mod file "connectivity-1.21.1-7.6.jar" [locator: {mods folder locator at /workspaces/servidor-PENEPRONIANOOO/servidor_minecraft/mods}, reader: mod manifest]
[14May2026 05:23:25.771] [main/INFO] [net.neoforged.fml.loading.moddiscovery.ModDiscoverer/SCAN]: Found mod file "copperagebackport-neoforge-1.21.1-0.1.4.jar" [locator: {mods folder locator at /workspaces/servidor-PENEPRONIANOOO/servidor_minecraft/mods}, reader: mod manifest]
[14May2026 05:23:25.773] [main/INFO] [net.neoforged.fml.loading.moddiscovery.ModDiscoverer/SCAN]: Found mod file "coroutil-neoforge-1.21.0-1.3.8.jar" [locator: {mods folder locator at /workspaces/servidor-PENEPRONIANOOO/servidor_minecraft/mods}, reader: mod manifest]
[14May2026 05:23:25.775] [main/INFO] [net.neoforged.fml.loading.moddiscovery.ModDiscoverer/SCAN]: Found mod file "corpse-neoforge-1.21.1-1.1.13.jar" [locator: {mods folder locator at /workspaces/servidor-PENEPRONIANOOO/servidor_minecraft/mods}, reader: mod manifest]
[14May2026 05:23:25.777] [main/INFO] [net.neoforged.fml.loading.moddiscovery.ModDiscoverer/SCAN]: Found mod file "corpsecurioscompat-1.21.1-NeoForge-4.0.1.jar" [locator: {mods folder locator at /workspaces/servidor-PENEPRONIANOOO/servidor_minecraft/mods}, reader: mod manifest]
[14May2026 05:23:25.780] [main/INFO] [net.neoforged.fml.loading.moddiscovery.ModDiscoverer/SCAN]: Found mod file "cosmeticarmorreworked-1.21.1-v1-neoforge.jar" [locator: {mods folder locator at /workspaces/servidor-PENEPRONIANOOO/servidor_minecraft/mods}, reader: mod manifest]
[14May2026 05:23:25.781] [main/INFO] [net.neoforged.fml.loading.moddiscovery.ModDiscoverer/SCAN]: Found mod file "cosmeticcorpsecompat-1.21.1-NeoForge-4.0.1.jar" [locator: {mods folder locator at /workspaces/servidor-PENEPRONIANOOO/servidor_minecraft/mods}, reader: mod manifest]
[14May2026 05:23:25.788] [main/INFO] [net.neoforged.fml.loading.moddiscovery.ModDiscoverer/SCAN]: Found mod file "crashexploitfixer-neoforge-1.1.0+1.21.jar" [locator: {mods folder locator at /workspaces/servidor-PENEPRONIANOOO/servidor_minecraft/mods}, reader: mod manifest]
[14May2026 05:23:25.794] [main/INFO] [net.neoforged.fml.loading.moddiscovery.ModDiscoverer/SCAN]: Found mod file "create-1.21.1-6.0.10.jar" [locator: {mods folder locator at /workspaces/servidor-PENEPRONIANOOO/servidor_minecraft/mods}, reader: mod manifest]
[14May2026 05:23:25.796] [main/INFO] [net.neoforged.fml.loading.moddiscovery.ModDiscoverer/SCAN]: Found mod file "createbetterfps-1.21.1-1.1.4.jar" [locator: {mods folder locator at /workspaces/servidor-PENEPRONIANOOO/servidor_minecraft/mods}, reader: mod manifest]
[14May2026 05:23:25.797] [main/INFO] [net.neoforged.fml.loading.moddiscovery.ModDiscoverer/SCAN]: Found mod file "CreativeCore_NEOFORGE_v2.13.38_mc1.21.1.jar" [locator: {mods folder locator at /workspaces/servidor-PENEPRONIANOOO/servidor_minecraft/mods}, reader: mod manifest]
[14May2026 05:23:25.799] [main/INFO] [net.neoforged.fml.loading.moddiscovery.ModDiscoverer/SCAN]: Found mod file "CreeperOverhaul-neoforge-1.21.1-4.0.6.jar" [locator: {mods folder locator at /workspaces/servidor-PENEPRONIANOOO/servidor_minecraft/mods}, reader: mod manifest]
[14May2026 05:23:25.800] [main/INFO] [net.neoforged.fml.loading.moddiscovery.ModDiscoverer/SCAN]: Found mod file "cristellib-neoforge-1.21.1-3.0.3.jar" [locator: {mods folder locator at /workspaces/servidor-PENEPRONIANOOO/servidor_minecraft/mods}, reader: mod manifest]
[14May2026 05:23:25.802] [main/INFO] [net.neoforged.fml.loading.moddiscovery.ModDiscoverer/SCAN]: Found mod file "cupboard-1.21-2.9.jar" [locator: {mods folder locator at /workspaces/servidor-PENEPRONIANOOO/servidor_minecraft/mods}, reader: mod manifest]
[14May2026 05:23:25.804] [main/INFO] [net.neoforged.fml.loading.moddiscovery.ModDiscoverer/SCAN]: Found mod file "curios-neoforge-9.5.1+1.21.1.jar" [locator: {mods folder locator at /workspaces/servidor-PENEPRONIANOOO/servidor_minecraft/mods}, reader: mod manifest]
[14May2026 05:23:25.807] [main/INFO] [net.neoforged.fml.loading.moddiscovery.ModDiscoverer/SCAN]: Found mod file "deeperdarker-neoforge-1.21.1-1.4.jar" [locator: {mods folder locator at /workspaces/servidor-PENEPRONIANOOO/servidor_minecraft/mods}, reader: mod manifest]
[14May2026 05:23:25.808] [main/INFO] [net.neoforged.fml.loading.moddiscovery.ModDiscoverer/SCAN]: Found mod file "defaultoptions-neoforge-1.21.1-21.1.5.jar" [locator: {mods folder locator at /workspaces/servidor-PENEPRONIANOOO/servidor_minecraft/mods}, reader: mod manifest]
[14May2026 05:23:25.810] [main/INFO] [net.neoforged.fml.loading.moddiscovery.ModDiscoverer/SCAN]: Found mod file "despawntweaker-1.21.1-NeoForge-1.0.0.jar" [locator: {mods folder locator at /workspaces/servidor-PENEPRONIANOOO/servidor_minecraft/mods}, reader: mod manifest]
[14May2026 05:23:25.814] [main/INFO] [net.neoforged.fml.loading.moddiscovery.ModDiscoverer/SCAN]: Found mod file "dungeons-and-taverns-v4.4.4 [NeoForge].jar" [locator: {mods folder locator at /workspaces/servidor-PENEPRONIANOOO/servidor_minecraft/mods}, reader: mod manifest]
[14May2026 05:23:25.816] [main/INFO] [net.neoforged.fml.loading.moddiscovery.ModDiscoverer/SCAN]: Found mod file "dynview-1.21-4.0.jar" [locator: {mods folder locator at /workspaces/servidor-PENEPRONIANOOO/servidor_minecraft/mods}, reader: mod manifest]
[14May2026 05:23:25.817] [main/INFO] [net.neoforged.fml.loading.moddiscovery.ModDiscoverer/SCAN]: Found mod file "echoes_of_the_end__structures_-11.00.12 Release-neoforge-1.21.1.jar" [locator: {mods folder locator at /workspaces/servidor-PENEPRONIANOOO/servidor_minecraft/mods}, reader: mod manifest]
[14May2026 05:23:25.824] [main/INFO] [net.neoforged.fml.loading.moddiscovery.ModDiscoverer/SCAN]: Found mod file "edf-remastered-5.0-beta4.jar" [locator: {mods folder locator at /workspaces/servidor-PENEPRONIANOOO/servidor_minecraft/mods}, reader: mod manifest]
[14May2026 05:23:25.827] [main/INFO] [net.neoforged.fml.loading.moddiscovery.ModDiscoverer/SCAN]: Found mod file "elytra-slot-customcompat-neoforge-1.2.0-1.21.1.jar" [locator: {mods folder locator at /workspaces/servidor-PENEPRONIANOOO/servidor_minecraft/mods}, reader: mod manifest]
[14May2026 05:23:25.828] [main/INFO] [net.neoforged.fml.loading.moddiscovery.ModDiscoverer/SCAN]: Found mod file "elytraslot-neoforge-9.0.2+1.21.1.jar" [locator: {mods folder locator at /workspaces/servidor-PENEPRONIANOOO/servidor_minecraft/mods}, reader: mod manifest]
[14May2026 05:23:25.831] [main/INFO] [net.neoforged.fml.loading.moddiscovery.ModDiscoverer/SCAN]: Found mod file "endermanoverhaul-neoforge-1.21.1-2.0.3.jar" [locator: {mods folder locator at /workspaces/servidor-PENEPRONIANOOO/servidor_minecraft/mods}, reader: mod manifest]
[14May2026 05:23:25.834] [main/INFO] [net.neoforged.fml.loading.moddiscovery.ModDiscoverer/SCAN]: Found mod file "endrem-neoforge-1.21.X-6.0.2.jar" [locator: {mods folder locator at /workspaces/servidor-PENEPRONIANOOO/servidor_minecraft/mods}, reader: mod manifest]
[14May2026 05:23:25.835] [main/INFO] [net.neoforged.fml.loading.moddiscovery.ModDiscoverer/SCAN]: Found mod file "ends_delight-2.5.1+neoforge.1.21.1.jar" [locator: {mods folder locator at /workspaces/servidor-PENEPRONIANOOO/servidor_minecraft/mods}, reader: mod manifest]
[14May2026 05:23:25.839] [main/INFO] [net.neoforged.fml.loading.moddiscovery.ModDiscoverer/SCAN]: Found mod file "EternalNether-v21.1.3-1.21.1-NeoForge.jar" [locator: {mods folder locator at /workspaces/servidor-PENEPRONIANOOO/servidor_minecraft/mods}, reader: mod manifest]
[14May2026 05:23:25.841] [main/INFO] [net.neoforged.fml.loading.moddiscovery.ModDiscoverer/SCAN]: Found mod file "ExplorersCompass-1.21.1-3.4.0-neoforge.jar" [locator: {mods folder locator at /workspaces/servidor-PENEPRONIANOOO/servidor_minecraft/mods}, reader: mod manifest]
[14May2026 05:23:25.842] [main/INFO] [net.neoforged.fml.loading.moddiscovery.ModDiscoverer/SCAN]: Found mod file "faewulf_lib-neoforge-1.21.1-1.3.2.jar" [locator: {mods folder locator at /workspaces/servidor-PENEPRONIANOOO/servidor_minecraft/mods}, reader: mod manifest]
[14May2026 05:23:25.844] [main/INFO] [net.neoforged.fml.loading.moddiscovery.ModDiscoverer/SCAN]: Found mod file "FallingTree-1.21.1-1.21.1.11.jar" [locator: {mods folder locator at /workspaces/servidor-PENEPRONIANOOO/servidor_minecraft/mods}, reader: mod manifest]
[14May2026 05:23:25.846] [main/INFO] [net.neoforged.fml.loading.moddiscovery.ModDiscoverer/SCAN]: Found mod file "FarmersDelight-1.21.1-1.3.0.jar" [locator: {mods folder locator at /workspaces/servidor-PENEPRONIANOOO/servidor_minecraft/mods}, reader: mod manifest]
[14May2026 05:23:25.848] [main/INFO] [net.neoforged.fml.loading.moddiscovery.ModDiscoverer/SCAN]: Found mod file "fast-ip-ping-v1.0.8-mc1.21.1-neoforge.jar" [locator: {mods folder locator at /workspaces/servidor-PENEPRONIANOOO/servidor_minecraft/mods}, reader: mod manifest]
[14May2026 05:23:25.849] [main/INFO] [net.neoforged.fml.loading.moddiscovery.ModDiscoverer/SCAN]: Found mod file "fastasyncworldsave-1.21-2.6.jar" [locator: {mods folder locator at /workspaces/servidor-PENEPRONIANOOO/servidor_minecraft/mods}, reader: mod manifest]
[14May2026 05:23:25.850] [main/INFO] [net.neoforged.fml.loading.moddiscovery.ModDiscoverer/SCAN]: Found mod file "FastItemFrames-v21.1.6-1.21.1-NeoForge.jar" [locator: {mods folder locator at /workspaces/servidor-PENEPRONIANOOO/servidor_minecraft/mods}, reader: mod manifest]
[14May2026 05:23:25.851] [main/INFO] [net.neoforged.fml.loading.moddiscovery.ModDiscoverer/SCAN]: Found mod file "fastpaintings-1.21-1.3.0-neoforge.jar" [locator: {mods folder locator at /workspaces/servidor-PENEPRONIANOOO/servidor_minecraft/mods}, reader: mod manifest]
[14May2026 05:23:25.856] [main/INFO] [net.neoforged.fml.loading.moddiscovery.ModDiscoverer/SCAN]: Found mod file "ferritecore-7.0.3-neoforge.jar" [locator: {mods folder locator at /workspaces/servidor-PENEPRONIANOOO/servidor_minecraft/mods}, reader: mod manifest]
[14May2026 05:23:25.857] [main/INFO] [net.neoforged.fml.loading.moddiscovery.ModDiscoverer/SCAN]: Found mod file "framework-neoforge-1.21.1-0.13.11.jar" [locator: {mods folder locator at /workspaces/servidor-PENEPRONIANOOO/servidor_minecraft/mods}, reader: mod manifest]
[14May2026 05:23:25.859] [main/INFO] [net.neoforged.fml.loading.moddiscovery.ModDiscoverer/SCAN]: Found mod file "fzzy_config-0.7.6+1.21+neoforge.jar" [locator: {mods folder locator at /workspaces/servidor-PENEPRONIANOOO/servidor_minecraft/mods}, reader: mod manifest]
[14May2026 05:23:25.861] [main/INFO] [net.neoforged.fml.loading.moddiscovery.ModDiscoverer/SCAN]: Found mod file "Galosphere-1.21.1-1.5.3-NeoForge.jar" [locator: {mods folder locator at /workspaces/servidor-PENEPRONIANOOO/servidor_minecraft/mods}, reader: mod manifest]
[14May2026 05:23:25.863] [main/INFO] [net.neoforged.fml.loading.moddiscovery.ModDiscoverer/SCAN]: Found mod file "geckolib-neoforge-1.21.1-4.8.4.jar" [locator: {mods folder locator at /workspaces/servidor-PENEPRONIANOOO/servidor_minecraft/mods}, reader: mod manifest]
[14May2026 05:23:25.864] [main/INFO] [net.neoforged.fml.loading.moddiscovery.ModDiscoverer/SCAN]: Found mod file "globalxp-neoforge-1.21.1-1.12.jar" [locator: {mods folder locator at /workspaces/servidor-PENEPRONIANOOO/servidor_minecraft/mods}, reader: mod manifest]
[14May2026 05:23:25.866] [main/INFO] [net.neoforged.fml.loading.moddiscovery.ModDiscoverer/SCAN]: Found mod file "gnetum-3.2.5.jar" [locator: {mods folder locator at /workspaces/servidor-PENEPRONIANOOO/servidor_minecraft/mods}, reader: mod manifest]
[14May2026 05:23:25.867] [main/INFO] [net.neoforged.fml.loading.moddiscovery.ModDiscoverer/SCAN]: Found mod file "goblintraders-neoforge-1.21.1-1.11.2.jar" [locator: {mods folder locator at /workspaces/servidor-PENEPRONIANOOO/servidor_minecraft/mods}, reader: mod manifest]
[14May2026 05:23:25.868] [main/INFO] [net.neoforged.fml.loading.moddiscovery.ModDiscoverer/SCAN]: Found mod file "gpumemleakfix-1.21-1.8.jar" [locator: {mods folder locator at /workspaces/servidor-PENEPRONIANOOO/servidor_minecraft/mods}, reader: mod manifest]
[14May2026 05:23:25.870] [main/INFO] [net.neoforged.fml.loading.moddiscovery.ModDiscoverer/SCAN]: Found mod file "grim-kingdoms-lost-structures-ruins-v1.0.3 1.21.jar" [locator: {mods folder locator at /workspaces/servidor-PENEPRONIANOOO/servidor_minecraft/mods}, reader: mod manifest]
[14May2026 05:23:25.872] [main/INFO] [net.neoforged.fml.loading.moddiscovery.ModDiscoverer/SCAN]: Found mod file "hammers-2.1.5-1.21.1-neoforge.jar" [locator: {mods folder locator at /workspaces/servidor-PENEPRONIANOOO/servidor_minecraft/mods}, reader: mod manifest]
[14May2026 05:23:25.874] [main/INFO] [net.neoforged.fml.loading.moddiscovery.ModDiscoverer/SCAN]: Found mod file "immersive_optimization-neoforge-1.21-0.1.1.jar" [locator: {mods folder locator at /workspaces/servidor-PENEPRONIANOOO/servidor_minecraft/mods}, reader: mod manifest]
[14May2026 05:23:25.876] [main/INFO] [net.neoforged.fml.loading.moddiscovery.ModDiscoverer/SCAN]: Found mod file "immersive_paintings-neoforge-1.21.1-0.7.6.jar" [locator: {mods folder locator at /workspaces/servidor-PENEPRONIANOOO/servidor_minecraft/mods}, reader: mod manifest]
[14May2026 05:23:25.877] [main/INFO] [net.neoforged.fml.loading.moddiscovery.ModDiscoverer/SCAN]: Found mod file "Item-Obliterator-NeoForge-MC1.21.1-2.3.0.jar" [locator: {mods folder locator at /workspaces/servidor-PENEPRONIANOOO/servidor_minecraft/mods}, reader: mod manifest]
[14May2026 05:23:25.879] [main/INFO] [net.neoforged.fml.loading.moddiscovery.ModDiscoverer/SCAN]: Found mod file "Jade-1.21.1-NeoForge-15.10.5.jar" [locator: {mods folder locator at /workspaces/servidor-PENEPRONIANOOO/servidor_minecraft/mods}, reader: mod manifest]
[14May2026 05:23:25.880] [main/INFO] [net.neoforged.fml.loading.moddiscovery.ModDiscoverer/SCAN]: Found mod file "jamlib-neoforge-1.3.6+1.21.1.jar" [locator: {mods folder locator at /workspaces/servidor-PENEPRONIANOOO/servidor_minecraft/mods}, reader: mod manifest]
[14May2026 05:23:25.882] [main/INFO] [net.neoforged.fml.loading.moddiscovery.ModDiscoverer/SCAN]: Found mod file "jei-1.21.1-neoforge-19.27.0.340.jar" [locator: {mods folder locator at /workspaces/servidor-PENEPRONIANOOO/servidor_minecraft/mods}, reader: mod manifest]
[14May2026 05:23:25.884] [main/INFO] [net.neoforged.fml.loading.moddiscovery.ModDiscoverer/SCAN]: Found mod file "journeymap-neoforge-1.21.1-6.0.0-beta.66.jar" [locator: {mods folder locator at /workspaces/servidor-PENEPRONIANOOO/servidor_minecraft/mods}, reader: mod manifest]
[14May2026 05:23:25.886] [main/INFO] [net.neoforged.fml.loading.moddiscovery.ModDiscoverer/SCAN]: Found mod file "kleeslabs-neoforge-1.21.1-21.1.10.jar" [locator: {mods folder locator at /workspaces/servidor-PENEPRONIANOOO/servidor_minecraft/mods}, reader: mod manifest]
[14May2026 05:23:25.888] [main/INFO] [net.neoforged.fml.loading.moddiscovery.ModDiscoverer/SCAN]: Found library file "kotlinforforge-5.11.0-all.jar" [locator: {mods folder locator at /workspaces/servidor-PENEPRONIANOOO/servidor_minecraft/mods}, reader: mod manifest]
[14May2026 05:23:25.889] [main/INFO] [net.neoforged.fml.loading.moddiscovery.ModDiscoverer/SCAN]: Found mod file "krypton_fnp-neoforge-1.21.1-0.2.28.1-1.21.1.jar" [locator: {mods folder locator at /workspaces/servidor-PENEPRONIANOOO/servidor_minecraft/mods}, reader: mod manifest]
[14May2026 05:23:25.890] [main/INFO] [net.neoforged.fml.loading.moddiscovery.ModDiscoverer/SCAN]: Found mod file "Ksyxis-1.3.4.jar" [locator: {mods folder locator at /workspaces/servidor-PENEPRONIANOOO/servidor_minecraft/mods}, reader: mod manifest]
[14May2026 05:23:25.894] [main/INFO] [net.neoforged.fml.loading.moddiscovery.ModDiscoverer/SCAN]: Found mod file "L_Ender's Cataclysm 1.21.1-3.27.jar" [locator: {mods folder locator at /workspaces/servidor-PENEPRONIANOOO/servidor_minecraft/mods}, reader: mod manifest]
[14May2026 05:23:25.896] [main/INFO] [net.neoforged.fml.loading.moddiscovery.ModDiscoverer/SCAN]: Found mod file "leaky-1.21-2.4.jar" [locator: {mods folder locator at /workspaces/servidor-PENEPRONIANOOO/servidor_minecraft/mods}, reader: mod manifest]
[14May2026 05:23:25.897] [main/INFO] [net.neoforged.fml.loading.moddiscovery.ModDiscoverer/SCAN]: Found mod file "letsdo-brewery-neoforge-2.1.9.jar" [locator: {mods folder locator at /workspaces/servidor-PENEPRONIANOOO/servidor_minecraft/mods}, reader: mod manifest]
[14May2026 05:23:25.900] [main/INFO] [net.neoforged.fml.loading.moddiscovery.ModDiscoverer/SCAN]: Found mod file "letsdo-farm_and_charm-neoforge-1.1.22.jar" [locator: {mods folder locator at /workspaces/servidor-PENEPRONIANOOO/servidor_minecraft/mods}, reader: mod manifest]
[14May2026 05:23:25.902] [main/INFO] [net.neoforged.fml.loading.moddiscovery.ModDiscoverer/SCAN]: Found mod file "letsdo-vinery-neoforge-1.5.3.jar" [locator: {mods folder locator at /workspaces/servidor-PENEPRONIANOOO/servidor_minecraft/mods}, reader: mod manifest]
[14May2026 05:23:25.904] [main/INFO] [net.neoforged.fml.loading.moddiscovery.ModDiscoverer/SCAN]: Found mod file "letsdocompat-neoforge-2.3.1.jar" [locator: {mods folder locator at /workspaces/servidor-PENEPRONIANOOO/servidor_minecraft/mods}, reader: mod manifest]
[14May2026 05:23:25.905] [main/INFO] [net.neoforged.fml.loading.moddiscovery.ModDiscoverer/SCAN]: Found mod file "limitedchunks-1.21-4.1.jar" [locator: {mods folder locator at /workspaces/servidor-PENEPRONIANOOO/servidor_minecraft/mods}, reader: mod manifest]
[14May2026 05:23:25.907] [main/INFO] [net.neoforged.fml.loading.moddiscovery.ModDiscoverer/SCAN]: Found mod file "lionfishapi-2.7-fix-fix.jar" [locator: {mods folder locator at /workspaces/servidor-PENEPRONIANOOO/servidor_minecraft/mods}, reader: mod manifest]
[14May2026 05:23:25.909] [main/INFO] [net.neoforged.fml.loading.moddiscovery.ModDiscoverer/SCAN]: Found mod file "lithium-neoforge-0.15.3+mc1.21.1.jar" [locator: {mods folder locator at /workspaces/servidor-PENEPRONIANOOO/servidor_minecraft/mods}, reader: mod manifest]
[14May2026 05:23:25.910] [main/INFO] [net.neoforged.fml.loading.moddiscovery.ModDiscoverer/SCAN]: Found mod file "lithostitched-1.7.2-neoforge-21.1.jar" [locator: {mods folder locator at /workspaces/servidor-PENEPRONIANOOO/servidor_minecraft/mods}, reader: mod manifest]
[14May2026 05:23:25.912] [main/INFO] [net.neoforged.fml.loading.moddiscovery.ModDiscoverer/SCAN]: Found mod file "lmft-1.1.1+1.21.9-neoforge.jar" [locator: {mods folder locator at /workspaces/servidor-PENEPRONIANOOO/servidor_minecraft/mods}, reader: mod manifest]
[14May2026 05:23:25.913] [main/INFO] [net.neoforged.fml.loading.moddiscovery.ModDiscoverer/SCAN]: Found mod file "lootr-neoforge-1.21.1-1.11.37.118.jar" [locator: {mods folder locator at /workspaces/servidor-PENEPRONIANOOO/servidor_minecraft/mods}, reader: mod manifest]
[14May2026 05:23:25.914] [main/INFO] [net.neoforged.fml.loading.moddiscovery.ModDiscoverer/SCAN]: Found mod file "lukis-crazy-chambers-1.0.3.jar" [locator: {mods folder locator at /workspaces/servidor-PENEPRONIANOOO/servidor_minecraft/mods}, reader: mod manifest]
[14May2026 05:23:25.916] [main/INFO] [net.neoforged.fml.loading.moddiscovery.ModDiscoverer/SCAN]: Found mod file "lukis-strongholds-v1.0.jar" [locator: {mods folder locator at /workspaces/servidor-PENEPRONIANOOO/servidor_minecraft/mods}, reader: mod manifest]
[14May2026 05:23:25.917] [main/INFO] [net.neoforged.fml.loading.moddiscovery.ModDiscoverer/SCAN]: Found mod file "maxhealthfix-neoforge-1.21.1-21.1.4.jar" [locator: {mods folder locator at /workspaces/servidor-PENEPRONIANOOO/servidor_minecraft/mods}, reader: mod manifest]
[14May2026 05:23:25.919] [main/INFO] [net.neoforged.fml.loading.moddiscovery.ModDiscoverer/SCAN]: Found mod file "mcw-bridges-3.1.2-mc1.21.1neoforge.jar" [locator: {mods folder locator at /workspaces/servidor-PENEPRONIANOOO/servidor_minecraft/mods}, reader: mod manifest]
[14May2026 05:23:25.923] [main/INFO] [net.neoforged.fml.loading.moddiscovery.ModDiscoverer/SCAN]: Found mod file "mcw-doors-1.1.5-mc1.21.1neoforge.jar" [locator: {mods folder locator at /workspaces/servidor-PENEPRONIANOOO/servidor_minecraft/mods}, reader: mod manifest]
[14May2026 05:23:25.926] [main/INFO] [net.neoforged.fml.loading.moddiscovery.ModDiscoverer/SCAN]: Found mod file "mcw-mcwstairs-1.0.2-mc1.21.1neoforge.jar" [locator: {mods folder locator at /workspaces/servidor-PENEPRONIANOOO/servidor_minecraft/mods}, reader: mod manifest]
[14May2026 05:23:25.928] [main/INFO] [net.neoforged.fml.loading.moddiscovery.ModDiscoverer/SCAN]: Found mod file "mcw-mcwwindows-2.4.2-mc1.21.1neoforge.jar" [locator: {mods folder locator at /workspaces/servidor-PENEPRONIANOOO/servidor_minecraft/mods}, reader: mod manifest]
[14May2026 05:23:25.944] [main/INFO] [net.neoforged.fml.loading.moddiscovery.ModDiscoverer/SCAN]: Found mod file "mcwregionsunexplored-neoforge-1.21.1-1.5.jar" [locator: {mods folder locator at /workspaces/servidor-PENEPRONIANOOO/servidor_minecraft/mods}, reader: mod manifest]
[14May2026 05:23:25.945] [main/INFO] [net.neoforged.fml.loading.moddiscovery.ModDiscoverer/SCAN]: Found mod file "memorysettings-1.21-5.9.jar" [locator: {mods folder locator at /workspaces/servidor-PENEPRONIANOOO/servidor_minecraft/mods}, reader: mod manifest]
[14May2026 05:23:25.947] [main/INFO] [net.neoforged.fml.loading.moddiscovery.ModDiscoverer/SCAN]: Found mod file "minopp-1.4.0+1.21.1+neoforge.jar" [locator: {mods folder locator at /workspaces/servidor-PENEPRONIANOOO/servidor_minecraft/mods}, reader: mod manifest]
[14May2026 05:23:25.949] [main/INFO] [net.neoforged.fml.loading.moddiscovery.ModDiscoverer/SCAN]: Found mod file "modernfix-neoforge-5.26.1+mc1.21.1.jar" [locator: {mods folder locator at /workspaces/servidor-PENEPRONIANOOO/servidor_minecraft/mods}, reader: mod manifest]
[14May2026 05:23:25.950] [main/INFO] [net.neoforged.fml.loading.moddiscovery.ModDiscoverer/SCAN]: Found mod file "moogs_structures-neoforge-1.21.1-2.0.2.jar" [locator: {mods folder locator at /workspaces/servidor-PENEPRONIANOOO/servidor_minecraft/mods}, reader: mod manifest]
[14May2026 05:23:25.952] [main/INFO] [net.neoforged.fml.loading.moddiscovery.ModDiscoverer/SCAN]: Found mod file "MoogsEndStructures-1.21-2.0.1.jar" [locator: {mods folder locator at /workspaces/servidor-PENEPRONIANOOO/servidor_minecraft/mods}, reader: mod manifest]
[14May2026 05:23:25.953] [main/INFO] [net.neoforged.fml.loading.moddiscovery.ModDiscoverer/SCAN]: Found mod file "MoogsNetherStructures-1.21-2.0.31.jar" [locator: {mods folder locator at /workspaces/servidor-PENEPRONIANOOO/servidor_minecraft/mods}, reader: mod manifest]
[14May2026 05:23:25.955] [main/INFO] [net.neoforged.fml.loading.moddiscovery.ModDiscoverer/SCAN]: Found mod file "MoogsSoaringStructures-1.21-2.0.2.jar" [locator: {mods folder locator at /workspaces/servidor-PENEPRONIANOOO/servidor_minecraft/mods}, reader: mod manifest]
[14May2026 05:23:25.956] [main/INFO] [net.neoforged.fml.loading.moddiscovery.ModDiscoverer/SCAN]: Found mod file "MoogsVoyagerStructures-1.21-5.0.8.jar" [locator: {mods folder locator at /workspaces/servidor-PENEPRONIANOOO/servidor_minecraft/mods}, reader: mod manifest]
[14May2026 05:23:25.958] [main/INFO] [net.neoforged.fml.loading.moddiscovery.ModDiscoverer/SCAN]: Found mod file "moonlight-1.21-2.29.16-neoforge.jar" [locator: {mods folder locator at /workspaces/servidor-PENEPRONIANOOO/servidor_minecraft/mods}, reader: mod manifest]
[14May2026 05:23:25.960] [main/INFO] [net.neoforged.fml.loading.moddiscovery.ModDiscoverer/SCAN]: Found mod file "MyNethersDelight-1.21.1-1.10.jar" [locator: {mods folder locator at /workspaces/servidor-PENEPRONIANOOO/servidor_minecraft/mods}, reader: mod manifest]
[14May2026 05:23:25.963] [main/INFO] [net.neoforged.fml.loading.moddiscovery.ModDiscoverer/SCAN]: Found mod file "mythsandlegends-0.0.8.5.jar" [locator: {mods folder locator at /workspaces/servidor-PENEPRONIANOOO/servidor_minecraft/mods}, reader: mod manifest]
[14May2026 05:23:25.964] [main/INFO] [net.neoforged.fml.loading.moddiscovery.ModDiscoverer/SCAN]: Found mod file "Necronomicon-NeoForge-1.6.0+1.21.jar" [locator: {mods folder locator at /workspaces/servidor-PENEPRONIANOOO/servidor_minecraft/mods}, reader: mod manifest]
[14May2026 05:23:25.966] [main/INFO] [net.neoforged.fml.loading.moddiscovery.ModDiscoverer/SCAN]: Found mod file "neobeefix-1.0.8.jar" [locator: {mods folder locator at /workspaces/servidor-PENEPRONIANOOO/servidor_minecraft/mods}, reader: mod manifest]
[14May2026 05:23:25.967] [main/INFO] [net.neoforged.fml.loading.moddiscovery.ModDiscoverer/SCAN]: Found mod file "noisium-neoforge-2.7.0+mc1.21-1.21.1.jar" [locator: {mods folder locator at /workspaces/servidor-PENEPRONIANOOO/servidor_minecraft/mods}, reader: mod manifest]
[14May2026 05:23:25.969] [main/INFO] [net.neoforged.fml.loading.moddiscovery.ModDiscoverer/SCAN]: Found mod file "oceansdelight-neoforge-1.0.4-1.21.1.jar" [locator: {mods folder locator at /workspaces/servidor-PENEPRONIANOOO/servidor_minecraft/mods}, reader: mod manifest]
[14May2026 05:23:25.972] [main/INFO] [net.neoforged.fml.loading.moddiscovery.ModDiscoverer/SCAN]: Found mod file "Paraglider-neoforge-21.1.5.jar" [locator: {mods folder locator at /workspaces/servidor-PENEPRONIANOOO/servidor_minecraft/mods}, reader: mod manifest]
[14May2026 05:23:25.973] [main/INFO] [net.neoforged.fml.loading.moddiscovery.ModDiscoverer/SCAN]: Found mod file "performancetweaks-neoforge-1.2.0.jar" [locator: {mods folder locator at /workspaces/servidor-PENEPRONIANOOO/servidor_minecraft/mods}, reader: mod manifest]
[14May2026 05:23:25.975] [main/INFO] [net.neoforged.fml.loading.moddiscovery.ModDiscoverer/SCAN]: Found mod file "piggyback-neoforge-1.21.1-1.1.1.jar" [locator: {mods folder locator at /workspaces/servidor-PENEPRONIANOOO/servidor_minecraft/mods}, reader: mod manifest]
[14May2026 05:23:25.976] [main/INFO] [net.neoforged.fml.loading.moddiscovery.ModDiscoverer/SCAN]: Found mod file "Platform-neoforge-1.21.1-1.3.jar" [locator: {mods folder locator at /workspaces/servidor-PENEPRONIANOOO/servidor_minecraft/mods}, reader: mod manifest]
[14May2026 05:23:25.977] [main/INFO] [net.neoforged.fml.loading.moddiscovery.ModDiscoverer/SCAN]: Found mod file "PlayerRevive_NEOFORGE_v2.1.0_mc1.21.1.jar" [locator: {mods folder locator at /workspaces/servidor-PENEPRONIANOOO/servidor_minecraft/mods}, reader: mod manifest]
[14May2026 05:23:25.979] [main/INFO] [net.neoforged.fml.loading.moddiscovery.ModDiscoverer/SCAN]: Found mod file "polymorph-neoforge-1.1.0+1.21.1.jar" [locator: {mods folder locator at /workspaces/servidor-PENEPRONIANOOO/servidor_minecraft/mods}, reader: mod manifest]
[14May2026 05:23:25.980] [main/INFO] [net.neoforged.fml.loading.moddiscovery.ModDiscoverer/SCAN]: Found mod file "prickle-neoforge-1.21.1-21.1.11.jar" [locator: {mods folder locator at /workspaces/servidor-PENEPRONIANOOO/servidor_minecraft/mods}, reader: mod manifest]
[14May2026 05:23:25.982] [main/INFO] [net.neoforged.fml.loading.moddiscovery.ModDiscoverer/SCAN]: Found mod file "PuzzlesLib-v21.1.39-1.21.1-NeoForge.jar" [locator: {mods folder locator at /workspaces/servidor-PENEPRONIANOOO/servidor_minecraft/mods}, reader: mod manifest]
[14May2026 05:23:25.995] [main/INFO] [net.neoforged.fml.loading.moddiscovery.ModDiscoverer/SCAN]: Found mod file "railways-0.2.0-beta.2+neoforge-mc1.21.1.jar" [locator: {mods folder locator at /workspaces/servidor-PENEPRONIANOOO/servidor_minecraft/mods}, reader: mod manifest]
[14May2026 05:23:25.996] [main/INFO] [net.neoforged.fml.loading.moddiscovery.ModDiscoverer/SCAN]: Found mod file "realmrpg_balloons-0.9.1-neoforge-1.21.1.jar" [locator: {mods folder locator at /workspaces/servidor-PENEPRONIANOOO/servidor_minecraft/mods}, reader: mod manifest]
[14May2026 05:23:25.998] [main/INFO] [net.neoforged.fml.loading.moddiscovery.ModDiscoverer/SCAN]: Found mod file "realmrpg_skeletons-1.1.0-neoforge-1.21.1.jar" [locator: {mods folder locator at /workspaces/servidor-PENEPRONIANOOO/servidor_minecraft/mods}, reader: mod manifest]
[14May2026 05:23:25.999] [main/INFO] [net.neoforged.fml.loading.moddiscovery.ModDiscoverer/SCAN]: Found mod file "recipeessentials-1.21-4.0.jar" [locator: {mods folder locator at /workspaces/servidor-PENEPRONIANOOO/servidor_minecraft/mods}, reader: mod manifest]
[14May2026 05:23:26.005] [main/INFO] [net.neoforged.fml.loading.moddiscovery.ModDiscoverer/SCAN]: Found mod file "refurbished_furniture-neoforge-1.21.1-1.0.22.jar" [locator: {mods folder locator at /workspaces/servidor-PENEPRONIANOOO/servidor_minecraft/mods}, reader: mod manifest]
[14May2026 05:23:26.010] [main/INFO] [net.neoforged.fml.loading.moddiscovery.ModDiscoverer/SCAN]: Found mod file "regions-unexplored-0.6+beta4-neoforge-21.1.jar" [locator: {mods folder locator at /workspaces/servidor-PENEPRONIANOOO/servidor_minecraft/mods}, reader: mod manifest]
[14May2026 05:23:26.013] [main/INFO] [net.neoforged.fml.loading.moddiscovery.ModDiscoverer/SCAN]: Found mod file "resourcefulconfig-neoforge-1.21-3.0.11.jar" [locator: {mods folder locator at /workspaces/servidor-PENEPRONIANOOO/servidor_minecraft/mods}, reader: mod manifest]
[14May2026 05:23:26.014] [main/INFO] [net.neoforged.fml.loading.moddiscovery.ModDiscoverer/SCAN]: Found mod file "resourcefullib-neoforge-1.21-3.0.12.jar" [locator: {mods folder locator at /workspaces/servidor-PENEPRONIANOOO/servidor_minecraft/mods}, reader: mod manifest]
[14May2026 05:23:26.015] [main/INFO] [net.neoforged.fml.loading.moddiscovery.ModDiscoverer/SCAN]: Found mod file "ridetogether-neoforge-1.0.2-1.21.1.jar" [locator: {mods folder locator at /workspaces/servidor-PENEPRONIANOOO/servidor_minecraft/mods}, reader: mod manifest]
[14May2026 05:23:26.017] [main/INFO] [net.neoforged.fml.loading.moddiscovery.ModDiscoverer/SCAN]: Found mod file "rightclickharvest-neoforge-4.6.1+1.21.1.jar" [locator: {mods folder locator at /workspaces/servidor-PENEPRONIANOOO/servidor_minecraft/mods}, reader: mod manifest]
[14May2026 05:23:26.018] [main/INFO] [net.neoforged.fml.loading.moddiscovery.ModDiscoverer/SCAN]: Found mod file "rustic_engineer-1.1.4-neoforge-1.21.1.jar" [locator: {mods folder locator at /workspaces/servidor-PENEPRONIANOOO/servidor_minecraft/mods}, reader: mod manifest]
[14May2026 05:23:26.020] [main/INFO] [net.neoforged.fml.loading.moddiscovery.ModDiscoverer/SCAN]: Found mod file "saturn-mc1.21.1-0.1.5.jar" [locator: {mods folder locator at /workspaces/servidor-PENEPRONIANOOO/servidor_minecraft/mods}, reader: mod manifest]
[14May2026 05:23:26.022] [main/INFO] [net.neoforged.fml.loading.moddiscovery.ModDiscoverer/SCAN]: Found mod file "sawmill-1.21-1.7.2-neoforge.jar" [locator: {mods folder locator at /workspaces/servidor-PENEPRONIANOOO/servidor_minecraft/mods}, reader: mod manifest]
[14May2026 05:23:26.023] [main/INFO] [net.neoforged.fml.loading.moddiscovery.ModDiscoverer/SCAN]: Found mod file "ScalableLux-0.1.0.1+neoforge.1cb1e91-all.jar" [locator: {mods folder locator at /workspaces/servidor-PENEPRONIANOOO/servidor_minecraft/mods}, reader: mod manifest]
[14May2026 05:23:26.025] [main/INFO] [net.neoforged.fml.loading.moddiscovery.ModDiscoverer/SCAN]: Found mod file "servercore-neoforge-1.5.10+1.21.1.jar" [locator: {mods folder locator at /workspaces/servidor-PENEPRONIANOOO/servidor_minecraft/mods}, reader: mod manifest]
[14May2026 05:23:26.026] [main/INFO] [net.neoforged.fml.loading.moddiscovery.ModDiscoverer/SCAN]: Found mod file "serversleep-mod.jar" [locator: {mods folder locator at /workspaces/servidor-PENEPRONIANOOO/servidor_minecraft/mods}, reader: mod manifest]
[14May2026 05:23:26.027] [main/INFO] [net.neoforged.fml.loading.moddiscovery.ModDiscoverer/SCAN]: Found mod file "sliceanddice-forge-4.2.4.jar" [locator: {mods folder locator at /workspaces/servidor-PENEPRONIANOOO/servidor_minecraft/mods}, reader: mod manifest]
[14May2026 05:23:26.028] [main/INFO] [net.neoforged.fml.loading.moddiscovery.ModDiscoverer/SCAN]: Found mod file "smoothchunk-1.21-4.1.jar" [locator: {mods folder locator at /workspaces/servidor-PENEPRONIANOOO/servidor_minecraft/mods}, reader: mod manifest]
[14May2026 05:23:26.029] [main/INFO] [net.neoforged.fml.loading.moddiscovery.ModDiscoverer/SCAN]: Found mod file "smoothmovement-1.21.1-2.7.jar" [locator: {mods folder locator at /workspaces/servidor-PENEPRONIANOOO/servidor_minecraft/mods}, reader: mod manifest]
[14May2026 05:23:26.030] [main/INFO] [net.neoforged.fml.loading.moddiscovery.ModDiscoverer/SCAN]: Found mod file "sodiumoptionsmodcompat-neoforge-1.0.0-1.21.1.jar" [locator: {mods folder locator at /workspaces/servidor-PENEPRONIANOOO/servidor_minecraft/mods}, reader: mod manifest]
[14May2026 05:23:26.032] [main/INFO] [net.neoforged.fml.loading.moddiscovery.ModDiscoverer/SCAN]: Found mod file "sophisticatedbackpacks-1.21.1-3.25.41.1683.jar" [locator: {mods folder locator at /workspaces/servidor-PENEPRONIANOOO/servidor_minecraft/mods}, reader: mod manifest]
[14May2026 05:23:26.034] [main/INFO] [net.neoforged.fml.loading.moddiscovery.ModDiscoverer/SCAN]: Found mod file "sophisticatedbackpackscreateintegration-1.21.1-0.1.5.29.jar" [locator: {mods folder locator at /workspaces/servidor-PENEPRONIANOOO/servidor_minecraft/mods}, reader: mod manifest]
[14May2026 05:23:26.035] [main/INFO] [net.neoforged.fml.loading.moddiscovery.ModDiscoverer/SCAN]: Found mod file "sophisticatedcore-1.21.1-1.4.29.1752.jar" [locator: {mods folder locator at /workspaces/servidor-PENEPRONIANOOO/servidor_minecraft/mods}, reader: mod manifest]
[14May2026 05:23:26.037] [main/INFO] [net.neoforged.fml.loading.moddiscovery.ModDiscoverer/SCAN]: Found mod file "sophisticatedstorage-1.21.1-1.5.44.1680.jar" [locator: {mods folder locator at /workspaces/servidor-PENEPRONIANOOO/servidor_minecraft/mods}, reader: mod manifest]
[14May2026 05:23:26.039] [main/INFO] [net.neoforged.fml.loading.moddiscovery.ModDiscoverer/SCAN]: Found mod file "sophisticatedstoragecreateintegration-1.21.1-0.1.17.132.jar" [locator: {mods folder locator at /workspaces/servidor-PENEPRONIANOOO/servidor_minecraft/mods}, reader: mod manifest]
[14May2026 05:23:26.040] [main/INFO] [net.neoforged.fml.loading.moddiscovery.ModDiscoverer/SCAN]: Found mod file "spark-1.10.124-neoforge.jar" [locator: {mods folder locator at /workspaces/servidor-PENEPRONIANOOO/servidor_minecraft/mods}, reader: mod manifest]
[14May2026 05:23:26.042] [main/INFO] [net.neoforged.fml.loading.moddiscovery.ModDiscoverer/SCAN]: Found mod file "structure_layout_optimizer-neoforge-1.0.12.jar" [locator: {mods folder locator at /workspaces/servidor-PENEPRONIANOOO/servidor_minecraft/mods}, reader: mod manifest]
[14May2026 05:23:26.043] [main/INFO] [net.neoforged.fml.loading.moddiscovery.ModDiscoverer/SCAN]: Found mod file "structurecredits-1.21.1-3.0.jar" [locator: {mods folder locator at /workspaces/servidor-PENEPRONIANOOO/servidor_minecraft/mods}, reader: mod manifest]
[14May2026 05:23:26.044] [main/INFO] [net.neoforged.fml.loading.moddiscovery.ModDiscoverer/SCAN]: Found mod file "structureessentials-1.21.1-4.8.jar" [locator: {mods folder locator at /workspaces/servidor-PENEPRONIANOOO/servidor_minecraft/mods}, reader: mod manifest]
[14May2026 05:23:26.046] [main/INFO] [net.neoforged.fml.loading.moddiscovery.ModDiscoverer/SCAN]: Found mod file "t_and_t-neoforge-fabric-1.13.7+1.21.1.jar" [locator: {mods folder locator at /workspaces/servidor-PENEPRONIANOOO/servidor_minecraft/mods}, reader: mod manifest]
[14May2026 05:23:26.048] [main/INFO] [net.neoforged.fml.loading.moddiscovery.ModDiscoverer/SCAN]: Found mod file "tidal-towns-1.3.4.jar" [locator: {mods folder locator at /workspaces/servidor-PENEPRONIANOOO/servidor_minecraft/mods}, reader: mod manifest]
[14May2026 05:23:26.049] [main/INFO] [net.neoforged.fml.loading.moddiscovery.ModDiscoverer/SCAN]: Found mod file "toofast-1.21.0-0.4.3.6.jar" [locator: {mods folder locator at /workspaces/servidor-PENEPRONIANOOO/servidor_minecraft/mods}, reader: mod manifest]
[14May2026 05:23:26.050] [main/INFO] [net.neoforged.fml.loading.moddiscovery.ModDiscoverer/SCAN]: Found mod file "totw_modded-neoforge-1.21-1.0.9.jar" [locator: {mods folder locator at /workspaces/servidor-PENEPRONIANOOO/servidor_minecraft/mods}, reader: mod manifest]
[14May2026 05:23:26.052] [main/INFO] [net.neoforged.fml.loading.moddiscovery.ModDiscoverer/SCAN]: Found mod file "tpa-neoforge-1.21-2.0.0.jar" [locator: {mods folder locator at /workspaces/servidor-PENEPRONIANOOO/servidor_minecraft/mods}, reader: mod manifest]
[14May2026 05:23:26.059] [main/INFO] [net.neoforged.fml.loading.moddiscovery.ModDiscoverer/SCAN]: Found mod file "trashslot-neoforge-1.21.1-21.1.10.jar" [locator: {mods folder locator at /workspaces/servidor-PENEPRONIANOOO/servidor_minecraft/mods}, reader: mod manifest]
[14May2026 05:23:26.060] [main/INFO] [net.neoforged.fml.loading.moddiscovery.ModDiscoverer/SCAN]: Found mod file "TravelersTitles-1.21.1-NeoForge-5.1.3.jar" [locator: {mods folder locator at /workspaces/servidor-PENEPRONIANOOO/servidor_minecraft/mods}, reader: mod manifest]
[14May2026 05:23:26.065] [main/INFO] [net.neoforged.fml.loading.moddiscovery.ModDiscoverer/SCAN]: Found mod file "trimmed-neo-1.21-3.0.0.jar" [locator: {mods folder locator at /workspaces/servidor-PENEPRONIANOOO/servidor_minecraft/mods}, reader: mod manifest]
[14May2026 05:23:26.068] [main/INFO] [net.neoforged.fml.loading.moddiscovery.ModDiscoverer/SCAN]: Found mod file "VanillaBackport-neoforge-1.21.1-1.1.6.3.jar" [locator: {mods folder locator at /workspaces/servidor-PENEPRONIANOOO/servidor_minecraft/mods}, reader: mod manifest]
[14May2026 05:23:26.070] [main/INFO] [net.neoforged.fml.loading.moddiscovery.ModDiscoverer/SCAN]: Found mod file "villagesandpillages-neoforge-mc1.21.1-1.0.3.jar" [locator: {mods folder locator at /workspaces/servidor-PENEPRONIANOOO/servidor_minecraft/mods}, reader: mod manifest]
[14May2026 05:23:26.071] [main/INFO] [net.neoforged.fml.loading.moddiscovery.ModDiscoverer/SCAN]: Found mod file "waterframes-NEOFORGE-mc1.21.1-v2.1.22.jar" [locator: {mods folder locator at /workspaces/servidor-PENEPRONIANOOO/servidor_minecraft/mods}, reader: mod manifest]
[14May2026 05:23:26.073] [main/INFO] [net.neoforged.fml.loading.moddiscovery.ModDiscoverer/SCAN]: Found mod file "watervision-NF-mc1.21.1-v0.1.0-alpha.jar" [locator: {mods folder locator at /workspaces/servidor-PENEPRONIANOOO/servidor_minecraft/mods}, reader: mod manifest]
[14May2026 05:23:26.074] [main/INFO] [net.neoforged.fml.loading.moddiscovery.ModDiscoverer/SCAN]: Found mod file "watut-neoforge-1.21.0-1.2.7.jar" [locator: {mods folder locator at /workspaces/servidor-PENEPRONIANOOO/servidor_minecraft/mods}, reader: mod manifest]
[14May2026 05:23:26.076] [main/INFO] [net.neoforged.fml.loading.moddiscovery.ModDiscoverer/SCAN]: Found mod file "waystones-neoforge-1.21.1-21.1.30.jar" [locator: {mods folder locator at /workspaces/servidor-PENEPRONIANOOO/servidor_minecraft/mods}, reader: mod manifest]
[14May2026 05:23:26.078] [main/INFO] [net.neoforged.fml.loading.moddiscovery.ModDiscoverer/SCAN]: Found mod file "worldweaver-21.0.18.jar" [locator: {mods folder locator at /workspaces/servidor-PENEPRONIANOOO/servidor_minecraft/mods}, reader: mod manifest]
[14May2026 05:23:26.079] [main/INFO] [net.neoforged.fml.loading.moddiscovery.ModDiscoverer/SCAN]: Found mod file "wunderlib-21.0.10.jar" [locator: {mods folder locator at /workspaces/servidor-PENEPRONIANOOO/servidor_minecraft/mods}, reader: mod manifest]
[14May2026 05:23:26.080] [main/INFO] [net.neoforged.fml.loading.moddiscovery.ModDiscoverer/SCAN]: Found mod file "yet_another_config_lib_v3-3.8.2+1.21.1-neoforge.jar" [locator: {mods folder locator at /workspaces/servidor-PENEPRONIANOOO/servidor_minecraft/mods}, reader: mod manifest]
[14May2026 05:23:26.081] [main/INFO] [net.neoforged.fml.loading.moddiscovery.ModDiscoverer/SCAN]: Found mod file "YungsApi-1.21.1-NeoForge-5.1.6.jar" [locator: {mods folder locator at /workspaces/servidor-PENEPRONIANOOO/servidor_minecraft/mods}, reader: mod manifest]
[14May2026 05:23:26.082] [main/INFO] [net.neoforged.fml.loading.moddiscovery.ModDiscoverer/SCAN]: Found mod file "YungsBetterEndIsland-1.21.1-NeoForge-3.1.2.jar" [locator: {mods folder locator at /workspaces/servidor-PENEPRONIANOOO/servidor_minecraft/mods}, reader: mod manifest]
[14May2026 05:23:27.181] [main/INFO] [net.neoforged.fml.loading.moddiscovery.locators.JarInJarDependencyLocator/]: Found 42 dependencies adding them to mods collection
[14May2026 05:23:27.181] [main/INFO] [net.neoforged.fml.loading.moddiscovery.ModDiscoverer/SCAN]: Found gamelibrary file "mixinextras-neoforge-0.5.3.jar" [parent: neoforge-21.1.228-universal.jar, locator: jarinjar, reader: mod manifest]
[14May2026 05:23:27.181] [main/INFO] [net.neoforged.fml.loading.moddiscovery.ModDiscoverer/SCAN]: Found library file "dazzleconf-ext-snakeyaml-1.3.0-M2.jar" [parent: servercore-neoforge-1.5.10+1.21.1.jar, locator: jarinjar]
[14May2026 05:23:27.181] [main/INFO] [net.neoforged.fml.loading.moddiscovery.ModDiscoverer/SCAN]: Found mod file "kuma-api-neoforge-21.0.7+1.21.jar" [parent: balm-neoforge-1.21.1-21.0.56.jar, locator: jarinjar, reader: mod manifest]
[14May2026 05:23:27.181] [main/INFO] [net.neoforged.fml.loading.moddiscovery.ModDiscoverer/SCAN]: Found mod file "ponder-neoforge-1.0.82+mc1.21.1.jar" [parent: create-1.21.1-6.0.10.jar, locator: jarinjar, reader: mod manifest]
[14May2026 05:23:27.181] [main/INFO] [net.neoforged.fml.loading.moddiscovery.ModDiscoverer/SCAN]: Found library file "sewlia-config-1.0.0-20250810.044244-13.jar" [parent: krypton_fnp-neoforge-1.21.1-0.2.28.1-1.21.1.jar, locator: jarinjar]
[14May2026 05:23:27.182] [main/INFO] [net.neoforged.fml.loading.moddiscovery.ModDiscoverer/SCAN]: Found library file "net.neoforged.neoforge-coremods-21.1.228.jar" [parent: neoforge-21.1.228-universal.jar, locator: jarinjar, reader: mod manifest]
[14May2026 05:23:27.182] [main/INFO] [net.neoforged.fml.loading.moddiscovery.ModDiscoverer/SCAN]: Found library file "pngj-2.1.0.jar" [parent: journeymap-neoforge-1.21.1-6.0.0-beta.66.jar, locator: jarinjar]
[14May2026 05:23:27.182] [main/INFO] [net.neoforged.fml.loading.moddiscovery.ModDiscoverer/SCAN]: Found gamelibrary file "mixinsquared-neoforge-0.3.3.jar" [parent: alltheleaks-1.1.6+1.21.1-neoforge.jar, locator: jarinjar, reader: mod manifest]
[14May2026 05:23:27.182] [main/INFO] [net.neoforged.fml.loading.moddiscovery.ModDiscoverer/SCAN]: Found mod file "spectrelib-neoforge-0.17.2+1.21.jar" [parent: charmofundying-neoforge-9.1.0+1.21.1.jar, locator: jarinjar, reader: mod manifest]
[14May2026 05:23:27.182] [main/INFO] [net.neoforged.fml.loading.moddiscovery.ModDiscoverer/SCAN]: Found library file "thedarkcolour.kfflang-5.11.0.jar" [parent: kotlinforforge-5.11.0-all.jar, locator: jarinjar, reader: mod manifest]
[14May2026 05:23:27.182] [main/INFO] [net.neoforged.fml.loading.moddiscovery.ModDiscoverer/SCAN]: Found library file "imageio-metadata-3.12.0.jar" [parent: yet_another_config_lib_v3-3.8.2+1.21.1-neoforge.jar, locator: jarinjar]
[14May2026 05:23:27.182] [main/INFO] [net.neoforged.fml.loading.moddiscovery.ModDiscoverer/SCAN]: Found gamelibrary file "thedarkcolour.kfflib-5.11.0.jar" [parent: kotlinforforge-5.11.0-all.jar, locator: jarinjar, reader: mod manifest]
[14May2026 05:23:27.182] [main/INFO] [net.neoforged.fml.loading.moddiscovery.ModDiscoverer/SCAN]: Found mod file "common-networking-neoforge-1.0.21-1.21.1.jar" [parent: journeymap-neoforge-1.21.1-6.0.0-beta.66.jar, locator: jarinjar, reader: mod manifest]
[14May2026 05:23:27.182] [main/INFO] [net.neoforged.fml.loading.moddiscovery.ModDiscoverer/SCAN]: Found library file "MixinSquared-0.3.3.jar" [parent: mixinsquared-neoforge-0.3.3.jar, locator: jarinjar]
[14May2026 05:23:27.182] [main/INFO] [net.neoforged.fml.loading.moddiscovery.ModDiscoverer/SCAN]: Found mod file "thedarkcolour.kffmod-5.11.0.jar" [parent: kotlinforforge-5.11.0-all.jar, locator: jarinjar, reader: mod manifest]
[14May2026 05:23:27.182] [main/INFO] [net.neoforged.fml.loading.moddiscovery.ModDiscoverer/SCAN]: Found library file "gson-0.2.1.jar" [parent: yet_another_config_lib_v3-3.8.2+1.21.1-neoforge.jar, locator: jarinjar]
[14May2026 05:23:27.183] [main/INFO] [net.neoforged.fml.loading.moddiscovery.ModDiscoverer/SCAN]: Found library file "kotlin-stdlib-2.3.0.jar" [parent: kotlinforforge-5.11.0-all.jar, locator: jarinjar]
[14May2026 05:23:27.183] [main/INFO] [net.neoforged.fml.loading.moddiscovery.ModDiscoverer/SCAN]: Found library file "kotlin-reflect-2.3.0.jar" [parent: kotlinforforge-5.11.0-all.jar, locator: jarinjar]
[14May2026 05:23:27.183] [main/INFO] [net.neoforged.fml.loading.moddiscovery.ModDiscoverer/SCAN]: Found mod file "flywheel-neoforge-1.21.1-1.0.6.jar" [parent: create-1.21.1-6.0.10.jar, locator: jarinjar, reader: mod manifest]
[14May2026 05:23:27.183] [main/INFO] [net.neoforged.fml.loading.moddiscovery.ModDiscoverer/SCAN]: Found library file "velocity-native-3.4.0-SNAPSHOT.jar" [parent: krypton_fnp-neoforge-1.21.1-0.2.28.1-1.21.1.jar, locator: jarinjar]
[14May2026 05:23:27.183] [main/INFO] [net.neoforged.fml.loading.moddiscovery.ModDiscoverer/SCAN]: Found library file "kotlinx-coroutines-core-jvm-1.10.2.jar" [parent: kotlinforforge-5.11.0-all.jar, locator: jarinjar]
[14May2026 05:23:27.183] [main/INFO] [net.neoforged.fml.loading.moddiscovery.ModDiscoverer/SCAN]: Found library file "yabn-1.0.3.jar" [parent: resourcefullib-neoforge-1.21-3.0.12.jar, locator: jarinjar]
[14May2026 05:23:27.183] [main/INFO] [net.neoforged.fml.loading.moddiscovery.ModDiscoverer/SCAN]: Found library file "tomlkt-jvm-0.3.7.jar" [parent: fzzy_config-0.7.6+1.21+neoforge.jar, locator: jarinjar]
[14May2026 05:23:27.183] [main/INFO] [net.neoforged.fml.loading.moddiscovery.ModDiscoverer/SCAN]: Found library file "json-0.2.1.jar" [parent: yet_another_config_lib_v3-3.8.2+1.21.1-neoforge.jar, locator: jarinjar]
[14May2026 05:23:27.183] [main/INFO] [net.neoforged.fml.loading.moddiscovery.ModDiscoverer/SCAN]: Found library file "kotlinx-coroutines-jdk8-1.10.2.jar" [parent: kotlinforforge-5.11.0-all.jar, locator: jarinjar]
[14May2026 05:23:27.183] [main/INFO] [net.neoforged.fml.loading.moddiscovery.ModDiscoverer/SCAN]: Found library file "resourceful-cosmetics-4j-1.0.3.jar" [parent: CreeperOverhaul-neoforge-1.21.1-4.0.6.jar, locator: jarinjar]
[14May2026 05:23:27.183] [main/INFO] [net.neoforged.fml.loading.moddiscovery.ModDiscoverer/SCAN]: Found library file "common-io-3.12.0.jar" [parent: yet_another_config_lib_v3-3.8.2+1.21.1-neoforge.jar, locator: jarinjar]
[14May2026 05:23:27.183] [main/INFO] [net.neoforged.fml.loading.moddiscovery.ModDiscoverer/SCAN]: Found library file "kotlin-stdlib-jdk7-2.3.0.jar" [parent: kotlinforforge-5.11.0-all.jar, locator: jarinjar]
[14May2026 05:23:27.183] [main/INFO] [net.neoforged.fml.loading.moddiscovery.ModDiscoverer/SCAN]: Found library file "kotlin-stdlib-jdk8-2.3.0.jar" [parent: kotlinforforge-5.11.0-all.jar, locator: jarinjar]
[14May2026 05:23:27.183] [main/INFO] [net.neoforged.fml.loading.moddiscovery.ModDiscoverer/SCAN]: Found library file "dazzleconf-core-1.3.0-M2.jar" [parent: servercore-neoforge-1.5.10+1.21.1.jar, locator: jarinjar]
[14May2026 05:23:27.184] [main/INFO] [net.neoforged.fml.loading.moddiscovery.ModDiscoverer/SCAN]: Found library file "imageio-webp-3.12.0.jar" [parent: yet_another_config_lib_v3-3.8.2+1.21.1-neoforge.jar, locator: jarinjar]
[14May2026 05:23:27.184] [main/INFO] [net.neoforged.fml.loading.moddiscovery.ModDiscoverer/SCAN]: Found library file "kotlinx-serialization-core-jvm-1.9.0.jar" [parent: kotlinforforge-5.11.0-all.jar, locator: jarinjar]
[14May2026 05:23:27.184] [main/INFO] [net.neoforged.fml.loading.moddiscovery.ModDiscoverer/SCAN]: Found gamelibrary file "Registrate-MC1.21-1.3.0+67.jar" [parent: create-1.21.1-6.0.10.jar, locator: jarinjar, reader: mod manifest]
[14May2026 05:23:27.184] [main/INFO] [net.neoforged.fml.loading.moddiscovery.ModDiscoverer/SCAN]: Found mod file "expandability-neoforge-12.0.0.jar" [parent: artifacts-neoforge-13.2.1.jar, locator: jarinjar, reader: mod manifest]
[14May2026 05:23:27.184] [main/INFO] [net.neoforged.fml.loading.moddiscovery.ModDiscoverer/SCAN]: Found library file "common-image-3.12.0.jar" [parent: yet_another_config_lib_v3-3.8.2+1.21.1-neoforge.jar, locator: jarinjar]
[14May2026 05:23:27.184] [main/INFO] [net.neoforged.fml.loading.moddiscovery.ModDiscoverer/SCAN]: Found library file "bytecodecs-1.1.2.jar" [parent: resourcefullib-neoforge-1.21-3.0.12.jar, locator: jarinjar]
[14May2026 05:23:27.184] [main/INFO] [net.neoforged.fml.loading.moddiscovery.ModDiscoverer/SCAN]: Found library file "kotlinx-serialization-json-jvm-1.9.0.jar" [parent: kotlinforforge-5.11.0-all.jar, locator: jarinjar]
[14May2026 05:23:27.184] [main/INFO] [net.neoforged.fml.loading.moddiscovery.ModDiscoverer/SCAN]: Found mod file "journeymap-api-neoforge-2.0.0-1.21.1-SNAPSHOT.jar" [parent: journeymap-neoforge-1.21.1-6.0.0-beta.66.jar, locator: jarinjar, reader: mod manifest]
[14May2026 05:23:27.184] [main/INFO] [net.neoforged.fml.loading.moddiscovery.ModDiscoverer/SCAN]: Found library file "common-lang-3.12.0.jar" [parent: yet_another_config_lib_v3-3.8.2+1.21.1-neoforge.jar, locator: jarinjar]
[14May2026 05:23:27.184] [main/INFO] [net.neoforged.fml.loading.moddiscovery.ModDiscoverer/SCAN]: Found library file "imageio-core-3.12.0.jar" [parent: immersive_paintings-neoforge-1.21.1-0.7.6.jar, locator: jarinjar]
[14May2026 05:23:27.184] [main/INFO] [net.neoforged.fml.loading.moddiscovery.ModDiscoverer/SCAN]: Found library file "snakeyaml-2.4.jar" [parent: krypton_fnp-neoforge-1.21.1-0.2.28.1-1.21.1.jar, locator: jarinjar]
[14May2026 05:23:27.184] [main/INFO] [net.neoforged.fml.loading.moddiscovery.ModDiscoverer/SCAN]: Found library file "jankson-1.2.3.jar" [parent: cristellib-neoforge-1.21.1-3.0.3.jar, locator: jarinjar]
[14May2026 05:23:27.189] [main/INFO] [net.neoforged.fml.loading.moddiscovery.ModDiscoverer/]: 
     Mod List:
		Name Version (Mod Id)

		[Let's Do Addon] Compat 2.3.1 (letsdocompat)
		[Let's Do] Brewery 2.1.9 (brewery)
		[Let's Do] Farm & Charm 1.1.22 (farm_and_charm)
		[Let's Do] Vinery 1.5.3 (vinery)
		Abridged 2.0.1 (abridged)
		AchievementOptimizer 2.1.0 (achiopt)
		Addons Lib 1.21.1-1.10 (addonslib)
		AdventureDungeons 1.3.1 (adventuredungeons)
		AI-Improvements 0.5.3 (aiimprovements)
		All The Leaks 1.1.6+1.21.1-neoforge (alltheleaks)
		Alternate Current 1.9.0 (alternate_current)
		AppleSkin 3.0.9+mc1.21 (appleskin)
		Architectury 13.0.8 (architectury)
		Artifacts 13.2.1 (artifacts)
		Artifacts Crafting 1.1.0 (artifactscrafting)
		AstikorCarts Redux 1.2.2 (astikorcartsredux)
		atistructures 1.4.0 (atistructures)
		AttributeFix 21.1.3 (attributefix)
		BaguetteLib 2.0.3 (baguettelib)
		Balm 21.0.56 (balm)
		BCLib 21.0.20 (bclib)
		Better End 21.0.24 (betterend)
		betterchunkloading mod 5.4 (betterchunkloading)
		Biolith 3.0.10 (biolith)
		Bocchium 1.21.1-0.0.3 (bocchium)
		Bookshelf 21.1.81 (bookshelf)
		Boss Checklist 5.0.1 (boss_checklist)
		Bosses of Mass Destruction 1.3.2 (bosses_of_mass_destruction)
		Bosses'Rise 2.0.12 (block_factorys_bosses)
		Caelus API 7.0.1+1.21.1 (caelus)
		Carrascon Lib 1.21.1-0.1 (carrasconlib)
		Cerbons API 1.3.0 (cerbons_api)
		Charm of Undying 9.1.0+1.21.1 (charmofundying)
		ChoiceTheorem's Overhauled Village 3.6.3 (ctov)
		chunksending mod 2.8 (chunksending)
		Chunky 1.4.23 (chunky)
		Clean Swing 1.9 (cleanswing)
		clientcrafting mod 1.8 (clientcrafting)
		Cloth Config v15 API 15.0.140 (cloth_config)
		Clumps 19.0.0.1 (clumps)
		Common Networking 1.0.21-1.21.1 (commonnetworking)
		Compat Delight 1.0.1.1 (compatdelight)
		Connectivity Mod 7.6 (connectivity)
		Copper Age Backport 0.1.4 (copperagebackport)
		CoroUtil 1.21.0-1.3.8 (coroutil)
		Corpse 1.21.1-1.1.13 (corpse)
		Corpse Curios Compatibility 4.0.1 (corpsecurioscompat)
		Cosmetic Armor x Corpse Compat 4.0.1 (cosmeticcorpsecompat)
		CosmeticArmorReworked 1.21.1-v1-neoforge (cosmeticarmorreworked)
		CrashExploitFixer 1.1.0 (crashexploitfixer)
		Create 6.0.10 (create)
		Create Slice & Dice 4.2.4 (sliceanddice)
		Create: Steam 'n' Rails 1.21.1 0.2.0-beta.2+neoforge-mc1.21.1 (railways)
		CreateBetterFps 1.1.4 (createbetterfps)
		CreativeCore 2.13.38 (creativecore)
		Creeper Overhaul 4.0.6 (creeperoverhaul)
		Cristel Lib 3.0.3 (cristellib)
		Cupboard mod 2.9 (cupboard)
		Curios API 9.5.1+1.21.1 (curios)
		Deeper and Darker 1.4 (deeperdarker)
		Default Options 21.1.5 (defaultoptions)
		DespawnTweakerRefoxed 1.0-SNAPSHOT (despawntweaker)
		Dungeons and Taverns 1-v4.4.4 (mr_dungeons_andtaverns)
		Dynamic view distance 4.0 (dynview)
		Echoes of the End ( Structures ) 11.00.12 (echoes_of_the_end__structures_)
		Elytra Slot 9.0.2+1.21.1 (elytraslot)
		Elytra Slot Compat 1.2.0-1.21.1 (elytraslot_compat)
		End Remastered 6.0.2 (endrem)
		End's Delight 2.5.1+neoforge.1.21.1 (ends_delight)
		Ender Dragon Fight Remastered 5.0-beta4 (mr_edf_remastered)
		Enderman Overhaul 2.0.3 (endermanoverhaul)
		Eternal Nether 21.1.3 (eternalnether)
		ExpandAbility 12.0.0 (expandability)
		Explorer's Compass 1.21.1-3.4.0-neoforge (explorerscompass)
		Faewulf's Lib 1.3.2 (faewulf_lib)
		FallingTree 1.21.1.11 (fallingtree)
		Farmer's Delight 1.3.0 (farmersdelight)
		Fast IP Ping 1.0.8 (fastipping)
		Fast Item Frames 21.1.6 (fastitemframes)
		Fast Paintings 1.21-1.3.0 (fastpaintings)
		fastasyncworldsave mod 2.6 (fastasyncworldsave)
		Ferrite Core 7.0.3 (ferritecore)
		Flywheel 1.0.6 (flywheel)
		Framework 0.13.11 (framework)
		Fzzy Config 0.7.6+1.21+neoforge (fzzy_config)
		Galosphere 1.5.3 (galosphere)
		GeckoLib 4 4.8.4 (geckolib)
		Global XP 1.12 (globalxp)
		Gnetum 3.2.5 (gnetum)
		Goblin Traders 1.11.2 (goblintraders)
		Gpu memory leak fix 1.8 (gpumemleakfix)
		Grim kingdoms: Lost structures & ruins 1-v1.0.3 (mr_grim_kingdomsloststructuresruins)
		Hammers Extension! 2.1.5 (hammers)
		Immersive Optimization 0.1.1 (immersive_optimization)
		Immersive Paintings 0.7.6 (immersive_paintings)
		Item Obliterator 2.3.0 (item_obliterator)
		Jade 15.10.5+neoforge (jade)
		JamLib 1.3.6+1.21.1 (jamlib)
		Journeymap 1.21.1-6.0.0-beta.66 (journeymap)
		JourneyMap API 2.0.0 (journeymap_api)
		Just Enough Items 19.27.0.340 (jei)
		KleeSlabs 21.1.10 (kleeslabs)
		Kotlin For Forge 5.11.0 (kotlinforforge)
		Krypton FNP 0.2.28.1-1.21.1 (krypton_fnp)
		Ksyxis 1.3.4 (ksyxis)
		KumaAPI 21.0.7 (kuma_api)
		L_Ender's Cataclysm 1.21.1 3.27 (cataclysm)
		leaky mod 2.4 (leaky)
		limitedchunks mod 4.1 (limitedchunks)
		lionfishapi 2.7 (lionfishapi)
		Lithium 0.15.3+mc1.21.1 (lithium)
		Lithostitched 1.7.2 (lithostitched)
		Load My F***ing Tags 1.1.1+1.21.9 (lmft)
		Lootr 1.21.1-1.11.37.118 (lootr)
		Luki's Crazy Chambers 1.0.3 (mr_lukis_crazychambers)
		Luki's Strongholds 1-v1.0 (mr_lukis_strongholds)
		Macaw's Bridges 3.1.2 (mcwbridges)
		Macaw's Doors 1.1.5 (mcwdoors)
		Macaw's Regions Unexplored 1.21.1-1.5 (mcwregionsunexplored)
		Macaw's Stairs and Balconies 1.0.2 (mcwstairs)
		Macaw's Windows 2.4.2 (mcwwindows)
		MaxHealthFix 21.1.4 (maxhealthfix)
		memorysettings mod 5.9 (memorysettings)
		Minecraft 1.21.1 (minecraft)
		Minopp 1.4.0+1.21.1+neoforge (minopp)
		ModernFix 5.26.1+mc1.21.1 (modernfix)
		Moog's Structure Lib 2.0.2 (moogs_structures)
		MoogsEndStructures 2.0.0 (mes)
		MoogsNetherStructures 2.0.31 (mns)
		MoogsSoaringStructures 2.0.2 (mss)
		MoogsVoyagerStructures 5.0.8 (mvs)
		Moonlight Lib 1.21-2.29.16 (moonlight)
		MrCrayfish's Furniture Mod: Refurbished 1.0.22 (refurbished_furniture)
		My Nether's Delight 1.10 (mynethersdelight)
		Myths & Legends 0.0.8.5 (mythsandlegends)
		Necronomicon 1.6.0 (necronomicon)
		Neo Bee Fix 1.0.8 (neobeefix)
		NeoForge 21.1.228 (neoforge)
		Noisium 2.7.0+mc1.21-1.21.1 (noisium)
		Ocean's Delight 1.0.4 (oceansdelight)
		Paraglider 21.1.5 (paraglider)
		Performance Tweaks 1.2.0 (perf_tweaks)
		Piggyback 1.1.1 (piggyback)
		Platform 1.3 (platform)
		PlayerRevive 2.1.0 (playerrevive)
		Polymorph 1.1.0+1.21.1 (polymorph)
		Ponder 1.0.82+mc1.21.1 (ponder)
		PrickleMC 21.1.11 (prickle)
		Puzzles Lib 21.1.39 (puzzleslib)
		Realm RPG: Fallen Adventurers 1.1.0 (realmrpg_skeletons)
		Realm RPG: Treasure Balloons 0.9.1 (realmrpg_balloons)
		recipeessentials mod 4.0 (recipeessentials)
		Regions Unexplored 0.6+beta4 (regions_unexplored)
		Resourceful Lib 3.0.12 (resourcefullib)
		Resourcefulconfig 3.0.11 (resourcefulconfig)
		RideTogether 1.0.2-1.21.1 (ridetogether)
		Right Click Harvest 4.6.1+1.21.1 (rightclickharvest)
		Rustic Engineer 1.1.4 (rustic_engineer)
		Saturn 0.1.5 (saturn)
		ScalableLux 0.1.0.1+neoforge.1cb1e91 (scalablelux)
		SecurityCraft 1.10.1 (securitycraft)
		Server Sleep 1-datapack (mr_serversleep)
		ServerCore 1.5.10+1.21.1 (servercore)
		Smoothchunk mod 4.1 (smoothchunk)
		smoothmovement mod 2.7 (smoothmovement)
		Sodium Options Mod Compat 1.0.0 (sodiumoptionsmodcompat)
		Sophisticated Backpacks 3.25.41 (sophisticatedbackpacks)
		Sophisticated Backpacks Create Integration 0.1.5 (sophisticatedbackpackscreateintegration)
		Sophisticated Core 1.4.29 (sophisticatedcore)
		Sophisticated Storage 1.5.44 (sophisticatedstorage)
		Sophisticated Storage Create Integration 0.1.17 (sophisticatedstoragecreateintegration)
		spark 1.10.124 (spark)
		SpectreLib 0.17.2+1.21 (spectrelib)
		Structure Credits 1.21.1-3.0 (structurecredits)
		Structure Essentials mod 4.8 (structureessentials)
		Structure Layout Optimizer 1.0.12 (structure_layout_optimizer)
		Tidal Towns 1.3.4 (mr_tidal_towns)
		Too Fast 0.4.3.6 (toofast)
		Towers of The Wild: Modded 1.0.9 (totw_modded)
		Towns and Towers 1.13.7 (t_and_t)
		TPA 2.0.0 (tpa)
		TrashSlot 21.1.10 (trashslot)
		Traveler's Titles 1.21.1-NeoForge-5.1.3 (travelerstitles)
		Trimmed 3.0.0 (trimmed)
		Universal Sawmill 1.21-1.7.1 (sawmill)
		VanillaBackport 1.1.6.3 (vanillabackport)
		Villages & Pillages 1.0.3 (villagesandpillages)
		WaterFrames 2.1.22 (waterframes)
		WaterVision 0.1.0-alpha (watervision)
		Waystones 21.1.30 (waystones)
		What Are They Up To 1.21.0-1.2.7 (watut)
		WorldWeaver 21.0.18 (wover)
		WunderLib 21.0.10 (wunderlib)
		YetAnotherConfigLib 3.8.2+1.21.1-neoforge (yet_another_config_lib_v3)
		YUNG's API 1.21.1-NeoForge-5.1.6 (yungsapi)
		YUNG's Better End Island 1.21.1-NeoForge-3.1.2 (betterendisland)
[14May2026 05:23:27.719] [main/INFO] [net.neoforged.fml.loading.FMLServiceProvider/CORE]: Loading coremod script-engine for [neobeefix]
[14May2026 05:23:30.364] [main/INFO] [mixin/]: Compatibility level set to JAVA_21
[14May2026 05:23:31.038] [main/INFO] [cpw.mods.modlauncher.LaunchServiceHandler/MODLAUNCHER]: Launching target 'forgeserver' with arguments [nogui]
[14May2026 05:23:31.261] [main/INFO] [com.aziz.saturn.common.Saturn/]: Loaded Saturn config file with 4 configurable options
[14May2026 05:23:31.280] [main/WARN] [mixin/]: Reference map 'saturn.refmap.json' for saturn.mixins.json could not be read. If this is a development environment you can ignore this message
[14May2026 05:23:31.281] [main/WARN] [mixin/]: Reference map 'despawntweaker.refmap.json' for despawntweaker.mixins.json could not be read. If this is a development environment you can ignore this message
[14May2026 05:23:31.388] [main/INFO] [ModernFix/]: Loaded configuration file for ModernFix 5.26.1+mc1.21.1: 78 options available, 3 override(s) found
[14May2026 05:23:31.389] [main/WARN] [ModernFix/]: Option 'mixin.perf.faster_item_rendering' overriden (by user configuration) to 'true'
[14May2026 05:23:31.390] [main/WARN] [ModernFix/]: Option 'mixin.perf.dynamic_resources' overriden (by user configuration) to 'true'
[14May2026 05:23:31.390] [main/WARN] [ModernFix/]: Option 'mixin.perf.deduplicate_location' overriden (by user configuration) to 'true'
[14May2026 05:23:31.391] [main/INFO] [ModernFix/]: Applying Nashorn fix
[14May2026 05:23:31.392] [main/WARN] [mixin/]: Reference map 'modernfix.refmap.json' for modernfix-modernfix.mixins.json could not be read. If this is a development environment you can ignore this message
[14May2026 05:23:31.472] [main/INFO] [one.pkg.config.SewliaConfig/]: All configurations saved
[14May2026 05:23:31.477] [main/INFO] [one.pkg.config.SewliaConfig/]: Reloaded configuration: ModConfig
[14May2026 05:23:31.478] [main/INFO] [one.pkg.config.SewliaConfig/]: Successfully initialized configuration manager, loaded 1 configuration classes
[14May2026 05:23:31.480] [main/WARN] [mixin/]: Reference map '' for krypton_fnp.mixins.json could not be read. If this is a development environment you can ignore this message
[14May2026 05:23:31.482] [main/WARN] [mixin/]: Reference map 'yungsapi.refmap.json' for yungsapi.mixins.json could not be read. If this is a development environment you can ignore this message
[14May2026 05:23:31.483] [main/WARN] [mixin/]: Reference map 'maxhealthfix.refmap.json' for maxhealthfix.mixins.json could not be read. If this is a development environment you can ignore this message
[14May2026 05:23:31.484] [main/WARN] [mixin/]: Reference map 'clientcrafting.refmap.json' for clientcrafting.mixins.json could not be read. If this is a development environment you can ignore this message
[14May2026 05:23:31.487] [main/WARN] [mixin/]: Reference map 'balm.refmap.json' for balm.mixins.json could not be read. If this is a development environment you can ignore this message
[14May2026 05:23:31.487] [main/WARN] [mixin/]: Reference map 'prickle.refmap.json' for prickle.mixins.json could not be read. If this is a development environment you can ignore this message
[14May2026 05:23:31.490] [main/WARN] [mixin/]: Reference map 'createbetterfps.refmap.json' for createbetterfps.mixins.json could not be read. If this is a development environment you can ignore this message
[14May2026 05:23:31.493] [main/WARN] [mixin/]: Reference map 'copperagebackport.neoforge.refmap.json' for copperagebackport.neoforge.mixins.json could not be read. If this is a development environment you can ignore this message
[14May2026 05:23:31.543] [main/WARN] [mixin/]: Reference map 'curios.refmap.json' for curios.neoforge.mixins.json could not be read. If this is a development environment you can ignore this message
[14May2026 05:23:31.543] [main/WARN] [mixin/]: Reference map 'curios.refmap.json' for curios.mixins.json could not be read. If this is a development environment you can ignore this message
[14May2026 05:23:31.547] [main/WARN] [mixin/]: Reference map '' for mixins.sodiumoptionsmodcompat.json could not be read. If this is a development environment you can ignore this message
[14May2026 05:23:31.548] [main/WARN] [mixin/]: Reference map 'globalxp.refmap.json' for globalxp.mixins.json could not be read. If this is a development environment you can ignore this message
[14May2026 05:23:31.549] [main/WARN] [mixin/]: Reference map 'betterendisland.refmap.json' for betterendisland.mixins.json could not be read. If this is a development environment you can ignore this message
[14May2026 05:23:31.549] [main/WARN] [mixin/]: Reference map 'playerrevive.mixin.refmap.json' for playerrevive.mixins.json could not be read. If this is a development environment you can ignore this message
[14May2026 05:23:31.551] [main/WARN] [mixin/]: Reference map 'elytraslot.refmap.json' for elytraslot-integrations.mixins.json could not be read. If this is a development environment you can ignore this message
[14May2026 05:23:31.633] [main/INFO] [LithiumConfig/]: Option 'mixin.experimental.entity.block_caching.suffocation' requires 'mixin.util.block_tracking=true' but found 'false'. Setting 'mixin.experimental.entity.block_caching.suffocation=false'.
[14May2026 05:23:31.634] [main/INFO] [LithiumConfig/]: Option 'mixin.experimental.entity.block_caching.block_support' requires 'mixin.util.block_tracking=true' but found 'false'. Setting 'mixin.experimental.entity.block_caching.block_support=false'.
[14May2026 05:23:31.634] [main/INFO] [LithiumConfig/]: Option 'mixin.experimental.entity.block_caching.block_touching' requires 'mixin.util.block_tracking=true' but found 'false'. Setting 'mixin.experimental.entity.block_caching.block_touching=false'.
[14May2026 05:23:31.634] [main/INFO] [LithiumConfig/]: Option 'mixin.experimental.entity.block_caching' requires 'mixin.util.block_tracking=true' but found 'false'. Setting 'mixin.experimental.entity.block_caching=false'.
[14May2026 05:23:31.635] [main/INFO] [Lithium/]: Loaded configuration file for Lithium: 148 options available, 0 override(s) found
[14May2026 05:23:31.638] [main/WARN] [mixin/]: Reference map 'attributefix.refmap.json' for attributefix.mixins.json could not be read. If this is a development environment you can ignore this message
[14May2026 05:23:31.639] [main/WARN] [mixin/]: Reference map 'goblintraders.refmap.json' for goblintraders.common.mixins.json could not be read. If this is a development environment you can ignore this message
[14May2026 05:23:31.640] [main/WARN] [mixin/]: Reference map 'fastasyncworldsave.refmap.json' for fastasyncworldsave.mixins.json could not be read. If this is a development environment you can ignore this message
[14May2026 05:23:31.641] [main/WARN] [mixin/]: Reference map 'immersive_optimization.refmap.json' for immersive_optimization.mixins.json could not be read. If this is a development environment you can ignore this message
[14May2026 05:23:31.643] [main/WARN] [mixin/]: Reference map 'adventuredungeons.refmap.json' for adventuredungeons.mixins.json could not be read. If this is a development environment you can ignore this message
[14May2026 05:23:31.645] [main/WARN] [mixin/]: Reference map 'trimmed.refmap.json' for trimmed.mixins.json could not be read. If this is a development environment you can ignore this message
[14May2026 05:23:31.646] [main/WARN] [mixin/]: Reference map 'trimmed.refmap.json' for trimmed.neo.mixins.json could not be read. If this is a development environment you can ignore this message
[14May2026 05:23:31.647] [main/WARN] [mixin/]: Reference map 'smoothchunk.refmap.json' for smoothchunk.mixins.json could not be read. If this is a development environment you can ignore this message
[14May2026 05:23:31.702] [main/WARN] [mixin/]: Reference map 'ponder.refmap.json' for ponder-common.mixins.json could not be read. If this is a development environment you can ignore this message
[14May2026 05:23:31.702] [main/WARN] [mixin/]: Reference map 'smoothmovement.refmap.json' for smoothmovement.mixins.json could not be read. If this is a development environment you can ignore this message
[14May2026 05:23:31.703] [main/WARN] [mixin/]: Reference map 'polymorph.refmap.json' for polymorph.mixins.json could not be read. If this is a development environment you can ignore this message
[14May2026 05:23:31.705] [main/WARN] [mixin/]: Reference map 'polymorph.refmap.json' for polymorph-compatibility.mixins.json could not be read. If this is a development environment you can ignore this message
[14May2026 05:23:31.706] [main/WARN] [mixin/]: Reference map 'securitycraft.refmap.json' for securitycraft.mixins.json could not be read. If this is a development environment you can ignore this message
[14May2026 05:23:31.708] [main/WARN] [mixin/]: Reference map 'cosmeticcorpsecompat.refmap.json' for cosmeticcorpsecompat.mixins.json could not be read. If this is a development environment you can ignore this message
[14May2026 05:23:31.711] [main/WARN] [mixin/]: Reference map 'gnetum.mixins.refmap.json' for gnetum.mixins.json could not be read. If this is a development environment you can ignore this message
[14May2026 05:23:31.715] [main/WARN] [mixin/]: Reference map 'chunksending.refmap.json' for chunksending.mixins.json could not be read. If this is a development environment you can ignore this message
[14May2026 05:23:31.717] [main/WARN] [mixin/]: Reference map 'defaultoptions.refmap.json' for defaultoptions.mixins.json could not be read. If this is a development environment you can ignore this message
[14May2026 05:23:31.718] [main/WARN] [mixin/]: Reference map 'defaultoptions.refmap.json' for defaultoptions.neoforge.mixins.json could not be read. If this is a development environment you can ignore this message
[14May2026 05:23:31.719] [main/WARN] [mixin/]: Reference map 'kuma_api.refmap.json' for kuma_api.mixins.json could not be read. If this is a development environment you can ignore this message
[14May2026 05:23:31.727] [main/WARN] [mixin/]: Reference map 'geckolib.refmap.json' for geckolib.mixins.json could not be read. If this is a development environment you can ignore this message
[14May2026 05:23:31.728] [main/WARN] [mixin/]: Reference map 'recipeessentials.refmap.json' for recipeessentials.mixins.json could not be read. If this is a development environment you can ignore this message
[14May2026 05:23:31.730] [main/WARN] [mixin/]: Reference map 'connectivity.refmap.json' for connectivity.mixins.json could not be read. If this is a development environment you can ignore this message
[14May2026 05:23:31.731] [main/WARN] [mixin/]: Reference map 'kleeslabs.refmap.json' for kleeslabs.mixins.json could not be read. If this is a development environment you can ignore this message
[14May2026 05:23:31.732] [main/WARN] [mixin/]: Reference map 'kleeslabs.refmap.json' for kleeslabs.neoforge.mixins.json could not be read. If this is a development environment you can ignore this message
[14May2026 05:23:31.732] [main/WARN] [mixin/]: Reference map 'gpumemleakfix.refmap.json' for gpumemleakfix.mixins.json could not be read. If this is a development environment you can ignore this message
[14May2026 05:23:31.735] [main/WARN] [mixin/]: Reference map 'structureessentials.refmap.json' for structureessentials.mixins.json could not be read. If this is a development environment you can ignore this message
[14May2026 05:23:31.737] [main/WARN] [mixin/]: Reference map 'bookshelf.refmap.json' for bookshelf.mixins.json could not be read. If this is a development environment you can ignore this message
[14May2026 05:23:31.765] [main/WARN] [mixin/]: Reference map 'Steam_Rails-neoforge-refmap.json' for railways.mixins.json could not be read. If this is a development environment you can ignore this message
[14May2026 05:23:31.770] [main/WARN] [mixin/]: Reference map 'faewulf_lib.refmap.json' for faewulf_lib.mixins.json could not be read. If this is a development environment you can ignore this message
[14May2026 05:23:31.771] [main/WARN] [mixin/]: Reference map 'faewulf_lib.refmap.json' for faewulf_lib.client.mixins.json could not be read. If this is a development environment you can ignore this message
[14May2026 05:23:31.771] [main/WARN] [mixin/]: Reference map 'endrem.refmap.json' for endrem.mixins.json could not be read. If this is a development environment you can ignore this message
[14May2026 05:23:31.772] [main/WARN] [mixin/]: Reference map 'lionfishapi.refmap.json' for lionfishapi.mixins.json could not be read. If this is a development environment you can ignore this message
[14May2026 05:23:31.773] [main/WARN] [mixin/]: Reference map 'leaky.refmap.json' for leaky.mixins.json could not be read. If this is a development environment you can ignore this message
[14May2026 05:23:31.776] [main/WARN] [mixin/]: Reference map 'memorysettings.refmap.json' for memorysettings.mixins.json could not be read. If this is a development environment you can ignore this message
[14May2026 05:23:31.777] [main/WARN] [mixin/]: Reference map 'cataclysm.refmap.json' for cataclysm.mixins.json could not be read. If this is a development environment you can ignore this message
[14May2026 05:23:31.780] [main/WARN] [mixin/]: Reference map 'watervision.mixin-refmap.json' for watervision.mixin.json could not be read. If this is a development environment you can ignore this message
[14May2026 05:23:31.780] [main/WARN] [mixin/]: Reference map 'tpa.refmap.json' for tpa.mixins.json could not be read. If this is a development environment you can ignore this message
[14May2026 05:23:31.789] [main/WARN] [mixin/]: Reference map 'cupboard.refmap.json' for cupboard.mixins.json could not be read. If this is a development environment you can ignore this message
[14May2026 05:23:31.790] [main/WARN] [mixin/]: Reference map 'refurbished_furniture.refmap.json' for refurbished_furniture.common.mixins.json could not be read. If this is a development environment you can ignore this message
[14May2026 05:23:31.791] [main/WARN] [mixin/]: Reference map 'piggyback.refmap.json' for piggyback.mixins.json could not be read. If this is a development environment you can ignore this message
[14May2026 05:23:31.792] [main/WARN] [mixin/]: Reference map 'piggyback.refmap.json' for piggyback.client.mixins.json could not be read. If this is a development environment you can ignore this message
[14May2026 05:23:31.792] [main/WARN] [mixin/]: Reference map 'piggyback.refmap.json' for piggyback.compat.mixins.json could not be read. If this is a development environment you can ignore this message
[14May2026 05:23:31.794] [main/WARN] [mixin/]: Reference map 'trashslot.refmap.json' for trashslot.mixins.json could not be read. If this is a development environment you can ignore this message
[14May2026 05:23:31.795] [main/WARN] [mixin/]: Reference map 'limitedchunks.refmap.json' for limitedchunks.mixins.json could not be read. If this is a development environment you can ignore this message
[14May2026 05:23:31.827] [main/WARN] [mixin/]: Reference map 'waystones.refmap.json' for waystones.mixins.json could not be read. If this is a development environment you can ignore this message
[14May2026 05:23:31.828] [main/WARN] [mixin/]: Reference map 'clumps.refmap.json' for clumps.mixins.json could not be read. If this is a development environment you can ignore this message
[14May2026 05:23:31.829] [main/WARN] [mixin/]: Reference map 'journeymap-refmap.json' for journeymap.mixins.json could not be read. If this is a development environment you can ignore this message
[14May2026 05:23:31.833] [main/WARN] [mixin/]: Reference map 'travelerstitles.refmap.json' for travelerstitles.mixins.json could not be read. If this is a development environment you can ignore this message
[14May2026 05:23:31.834] [main/WARN] [mixin/]: Reference map 'toofast.refmap.json' for toofast.mixins.json could not be read. If this is a development environment you can ignore this message
[14May2026 05:23:31.840] [main/WARN] [mixin/]: Reference map '${mod_id}.refmap.json' for regions_unexplored.mixins.json could not be read. If this is a development environment you can ignore this message
[14May2026 05:23:31.842] [main/WARN] [mixin/]: Reference map '${mod_id}.refmap.json' for regions_unexplored.neoforge.mixins.json could not be read. If this is a development environment you can ignore this message
[14May2026 05:23:31.843] [main/WARN] [mixin/]: Reference map 'creativecore.mixins.refmap.json' for creativecore.mixins.json could not be read. If this is a development environment you can ignore this message
[14May2026 05:23:31.845] [main/WARN] [mixin/]: Reference map 'creativecore.mixins.refmap.json' for creativecore.forge.mixins.json could not be read. If this is a development environment you can ignore this message
[14May2026 05:23:31.851] [main/WARN] [mixin/]: Reference map 'immersive_paintings.refmap.json' for immersive_paintings.mixins.json could not be read. If this is a development environment you can ignore this message
[14May2026 05:23:31.853] [main/WARN] [mixin/]: Reference map 'betterchunkloading.refmap.json' for betterchunkloading.mixins.json could not be read. If this is a development environment you can ignore this message
[14May2026 05:23:31.854] [main/WARN] [mixin/]: Reference map 'watut.refmap.json' for watut.mixins.json could not be read. If this is a development environment you can ignore this message
[14May2026 05:23:31.886] [main/WARN] [mixin/]: Reference map '${refmap_target}refmap.json' for ferritecore.predicates.mixin.json could not be read. If this is a development environment you can ignore this message
[14May2026 05:23:31.889] [main/WARN] [mixin/]: Reference map '${refmap_target}refmap.json' for ferritecore.fastmap.mixin.json could not be read. If this is a development environment you can ignore this message
[14May2026 05:23:31.892] [main/WARN] [mixin/]: Reference map '${refmap_target}refmap.json' for ferritecore.mrl.mixin.json could not be read. If this is a development environment you can ignore this message
[14May2026 05:23:31.896] [main/WARN] [mixin/]: Reference map '${refmap_target}refmap.json' for ferritecore.dedupmultipart.mixin.json could not be read. If this is a development environment you can ignore this message
[14May2026 05:23:31.897] [main/WARN] [mixin/]: Reference map '${refmap_target}refmap.json' for ferritecore.blockstatecache.mixin.json could not be read. If this is a development environment you can ignore this message
[14May2026 05:23:31.898] [main/WARN] [mixin/]: Reference map '${refmap_target}refmap.json' for ferritecore.dedupbakedquad.mixin.json could not be read. If this is a development environment you can ignore this message
[14May2026 05:23:31.902] [main/WARN] [mixin/]: Reference map '${refmap_target}refmap.json' for ferritecore.threaddetec.mixin.json could not be read. If this is a development environment you can ignore this message
[14May2026 05:23:31.902] [main/WARN] [mixin/]: Reference map '${refmap_target}refmap.json' for ferritecore.modelsides.mixin.json could not be read. If this is a development environment you can ignore this message
[14May2026 05:23:31.903] [main/WARN] [mixin/]: Reference map '${refmap_target}refmap.json' for ferritecore.datacomponents.mixin.json could not be read. If this is a development environment you can ignore this message
[14May2026 05:23:31.906] [main/WARN] [mixin/]: Reference map '${refmap_target}refmap.json' for ferritecore.accessors.mixin.json could not be read. If this is a development environment you can ignore this message
[14May2026 05:23:31.906] [main/WARN] [mixin/]: Reference map 'yet_another_config_lib_v3.refmap.json' for yacl.mixins.json could not be read. If this is a development environment you can ignore this message
[14May2026 05:23:31.907] [main/WARN] [mixin/]: Reference map 'charmofundying.refmap.json' for charmofundying.mixins.json could not be read. If this is a development environment you can ignore this message
[14May2026 05:23:33.142] [main/INFO] [KryptonFNP MixinBootstrap/]: Mixin one.pkg.kfnp.mixin.network.experimental.RconClientMixin disabled
[14May2026 05:23:33.143] [main/INFO] [KryptonFNP MixinBootstrap/]: Mixin one.pkg.kfnp.mixin.network.microopt.ServerEntityMixin enabled
[14May2026 05:23:33.143] [main/INFO] [KryptonFNP MixinBootstrap/]: Mixin one.pkg.kfnp.mixin.network.microopt.Utf8StringMixin enabled
[14May2026 05:23:33.144] [main/INFO] [KryptonFNP MixinBootstrap/]: Mixin one.pkg.kfnp.mixin.network.microopt.VarIntMixin enabled
[14May2026 05:23:33.144] [main/INFO] [KryptonFNP MixinBootstrap/]: Mixin one.pkg.kfnp.mixin.network.microopt.VarLongMixin enabled
[14May2026 05:23:33.144] [main/INFO] [KryptonFNP MixinBootstrap/]: Mixin one.pkg.kfnp.mixin.network.pipeline.LegacyQueryHandlerMixin enabled
[14May2026 05:23:33.145] [main/INFO] [KryptonFNP MixinBootstrap/]: Mixin one.pkg.kfnp.mixin.network.pipeline.Varint21FrameDecoderMixin enabled
[14May2026 05:23:33.146] [main/INFO] [KryptonFNP MixinBootstrap/]: Mixin one.pkg.kfnp.mixin.network.pipeline.compression.ConnectionMixin enabled
[14May2026 05:23:33.146] [main/INFO] [KryptonFNP MixinBootstrap/]: Mixin one.pkg.kfnp.mixin.network.pipeline.encryption.ConnectionMixin enabled
[14May2026 05:23:33.147] [main/INFO] [KryptonFNP MixinBootstrap/]: Mixin one.pkg.kfnp.mixin.network.pipeline.encryption.ServerLoginPacketListenerImplMixin enabled
[14May2026 05:23:33.147] [main/INFO] [KryptonFNP MixinBootstrap/]: Mixin one.pkg.kfnp.mixin.network.pipeline.prepender.ConnectionMixin enabled
[14May2026 05:23:33.148] [main/INFO] [KryptonFNP MixinBootstrap/]: Mixin one.pkg.kfnp.mixin.network.thread.ServerLoginPacketListenerImplMixin enabled
[14May2026 05:23:33.397] [main/WARN] [mixin/]: Error loading class: jeresources/api/util/BiomeHelper (java.lang.ClassNotFoundException: jeresources.api.util.BiomeHelper)
[14May2026 05:23:33.398] [main/WARN] [mixin/]: Error loading class: yalter/mousetweaks/Main (java.lang.ClassNotFoundException: yalter.mousetweaks.Main)
[14May2026 05:23:33.821] [main/WARN] [mixin/]: Error loading class: dynamic_fps/impl/DynamicFPSMod (java.lang.ClassNotFoundException: dynamic_fps.impl.DynamicFPSMod)
[14May2026 05:23:33.821] [main/WARN] [mixin/]: @Mixin target dynamic_fps.impl.DynamicFPSMod was not found mixins.sodiumoptionsmodcompat.json:DynamicFPSConfigAccessor from mod sodiumoptionsmodcompat
[14May2026 05:23:34.186] [main/INFO] [AllTheLeaks/]: Class dev.uncandango.alltheleaks.leaks.common.mods.neoforge.Issue1487 will be loaded as it matches versions: 21.1.228 in [21.,)
[14May2026 05:23:34.186] [main/INFO] [AllTheLeaks/]: Mixins added to allowed list: [main.ServerPlayerMixin, main.PlayerListMixin, main.accessor.PlayerAdvancementsAccessor]
[14May2026 05:23:34.186] [main/INFO] [AllTheLeaks/]: Class dev.uncandango.alltheleaks.leaks.common.mods.neoforge.Issue1486 will be loaded as it matches versions: 21.1.228 in [21.,)
[14May2026 05:23:34.187] [main/INFO] [AllTheLeaks/]: Class dev.uncandango.alltheleaks.leaks.common.mods.minecraft.UntrackedIssue002 will be loaded as it matches versions: 1.21.1 in 1.21.1
[14May2026 05:23:34.187] [main/INFO] [AllTheLeaks/]: Class dev.uncandango.alltheleaks.leaks.common.mods.minecraft.UntrackedIssue001 will be loaded as it matches versions: 1.21.1 in 1.21.1
[14May2026 05:23:34.187] [main/INFO] [AllTheLeaks/]: Mixins added to allowed list: [main.EntityTickListMixin]
[14May2026 05:23:34.189] [main/INFO] [AllTheLeaks/]: Class dev.uncandango.alltheleaks.leaks.common.mods.geckolib.UntrackedIssue001 will be loaded as it matches versions: 4.8.4 in *
[14May2026 05:23:34.189] [main/INFO] [AllTheLeaks/]: Mixins added to allowed list: [main.SingletonGeoAnimatableMixin]
[14May2026 05:23:34.189] [main/INFO] [AllTheLeaks/]: Class dev.uncandango.alltheleaks.leaks.common.mods.curios.Issue22 will be loaded as it matches versions: 9.5.1+1.21.1 in [9.0.6,)
[14May2026 05:23:34.189] [main/INFO] [AllTheLeaks/]: Mixins added to allowed list: [main.CuriosEventHandlerMixin]
[14May2026 05:23:34.190] [main/INFO] [AllTheLeaks/]: Class dev.uncandango.alltheleaks.leaks.common.mods.connectivity.UntrackedIssue001 will be loaded as it matches versions: 7.6 in [5.8,)
[14May2026 05:23:34.205] [main/INFO] [AllTheLeaks/]: Class dev.uncandango.alltheleaks.feature.common.mods.minecraft.SaveWithLoadedChunks will be loaded as it matches versions: 1.21.1 in 1.21.1
[14May2026 05:23:34.205] [main/INFO] [AllTheLeaks/]: Class dev.uncandango.alltheleaks.feature.common.mods.minecraft.MemoryMonitor will be loaded as it matches versions: 1.21.1 in 1.21.1
[14May2026 05:23:34.205] [main/INFO] [AllTheLeaks/]: Mixins added to allowed list: [main.PlayerMixin, main.ChunkAccessMixin, main.LevelMixin, main.MinecraftServerMixin]
[14May2026 05:23:34.205] [main/INFO] [AllTheLeaks/]: Class dev.uncandango.alltheleaks.diag.common.mods.minecraft.LogSavedData will be loaded as it matches versions: 21.1.228 in [21.1,)
[14May2026 05:23:34.205] [main/INFO] [AllTheLeaks/]: Mixins added to allowed list: [main.SavedDataMixin]
[14May2026 05:23:34.286] [main/WARN] [mixin/]: Error loading class: betterdays/time/TimeService (java.lang.ClassNotFoundException: betterdays.time.TimeService)
[14May2026 05:23:34.286] [main/WARN] [mixin/]: @Mixin target betterdays.time.TimeService was not found smoothmovement.mixins.json:compat.BetterDaysServer from mod smoothmovement
[14May2026 05:23:34.442] [main/WARN] [mixin/]: Error loading class: com/teamabnormals/blueprint/common/world/modification/ModdedBiomeSource (java.lang.ClassNotFoundException: com.teamabnormals.blueprint.common.world.modification.ModdedBiomeSource)
[14May2026 05:23:34.517] [main/INFO] [com.cupboard.Cupboard/]: Loaded config for: recipeessentials.json
[14May2026 05:23:34.598] [main/INFO] [com.cupboard.Cupboard/]: Loaded config for: structureessentials.json
[14May2026 05:23:35.124] [main/WARN] [mixin/]: Error loading class: net/minecraft/client/multiplayer/resolver/ServerAddressResolver (java.lang.ClassNotFoundException: net.minecraft.client.multiplayer.resolver.ServerAddressResolver)
[14May2026 05:23:35.124] [main/WARN] [mixin/]: @Mixin target net.minecraft.client.multiplayer.resolver.ServerAddressResolver was not found fastipping.mixins.json:AddressResolverMixin from mod fastipping
[14May2026 05:23:35.893] [main/WARN] [mixin/]: Error loading class: org/jetbrains/annotations/ApiStatus$ScheduledForRemoval (java.lang.ClassNotFoundException: org.jetbrains.annotations.ApiStatus$ScheduledForRemoval)
[14May2026 05:23:36.185] [main/INFO] [MixinExtras|Service/]: Initializing MixinExtras via com.llamalad7.mixinextras.service.MixinExtrasServiceImpl(version=0.5.3).
[14May2026 05:23:37.357] [main/INFO] [net.minecraft.server.Bootstrap/]: ModernFix reached bootstrap stage (24.64 s after launch)
[14May2026 05:23:38.395] [main/INFO] [ModernFix/]: Injecting BlockStateBase cache population hook into getOpacityIfCached from ca.spottedleaf.starlight.mixin.common.blockstate.BlockStateBaseMixin
[14May2026 05:23:38.395] [main/INFO] [ModernFix/]: Injecting BlockStateBase cache population hook into isConditionallyFullOpaque from ca.spottedleaf.starlight.mixin.common.blockstate.BlockStateBaseMixin
[14May2026 05:23:38.396] [main/INFO] [ModernFix/]: Injecting BlockStateBase cache population hook into scalablelux$actuallyDynamicLightEmission from ca.spottedleaf.starlight.mixin.common.blockstate.BlockStateBaseMixin
[14May2026 05:23:39.971] [main/WARN] [mixin/]: Static binding violation: PRIVATE @Overwrite method getTemperature in modernfix-modernfix.mixins.json:perf.remove_biome_temperature_cache.BiomeMixin from mod modernfix cannot reduce visibiliy of PUBLIC target method, visibility will be upgraded.
[14May2026 05:23:39.973] [main/WARN] [mixin/]: Method overwrite conflict for getTemperature in modernfix-modernfix.mixins.json:perf.remove_biome_temperature_cache.BiomeMixin from mod modernfix, previously written by com.aziz.saturn.mixin.leaks.biome_temperature_cache.BiomeMixin. Skipping method.
[14May2026 05:23:39.974] [main/WARN] [mixin/]: Method overwrite conflict for getTemperature in lithium.mixins.json:world.temperature_cache.BiomeMixin from mod lithium, previously written by com.aziz.saturn.mixin.leaks.biome_temperature_cache.BiomeMixin. Skipping method.
[14May2026 05:23:40.354] [main/WARN] [mixin/]: Method overwrite conflict for getSlotsForFace in lithium.mixins.json:alloc.composter.ComposterMixin$ComposterBlockComposterInventoryMixin from mod lithium, previously written by com.aziz.saturn.mixin.allocations.composter.ComposterBlockMixin$InputContainerMixin. Skipping method.
[14May2026 05:23:40.357] [main/WARN] [mixin/]: Method overwrite conflict for getSlotsForFace in lithium.mixins.json:alloc.composter.ComposterMixin$ComposterBlockDummyInventoryMixin from mod lithium, previously written by com.aziz.saturn.mixin.allocations.composter.ComposterBlockMixin$EmptyContainerMixin. Skipping method.
[14May2026 05:23:43.812] [main/INFO] [net.minecraft.server.Bootstrap/]: Vanilla bootstrap took 6453 milliseconds
[14May2026 05:23:43.986] [modloading-worker-0/INFO] [STDOUT/]: [com.Minor2CCh.elytraslot_compat.config.ECConfigLoader:load:21]: /workspaces/servidor-PENEPRONIANOOO/servidor_minecraft/config/elytraslot_compat.json
[14May2026 05:23:44.024] [modloading-worker-0/INFO] [ModSharedBootstrap/]: KryptonFNP is now accelerating your Minecraft server's networking stack 🚀
[14May2026 05:23:44.032] [modloading-worker-0/INFO] [net.neoforged.neoforge.common.NeoForgeMod/NEOFORGE-MOD]: NeoForge mod loading, version 21.1.228, for MC 1.21.1
[14May2026 05:23:44.041] [modloading-worker-0/INFO] [Elytra Slot Compat/]: ItemName:	netherite_ext:netherite_elytra
[14May2026 05:23:44.041] [modloading-worker-0/INFO] [Elytra Slot Compat/]: TextureName:	netherite_ext:textures/entity/netherite_elytra.png
[14May2026 05:23:44.041] [modloading-worker-0/INFO] [Elytra Slot Compat/]: ItemName:	netherite_plated_elytra:netherite_elytra
[14May2026 05:23:44.042] [modloading-worker-0/INFO] [Elytra Slot Compat/]: TextureName:	netherite_plated_elytra:textures/item/netherite_elytra_model.png
[14May2026 05:23:44.042] [modloading-worker-0/INFO] [Elytra Slot Compat/]: ItemName:	reimaginingpotatoes:poisonous_polytra
[14May2026 05:23:44.042] [modloading-worker-0/INFO] [Elytra Slot Compat/]: TextureName:	reimaginingpotatoes:textures/entity/poisonous_polytra.png
[14May2026 05:23:44.128] [modloading-worker-0/INFO] [ModSharedBootstrap/]: Compression will use libdeflate (Linux x86_64), encryption will use OpenSSL 3.x.x (Linux x86_64)
[14May2026 05:23:44.218] [modloading-worker-0/INFO] [biolith/]: Biolith for NeoForge is initializing...
[14May2026 05:23:44.435] [modloading-worker-0/INFO] [Copper-Age-Backport/]: Loaded config: golemBuildSpawning=true, golemPressesButtons=true, buttonPressChance=5%, golemTransportStackSize=16, weatheringTickFrom=504000, weatheringTickTo=552000
[14May2026 05:23:44.446] [modloading-worker-0/INFO] [Copper-Age-Backport/]: Initializing Copper-Age-Backport on NeoForge
[14May2026 05:23:44.448] [modloading-worker-0/INFO] [Copper-Age-Backport/]: Registering sounds for Copper-Age-Backport
[14May2026 05:23:44.451] [modloading-worker-0/INFO] [Copper-Age-Backport/]: Registering Copper Armor Material for Copper-Age-Backport
[14May2026 05:23:44.452] [modloading-worker-0/INFO] [Copper-Age-Backport/]: Registering memory module types for Copper-Age-Backport
[14May2026 05:23:44.458] [modloading-worker-0/INFO] [Copper-Age-Backport/]: Registering particles for Copper-Age-Backport
[14May2026 05:23:44.462] [modloading-worker-0/INFO] [Copper-Age-Backport/]: Registering blocks for Copper-Age-Backport
[14May2026 05:23:44.495] [modloading-worker-0/INFO] [Copper-Age-Backport/]: Registering block entities for Copper-Age-Backport
[14May2026 05:23:44.496] [modloading-worker-0/INFO] [Copper-Age-Backport/]: Registering entities for Copper-Age-Backport
[14May2026 05:23:44.498] [modloading-worker-0/INFO] [Copper-Age-Backport/]: Registering items for Copper-Age-Backport
[14May2026 05:23:44.519] [modloading-worker-0/INFO] [Copper-Age-Backport/]: ModCompat: Registered compatibility module for 'sophisticatedstorage'
[14May2026 05:23:44.520] [modloading-worker-0/INFO] [Copper-Age-Backport/]: ModCompat: Initializing 1 compatibility modules...
[14May2026 05:23:44.534] [modloading-worker-0/INFO] [Moonlight/]: Sending changed configs to client
[14May2026 05:23:44.591] [modloading-worker-0/INFO] [Copper-Age-Backport/]: ModCompat: Initialized compatibility for 'sophisticatedstorage'
[14May2026 05:23:44.591] [modloading-worker-0/INFO] [Copper-Age-Backport/]: ModCompat: Initialization complete. 1 chest handlers, 1 container handlers registered.
[14May2026 05:23:44.591] [modloading-worker-0/INFO] [Copper-Age-Backport/]: Copper-Age-Backport initialized successfully!
[14May2026 05:23:44.862] [modloading-worker-0/INFO] [noisium/]: Loading Noisium.
[14May2026 05:23:44.866] [modloading-worker-0/INFO] [fr.samlegamer.mcwregionsunexplored.McwRegionsUnexplored/]: Macaw's Regions Unexplored Loading...
[14May2026 05:23:44.874] [modloading-worker-0/INFO] [me.wesley1808.servercore.common.ServerCore/]: [ServerCore] Loaded V1.5.10+1.21.1!
[14May2026 05:23:44.960] [modloading-worker-0/INFO] [fr.samlegamer.mcwregionsunexplored.McwRegionsUnexplored/]: Macaw's Regions Unexplored Is Charged !
[14May2026 05:23:44.972] [modloading-worker-0/INFO] [regions_unexplored/]: Registered annotated config: regions_unexplored/client
[14May2026 05:23:44.973] [modloading-worker-0/INFO] [regions_unexplored/]: Loading config file: regions_unexplored/client
[14May2026 05:23:45.013] [modloading-worker-0/INFO] [regions_unexplored/]: Registered annotated config: regions_unexplored/common
[14May2026 05:23:45.013] [modloading-worker-0/INFO] [regions_unexplored/]: Loading config file: regions_unexplored/common
[14May2026 05:23:45.062] [modloading-worker-0/INFO] [com.leclowndu93150.corpsecurioscompat.Main/]: Hello from Corpse Curios Compat!
[14May2026 05:23:45.068] [modloading-worker-0/INFO] [AdventureDungeons/]: Hello NeoForge world!
[14May2026 05:23:45.075] [modloading-worker-0/INFO] [AdventureDungeons/]: Hello from Common init on NeoForge! we are currently in a production environment!
[14May2026 05:23:45.075] [modloading-worker-0/INFO] [AdventureDungeons/]: The ID for diamonds is minecraft:diamond
[14May2026 05:23:45.075] [modloading-worker-0/INFO] [AdventureDungeons/]: Hello to adventuredungeons
[14May2026 05:23:45.272] [modloading-worker-0/INFO] [necronomicon/]: Necronomicon Initialized
[14May2026 05:23:45.280] [modloading-worker-0/INFO] [necronomicon/]: File exists, reading config for elocindev.necronomicon.NecronomiconConfig.
[14May2026 05:23:45.283] [modloading-worker-0/INFO] [necronomicon/]: Config for elocindev.necronomicon.NecronomiconConfig read successfully.
[14May2026 05:23:45.305] [modloading-worker-0/INFO] [Ksyxis/MOD_KSYXIS]: Ksyxis: Booting... (platform: NeoForge/KNeoForge, manual: false)
[14May2026 05:23:45.306] [modloading-worker-0/INFO] [Ksyxis/MOD_KSYXIS]: Ksyxis: Ready. As always, this mod will speed up your world loading and might or might not break it. (mixinVersion: 0.8.7, time: 0 ms)
[14May2026 05:23:45.434] [modloading-worker-0/INFO] [com.simibubi.create.Create/]: Create 6.0.10 initializing! Commit hash: ac0c444d9828da3453ae8cc65338e8de063286fb
[14May2026 05:23:45.722] [modloading-worker-0/INFO] [thedarkcolour.kotlinforforge.neoforge.test.KotlinForForge/]: Kotlin For Forge Enabled!
[14May2026 05:23:45.812] [modloading-worker-0/INFO] [Puzzles Lib/]: Constructing common components for puzzleslib:main
[14May2026 05:23:45.890] [modloading-worker-0/INFO] [addonslib/]: AddonsLib Neoforge !
[14May2026 05:23:46.327] [modloading-worker-0/WARN] [mixin/]: @Redirect conflict. Skipping recipeessentials.mixins.json:RecipeManagerMixin from mod recipeessentials->@Redirect::logErrorOnce(Lorg/slf4j/Logger;Ljava/lang/String;Ljava/lang/Object;Ljava/lang/Object;)V with priority 200, already redirected by modernfix-modernfix.mixins.json:perf.datapack_reload_exceptions.RecipeManagerMixin from mod modernfix->@Redirect::silenceException(Lorg/slf4j/Logger;Ljava/lang/String;Ljava/lang/Object;Ljava/lang/Object;)V with priority 2000
[14May2026 05:23:46.457] [modloading-worker-0/INFO] [net.blay09.mods.balm.neoforge.config.NeoForgeBalmConfig/]: Registering config for kleeslabs:common (COMMON) with 3 properties.
[14May2026 05:23:46.480] [modloading-worker-0/INFO] [Puzzles Lib/]: Constructing common components for fastitemframes:main
[14May2026 05:23:46.630] [modloading-worker-0/INFO] [Railways/]: Steam 'n' Rails v1.6.13-alpha initializing! Commit hash: dev on Create version: 6.0.10 on platform: Neoforge
[14May2026 05:23:46.830] [modloading-worker-0/INFO] [me.fallenbreath.fastipping.FastIpPingMod/]: ping & connect fast!
[14May2026 05:23:46.843] [modloading-worker-0/INFO] [Faewulf's Lib/]: [Faewulf's Lib] Initializing...
[14May2026 05:23:46.844] [modloading-worker-0/INFO] [Faewulf's Lib/]: [Faewulf's Lib] Hello from Faewulf with <3
[14May2026 05:23:46.844] [modloading-worker-0/INFO] [Faewulf's Lib/]: [Faewulf's Lib] Init done
[14May2026 05:23:46.857] [modloading-worker-0/INFO] [End Remastered/]: End Remastered config loaded with success
[14May2026 05:23:46.869] [modloading-worker-0/INFO] [End Remastered/]: End Remastered eyes loaded with success
[14May2026 05:23:46.950] [modloading-worker-0/INFO] [Railways/]: Registered bogey styles from railways
[14May2026 05:23:46.950] [modloading-worker-0/INFO] [com.cupboard.Cupboard/]: Loaded config for: memorysettings.json
[14May2026 05:23:46.953] [modloading-worker-0/WARN] [com.memorysettings.config.CommonConfiguration/]: You have more memory allocated(12288mb) than recommended for this pack, the maximum is: 8192mb.
The recommended amount for your system is: 6998 mb.

[14May2026 05:23:47.147] [modloading-worker-0/INFO] [Railways/]: Registering data fixers
[14May2026 05:23:47.171] [modloading-worker-0/INFO] [Railways/]: Registering tracks for Hex Casting
[14May2026 05:23:47.194] [modloading-worker-0/INFO] [Railways/]: Registering tracks for Blue Skies
[14May2026 05:23:47.198] [modloading-worker-0/INFO] [Railways/]: Registering tracks for Twilight Forest
[14May2026 05:23:47.202] [modloading-worker-0/INFO] [Railways/]: Registering tracks for Biomes O' Plenty
[14May2026 05:23:47.207] [modloading-worker-0/INFO] [Railways/]: Registering tracks for Dreams and Desires
[14May2026 05:23:47.212] [modloading-worker-0/INFO] [Railways/]: Registering tracks for Quark
[14May2026 05:23:47.213] [modloading-worker-0/INFO] [Railways/]: Registering tracks for TerraFirmaCraft
[14May2026 05:23:47.295] [modloading-worker-0/INFO] [com.cupboard.Cupboard/]: Loaded config for: cupboard.json
[14May2026 05:23:47.301] [modloading-worker-0/INFO] [Piggyback/]: [Piggyback] Loading
[14May2026 05:23:47.302] [modloading-worker-0/INFO] [Piggyback/]: [Piggyback] Register commands...
[14May2026 05:23:47.316] [modloading-worker-0/INFO] [Piggyback/]: [Piggyback] Init done
[14May2026 05:23:47.352] [modloading-worker-0/INFO] [Towns and Towers/]: Loading T&T
[14May2026 05:23:47.535] [modloading-worker-0/INFO] [net.blay09.mods.balm.neoforge.config.NeoForgeBalmConfig/]: Registering config for trashslot:common (COMMON) with 5 properties.
[14May2026 05:23:47.901] [modloading-worker-0/INFO] [net.blay09.mods.balm.neoforge.config.NeoForgeBalmConfig/]: Registering config for waystones:common (COMMON) with 34 properties.
[14May2026 05:23:48.075] [modloading-worker-0/INFO] [letsdocompat/]: You shall not Json my recipes !
[14May2026 05:23:48.078] [modloading-worker-0/INFO] [JamLib/]: Initializing JamLib on NeoForge
[14May2026 05:23:48.111] [modloading-worker-0/INFO] [JamLib/]: Updated config file at /workspaces/servidor-PENEPRONIANOOO/servidor_minecraft/config/rightclickharvest.json5
[14May2026 05:23:48.112] [modloading-worker-0/INFO] [Right Click Harvest/]: Initializing Right Click Harvest on NEOFORGE
[14May2026 05:23:48.130] [modloading-worker-0/INFO] [com.bigenergy.achiopt.Achiopt/]: Enabling Achievement Optimizer
[14May2026 05:23:48.143] [modloading-worker-0/INFO] [perf_tweaks/]: Loaded config /workspaces/servidor-PENEPRONIANOOO/servidor_minecraft/config/perf_tweaks/perf_tweaks.json
[14May2026 05:23:48.145] [modloading-worker-0/INFO] [perf_tweaks/]: Performance Tweaks initialized
[14May2026 05:23:48.148] [modloading-worker-0/INFO] [org.lightning323.frikinjay.letmedespawn.LetMeDespawn/]: Init letMeDespawn...
[14May2026 05:23:48.162] [modloading-worker-0/INFO] [Moonlight/]: Sending changed configs to client
[14May2026 05:23:48.246] [modloading-worker-0/INFO] [Puzzles Lib/]: Constructing common components for eternalnether:main
[14May2026 05:23:48.265] [modloading-worker-0/INFO] [coroutil/]: neo forge loader environment detected
[14May2026 05:23:48.276] [modloading-worker-0/INFO] [STDOUT/]: [net.fixerlink.compatdelight.register.ModCompat:lambda$static$14:152]: [Compat Delight] Deeper Darker detected — registering compat
[14May2026 05:23:48.427] [modloading-worker-0/INFO] [STDOUT/]: [net.fixerlink.compatdelight.register.ModCompat:lambda$static$8:120]: [Compat Delight] Bosses of Mass Destruction detected — registering compat
[14May2026 05:23:48.458] [modloading-worker-0/INFO] [STDOUT/]: [net.fixerlink.compatdelight.register.ModCompatA:lambda$static$2:37]: [Compat Delight] Regions Unexplored detected — registering compat
[14May2026 05:23:48.490] [modloading-worker-0/INFO] [YetAnotherConfigLib/]: Deserializing YACLConfig from '/workspaces/servidor-PENEPRONIANOOO/servidor_minecraft/config/yacl.json5'
[14May2026 05:23:48.506] [modloading-worker-0/INFO] [be.florens.expandability.ExpandAbility/]: ExpandAbility here, who dis?
[14May2026 05:23:48.685] [modloading-sync-worker/INFO] [wover-core/]: Processing wover.datapack.registry Entrypoints
[14May2026 05:23:48.686] [modloading-sync-worker/INFO] [wover-core/]:     - Processing Entrypoint: org.betterx.wover.entrypoint.BiomeDatapackRegistryEntrypoint
[14May2026 05:23:48.687] [modloading-sync-worker/INFO] [wover-core/]:     - Processing Entrypoint: org.betterx.wover.entrypoint.FeatureDatapackRegistryEntrypoint
[14May2026 05:23:48.689] [modloading-sync-worker/INFO] [wover-core/]:     - Processing Entrypoint: org.betterx.wover.entrypoint.ItemDatapackRegistryEntrypoint
[14May2026 05:23:48.690] [modloading-sync-worker/INFO] [wover-core/]:     - Processing Entrypoint: org.betterx.wover.entrypoint.StructureDatapackRegistryEntrypoint
[14May2026 05:23:48.692] [modloading-sync-worker/INFO] [wover-core/]:     - Processing Entrypoint: org.betterx.wover.entrypoint.SurfaceDatapackRegistryEntrypoint
[14May2026 05:23:51.030] [modloading-sync-worker/INFO] [Moonlight/]: Initialized block sets in 34ms
[14May2026 05:23:51.270] [modloading-sync-worker/WARN] [betterend/]: Skip eternal_portal POI registration: Block{betterend:end_portal_block}[axis=x,portal=0] is defined in more than one PoI type
[14May2026 05:23:51.271] [modloading-sync-worker/WARN] [betterend/]: Skip eternal_portal_frame POI registration: Block{betterend:flavolite_runed_eternal}[active=false] is defined in more than one PoI type
[14May2026 05:23:51.867] [modloading-sync-worker/INFO] [Moonlight/]: Sending changed configs to client
[14May2026 05:23:52.002] [modloading-sync-worker/INFO] [Moonlight/]: Sending changed configs to client
[14May2026 05:23:52.010] [modloading-worker-0/INFO] [com.jusipat.astikorcartsredux.AstikorCartsRedux/]: HELLO FROM COMMON SETUP
[14May2026 05:23:52.042] [modloading-worker-0/INFO] [com.chunksending.ChunkSending/]: chunksending mod initialized
[14May2026 05:23:52.042] [modloading-worker-0/INFO] [com.connectivity.Connectivity/]: Connectivity initialized
[14May2026 05:23:52.042] [modloading-worker-0/INFO] [com.gpumemleakfix.Gpumemleakfix/]: gpumemleakfix mod initialized
[14May2026 05:23:52.042] [modloading-worker-0/INFO] [com.structureessentials.StructureEssentials/]: structureessentials mod initialized
[14May2026 05:23:52.044] [modloading-worker-0/INFO] [com.cupboard.Cupboard/]: Loaded config for: leaky.json
[14May2026 05:23:52.045] [modloading-worker-0/INFO] [com.leaky.Leaky/]: leaky mod initialized
[14May2026 05:23:52.071] [modloading-worker-0/INFO] [com.limitedchunks.LimitedChunks/]: Limited chunkloading initialized
[14May2026 05:23:52.081] [modloading-worker-0/INFO] [com.betterchunkloading.BetterChunkLoading/]: betterchunkloading mod initialized
[14May2026 05:23:52.346] [NeoForge Version Check/INFO] [net.neoforged.fml.VersionChecker/]: [mcwwindows] Starting version check at https://raw.githubusercontent.com/sketchmacaw/macawsmods/master/window.json
[14May2026 05:23:52.378] [modloading-worker-0/INFO] [fzzy_config/]: Loaded config immersive_paintings:common_config in 300ms
[14May2026 05:23:52.399] [modloading-worker-0/INFO] [fzzy_config/]: Loaded config immersive_paintings:client_config in 11ms
[14May2026 05:23:52.482] [modloading-sync-worker/INFO] [Copper-Age-Backport/]: Fired 1 registration callbacks
[14May2026 05:23:52.566] [modloading-sync-worker/INFO] [necronomicon/]: File exists, reading config for elocindev.item_obliterator.neoforge.config.ConfigEntries.
[14May2026 05:23:52.567] [modloading-sync-worker/INFO] [necronomicon/]: Config for elocindev.item_obliterator.neoforge.config.ConfigEntries read successfully.
[14May2026 05:23:52.570] [modloading-sync-worker/INFO] [elocindev.item_obliterator.neoforge.ItemObliterator/]: Loaded NeoForge Item Obliterator config.
[14May2026 05:23:52.631] [modloading-sync-worker/INFO] [Framework/SYNCED_ENTITY_DATA]: Registered synced data key refurbished_furniture:lock_yaw for refurbished_furniture:seat
[14May2026 05:23:52.702] [NeoForge Version Check/INFO] [net.neoforged.fml.VersionChecker/]: [mcwwindows] Found status: UP_TO_DATE Current: 2.4.2 Target: null
[14May2026 05:23:52.702] [NeoForge Version Check/INFO] [net.neoforged.fml.VersionChecker/]: [krypton_fnp] Starting version check at https://mvnc.pkg.one/update/mod/krypton_fnp/forge_update.json
[14May2026 05:23:52.749] [modloading-sync-worker/INFO] [Moonlight/]: Initialized color sets in 103ms
[14May2026 05:23:52.823] [NeoForge Version Check/INFO] [net.neoforged.fml.VersionChecker/]: [krypton_fnp] Found status: OUTDATED Current: 0.2.28.1-1.21.1 Target: 26.2.1-1.21.1
[14May2026 05:23:52.823] [NeoForge Version Check/INFO] [net.neoforged.fml.VersionChecker/]: [mcwstairs] Starting version check at https://raw.githubusercontent.com/sketchmacaw/macawsmods/master/stairs.json
[14May2026 05:23:52.833] [NeoForge Version Check/INFO] [net.neoforged.fml.VersionChecker/]: [mcwstairs] Found status: UP_TO_DATE Current: 1.0.2 Target: null
[14May2026 05:23:52.833] [NeoForge Version Check/INFO] [net.neoforged.fml.VersionChecker/]: [maxhealthfix] Starting version check at https://updates.blamejared.com/get?n=maxhealthfix&gv=1.21.1&ml=neoforge
[14May2026 05:23:53.124] [modloading-sync-worker/INFO] [com.cupboard.Cupboard/]: Loaded config for: connectivity.json
[14May2026 05:23:53.145] [modloading-worker-0/INFO] [AttributeFix/]: Changing maximum value for minecraft:generic.armor from 30.0 to 1000000.0.
[14May2026 05:23:53.148] [modloading-worker-0/INFO] [AttributeFix/]: Changing maximum value for minecraft:generic.armor_toughness from 20.0 to 1000000.0.
[14May2026 05:23:53.152] [modloading-worker-0/INFO] [AttributeFix/]: Changing maximum value for minecraft:generic.attack_damage from 2048.0 to 1000000.0.
[14May2026 05:23:53.157] [modloading-worker-0/INFO] [AttributeFix/]: Changing maximum value for minecraft:generic.attack_knockback from 5.0 to 1000000.0.
[14May2026 05:23:53.177] [modloading-worker-0/INFO] [AttributeFix/]: Changing maximum value for minecraft:generic.max_health from 1024.0 to 1000000.0.
[14May2026 05:23:53.196] [NeoForge Version Check/INFO] [net.neoforged.fml.VersionChecker/]: [maxhealthfix] Found status: BETA Current: 21.1.4 Target: 21.1.4
[14May2026 05:23:53.197] [NeoForge Version Check/INFO] [net.neoforged.fml.VersionChecker/]: [mr_grim_kingdomsloststructuresruins] Starting version check at https://api.modrinth.com/updates/f4d4E9De/forge_updates.json?neoforge=only
[14May2026 05:23:53.215] [modloading-worker-0/INFO] [snownee.jade.Jade/]: Start loading plugin from net.blay09.mods.balm.neoforge.compat.hudinfo.NeoForgeJadeModCompat
[14May2026 05:23:53.225] [modloading-worker-0/INFO] [snownee.jade.Jade/]: Start loading plugin from de.maxhenkel.corpse.integration.waila.PluginCorpse
[14May2026 05:23:53.226] [modloading-worker-0/INFO] [snownee.jade.Jade/]: Start loading plugin from bl4ckscor3.mod.globalxp.compat.WailaDataProvider
[14May2026 05:23:53.227] [modloading-worker-0/INFO] [snownee.jade.Jade/]: Start loading plugin from net.geforcemods.securitycraft.compat.hudmods.JadeDataProvider
[14May2026 05:23:53.229] [modloading-worker-0/INFO] [snownee.jade.Jade/]: Start loading plugin from noobanidus.mods.lootr.common.integration.jade.LootrWailaPlugin
[14May2026 05:23:53.230] [modloading-worker-0/INFO] [snownee.jade.Jade/]: Start loading plugin from org.betterx.betterend.integration.jade.JadePlugin
[14May2026 05:23:53.230] [modloading-worker-0/INFO] [snownee.jade.Jade/]: Start loading plugin from net.p3pp3rf1y.sophisticatedstorage.compat.jade.StorageJadePlugin
[14May2026 05:23:53.230] [modloading-worker-0/INFO] [snownee.jade.Jade/]: Start loading plugin from net.blay09.mods.waystones.compat.JadeIntegration
[14May2026 05:23:53.231] [modloading-worker-0/INFO] [snownee.jade.Jade/]: Start loading plugin from snownee.jade.addon.vanilla.VanillaPlugin
[14May2026 05:23:53.259] [modloading-worker-0/INFO] [snownee.jade.Jade/]: Start loading plugin from snownee.jade.addon.universal.UniversalPlugin
[14May2026 05:23:53.269] [modloading-worker-0/INFO] [snownee.jade.Jade/]: Start loading plugin from snownee.jade.addon.debug.DebugPlugin
[14May2026 05:23:53.271] [modloading-worker-0/INFO] [snownee.jade.Jade/]: Start loading plugin from snownee.jade.addon.core.CorePlugin
[14May2026 05:23:53.273] [modloading-worker-0/INFO] [snownee.jade.Jade/]: Start loading plugin from snownee.jade.addon.access.AccessibilityPlugin
[14May2026 05:23:53.316] [NeoForge Version Check/INFO] [net.neoforged.fml.VersionChecker/]: [mr_grim_kingdomsloststructuresruins] Found status: AHEAD Current: 1-v1.0.3 Target: null
[14May2026 05:23:53.317] [NeoForge Version Check/INFO] [net.neoforged.fml.VersionChecker/]: [prickle] Starting version check at https://updates.blamejared.com/get?n=prickle&gv=1.21.1&ml=neoforge
[14May2026 05:23:53.419] [NeoForge Version Check/INFO] [net.neoforged.fml.VersionChecker/]: [prickle] Found status: BETA Current: 21.1.11 Target: 21.1.11
[14May2026 05:23:53.419] [NeoForge Version Check/INFO] [net.neoforged.fml.VersionChecker/]: [ctov] Starting version check at https://api.modrinth.com/updates/fgmhI8kH/forge_updates.json
[14May2026 05:23:53.450] [NeoForge Version Check/INFO] [net.neoforged.fml.VersionChecker/]: [ctov] Found status: BETA Current: 3.6.3 Target: null
[14May2026 05:23:53.450] [NeoForge Version Check/INFO] [net.neoforged.fml.VersionChecker/]: [corpse] Starting version check at https://update.maxhenkel.de/neoforge/corpse
[14May2026 05:23:53.638] [modloading-sync-worker/INFO] [Railways/]: Registering Railways network payloads...
[14May2026 05:23:53.639] [modloading-sync-worker/INFO] [Railways/]: Railways network payloads registered successfully
[14May2026 05:23:53.749] [main/INFO] [com.mojang.authlib.yggdrasil.YggdrasilAuthenticationService/]: Environment: Environment[sessionHost=https://sessionserver.mojang.com, servicesHost=https://api.minecraftservices.com, name=PROD]
[14May2026 05:23:53.915] [main/INFO] [bclib/]: Ignoring Patch{ModCore: bclib (bclib):3.0.11:196619}
[14May2026 05:23:53.915] [main/INFO] [bclib/]: Running Pre Patchers on ./world/.
[14May2026 05:23:53.919] [main/INFO] [bclib/]: Everything up to date
[14May2026 05:23:53.954] [main/WARN] [net.minecraft.server.packs.VanillaPackResourcesBuilder/]: Assets URL 'union:/workspaces/servidor-PENEPRONIANOOO/servidor_minecraft/libraries/net/minecraft/server/1.21.1-20240808.144430/server-1.21.1-20240808.144430-srg.jar%23308!/assets/.mcassetsroot' uses unexpected schema
[14May2026 05:23:53.955] [main/WARN] [net.minecraft.server.packs.VanillaPackResourcesBuilder/]: Assets URL 'union:/workspaces/servidor-PENEPRONIANOOO/servidor_minecraft/libraries/net/minecraft/server/1.21.1-20240808.144430/server-1.21.1-20240808.144430-srg.jar%23308!/data/.mcassetsroot' uses unexpected schema
[14May2026 05:23:53.979] [main/WARN] [betterend/]: Skipping built-in datapack betterend:byg_extensions: pack.mcmeta not found.
[14May2026 05:23:53.979] [main/WARN] [betterend/]: Skipping built-in datapack betterend:nourish_extensions: pack.mcmeta not found.
[14May2026 05:23:53.979] [main/WARN] [betterend/]: Skipping built-in datapack betterend:flamboyant_extensions: pack.mcmeta not found.
[14May2026 05:23:53.984] [main/WARN] [mixin/]: Static binding violation: PRIVATE @Overwrite method elementOrTag in modernfix-modernfix.mixins.json:perf.tag_id_caching.TagEntryMixin from mod modernfix cannot reduce visibiliy of PUBLIC target method, visibility will be upgraded.
[14May2026 05:23:54.053] [NeoForge Version Check/INFO] [net.neoforged.fml.VersionChecker/]: [corpse] Found status: BETA Current: 1.21.1-1.1.13 Target: 1.21.1-1.1.13
[14May2026 05:23:54.055] [NeoForge Version Check/INFO] [net.neoforged.fml.VersionChecker/]: [mr_lukis_crazychambers] Starting version check at https://api.modrinth.com/updates/JeZoobNU/forge_updates.json?neoforge=only
[14May2026 05:23:54.079] [NeoForge Version Check/INFO] [net.neoforged.fml.VersionChecker/]: [mr_lukis_crazychambers] Found status: OUTDATED Current: 1.0.3 Target: 1.0.3+mod
[14May2026 05:23:54.080] [NeoForge Version Check/INFO] [net.neoforged.fml.VersionChecker/]: [mr_tidal_towns] Starting version check at https://api.modrinth.com/updates/EEIwvQVo/forge_updates.json?neoforge=only
[14May2026 05:23:54.104] [NeoForge Version Check/INFO] [net.neoforged.fml.VersionChecker/]: [mr_tidal_towns] Found status: OUTDATED Current: 1.3.4 Target: 1.3.4+mod
[14May2026 05:23:54.106] [NeoForge Version Check/INFO] [net.neoforged.fml.VersionChecker/]: [mr_dungeons_andtaverns] Starting version check at https://api.modrinth.com/updates/tpehi7ww/forge_updates.json?neoforge=only
[14May2026 05:23:54.136] [NeoForge Version Check/INFO] [net.neoforged.fml.VersionChecker/]: [mr_dungeons_andtaverns] Found status: AHEAD Current: 1-v4.4.4 Target: null
[14May2026 05:23:54.136] [NeoForge Version Check/INFO] [net.neoforged.fml.VersionChecker/]: [mr_edf_remastered] Starting version check at https://api.modrinth.com/updates/HQsBdHGd/forge_updates.json?neoforge=only
[14May2026 05:23:54.164] [NeoForge Version Check/INFO] [net.neoforged.fml.VersionChecker/]: [mr_edf_remastered] Found status: BETA_OUTDATED Current: 5.0-beta4 Target: 5.0-beta4+mod
[14May2026 05:23:54.164] [NeoForge Version Check/INFO] [net.neoforged.fml.VersionChecker/]: [attributefix] Starting version check at https://updates.blamejared.com/get?n=attributefix&gv=1.21.1&ml=neoforge
[14May2026 05:23:54.265] [NeoForge Version Check/INFO] [net.neoforged.fml.VersionChecker/]: [attributefix] Found status: BETA Current: 21.1.3 Target: 21.1.3
[14May2026 05:23:54.265] [NeoForge Version Check/INFO] [net.neoforged.fml.VersionChecker/]: [goblintraders] Starting version check at https://mrcrayfish.com/api/mod_update/neoforge/goblintraders
[14May2026 05:23:54.321] [main/INFO] [com.simibubi.create.Create/]: Created 693 recipes which will be injected into the game
[14May2026 05:23:54.336] [main/INFO] [com.simibubi.create.Create/]: Created 35 tags which will be injected into the game
[14May2026 05:23:54.397] [NeoForge Version Check/WARN] [net.neoforged.fml.VersionChecker/]: Failed to process update information
com.google.gson.JsonSyntaxException: java.lang.IllegalStateException: Expected BEGIN_OBJECT but was STRING at line 1 column 1 path $
	at MC-BOOTSTRAP/com.google.gson@2.10.1/com.google.gson.Gson.fromJson(Gson.java:1238) ~[gson-2.10.1.jar%2394!/:?]
	at MC-BOOTSTRAP/com.google.gson@2.10.1/com.google.gson.Gson.fromJson(Gson.java:1137) ~[gson-2.10.1.jar%2394!/:?]
	at MC-BOOTSTRAP/com.google.gson@2.10.1/com.google.gson.Gson.fromJson(Gson.java:1047) ~[gson-2.10.1.jar%2394!/:?]
	at MC-BOOTSTRAP/com.google.gson@2.10.1/com.google.gson.Gson.fromJson(Gson.java:982) ~[gson-2.10.1.jar%2394!/:?]
	at MC-BOOTSTRAP/fml_loader@4.0.42/net.neoforged.fml.VersionChecker$1.process(VersionChecker.java:167) ~[loader-4.0.42.jar%2359!/:4.0]
	at java.base/java.lang.Iterable.forEach(Iterable.java:75) [?:?]
	at MC-BOOTSTRAP/fml_loader@4.0.42/net.neoforged.fml.VersionChecker$1.run(VersionChecker.java:105) [loader-4.0.42.jar%2359!/:4.0]
Caused by: java.lang.IllegalStateException: Expected BEGIN_OBJECT but was STRING at line 1 column 1 path $
	at MC-BOOTSTRAP/com.google.gson@2.10.1/com.google.gson.stream.JsonReader.beginObject(JsonReader.java:393) ~[gson-2.10.1.jar%2394!/:?]
	at MC-BOOTSTRAP/com.google.gson@2.10.1/com.google.gson.internal.bind.MapTypeAdapterFactory$Adapter.read(MapTypeAdapterFactory.java:182) ~[gson-2.10.1.jar%2394!/:?]
	at MC-BOOTSTRAP/com.google.gson@2.10.1/com.google.gson.internal.bind.MapTypeAdapterFactory$Adapter.read(MapTypeAdapterFactory.java:144) ~[gson-2.10.1.jar%2394!/:?]
	at MC-BOOTSTRAP/com.google.gson@2.10.1/com.google.gson.Gson.fromJson(Gson.java:1227) ~[gson-2.10.1.jar%2394!/:?]
	... 6 more
[14May2026 05:23:54.398] [NeoForge Version Check/INFO] [net.neoforged.fml.VersionChecker/]: [ksyxis] Starting version check at https://raw.githubusercontent.com/VidTu/Ksyxis/main/updater_ksyxis_neoforge.json
[14May2026 05:23:54.410] [NeoForge Version Check/INFO] [net.neoforged.fml.VersionChecker/]: [ksyxis] Found status: OUTDATED Current: 1.3.4 Target: 1.4.3
[14May2026 05:23:54.410] [NeoForge Version Check/INFO] [net.neoforged.fml.VersionChecker/]: [securitycraft] Starting version check at https://www.github.com/Geforce132/SecurityCraft/raw/master/Updates/Forge.json
[14May2026 05:23:54.486] [main/INFO] [Moonlight/]: Resource cache state for SERVER_DATA: up to date
[14May2026 05:23:54.500] [NeoForge Version Check/INFO] [net.neoforged.fml.VersionChecker/]: [securitycraft] Found status: UP_TO_DATE Current: 1.10.1 Target: null
[14May2026 05:23:54.500] [NeoForge Version Check/INFO] [net.neoforged.fml.VersionChecker/]: [puzzleslib] Starting version check at https://raw.githubusercontent.com/Fuzss/modresources/main/update/puzzleslib.json
[14May2026 05:23:54.510] [NeoForge Version Check/INFO] [net.neoforged.fml.VersionChecker/]: [puzzleslib] Found status: UP_TO_DATE Current: 21.1.39 Target: null
[14May2026 05:23:54.510] [NeoForge Version Check/INFO] [net.neoforged.fml.VersionChecker/]: [fastitemframes] Starting version check at https://raw.githubusercontent.com/Fuzss/modresources/main/update/fastitemframes.json
[14May2026 05:23:54.520] [NeoForge Version Check/INFO] [net.neoforged.fml.VersionChecker/]: [fastitemframes] Found status: UP_TO_DATE Current: 21.1.6 Target: null
[14May2026 05:23:54.520] [NeoForge Version Check/INFO] [net.neoforged.fml.VersionChecker/]: [bookshelf] Starting version check at https://updates.blamejared.com/get?n=bookshelf&gv=1.21.1&ml=neoforge
[14May2026 05:23:54.551] [main/INFO] [Moonlight/]: Populated search tree for pack at /workspaces/servidor-PENEPRONIANOOO/servidor_minecraft/dynamic-data-pack-cache/sawmill-sawmill_recipes in 62.59 ms
[14May2026 05:23:54.551] [main/INFO] [Moonlight/]: Starting runtime resource generation for pack type SERVER_DATA with generators [sawmill:sawmill_recipes]
[14May2026 05:23:54.561] [main/INFO] [Moonlight/]: Skipping regeneration for Dynamic SERVER_DATA Resources Provider [sawmill:sawmill_recipes] (cache up-to-date)
[14May2026 05:23:54.561] [main/INFO] [Moonlight/]: Finished runtime resources generation for 1 packs in a total of 9.633 ms 
[14May2026 05:23:54.622] [NeoForge Version Check/INFO] [net.neoforged.fml.VersionChecker/]: [bookshelf] Found status: BETA Current: 21.1.81 Target: 21.1.81
[14May2026 05:23:54.622] [NeoForge Version Check/INFO] [net.neoforged.fml.VersionChecker/]: [mcwdoors] Starting version check at https://raw.githubusercontent.com/sketchmacaw/macawsmods/master/doors.json
[14May2026 05:23:54.632] [NeoForge Version Check/INFO] [net.neoforged.fml.VersionChecker/]: [mcwdoors] Found status: AHEAD Current: 1.1.5 Target: null
[14May2026 05:23:54.632] [NeoForge Version Check/INFO] [net.neoforged.fml.VersionChecker/]: [mcwbridges] Starting version check at https://raw.githubusercontent.com/sketchmacaw/macawsmods/master/bridges.json
[14May2026 05:23:54.641] [NeoForge Version Check/INFO] [net.neoforged.fml.VersionChecker/]: [mcwbridges] Found status: AHEAD Current: 3.1.2 Target: null
[14May2026 05:23:54.641] [NeoForge Version Check/INFO] [net.neoforged.fml.VersionChecker/]: [mr_lukis_strongholds] Starting version check at https://api.modrinth.com/updates/reQ63xx3/forge_updates.json?neoforge=only
[14May2026 05:23:54.674] [NeoForge Version Check/INFO] [net.neoforged.fml.VersionChecker/]: [mr_lukis_strongholds] Found status: AHEAD Current: 1-v1.0 Target: null
[14May2026 05:23:54.674] [NeoForge Version Check/INFO] [net.neoforged.fml.VersionChecker/]: [mr_serversleep] Starting version check at https://api.modrinth.com/updates/Cw8IlnGM/forge_updates.json?neoforge=only
[14May2026 05:23:54.703] [NeoForge Version Check/INFO] [net.neoforged.fml.VersionChecker/]: [mr_serversleep] Found status: OUTDATED Current: 1-datapack Target: 2+mod
[14May2026 05:23:54.703] [NeoForge Version Check/INFO] [net.neoforged.fml.VersionChecker/]: [create] Starting version check at https://api.modrinth.com/updates/create/forge_updates.json?neoforge=only
[14May2026 05:23:54.731] [NeoForge Version Check/INFO] [net.neoforged.fml.VersionChecker/]: [create] Found status: OUTDATED Current: 6.0.10 Target: 6.0.10+mc1.21.1
[14May2026 05:23:54.731] [NeoForge Version Check/INFO] [net.neoforged.fml.VersionChecker/]: [sliceanddice] Starting version check at https://api.modrinth.com/updates/slice-and-dice/forge_updates.json?neoforge=only
[14May2026 05:23:54.757] [NeoForge Version Check/INFO] [net.neoforged.fml.VersionChecker/]: [sliceanddice] Found status: UP_TO_DATE Current: 4.2.4 Target: null
[14May2026 05:23:54.757] [NeoForge Version Check/INFO] [net.neoforged.fml.VersionChecker/]: [clumps] Starting version check at https://updates.blamejared.com/get?n=clumps&gv=1.21.1&ml=neoforge
[14May2026 05:23:54.857] [NeoForge Version Check/INFO] [net.neoforged.fml.VersionChecker/]: [clumps] Found status: BETA Current: 19.0.0.1 Target: 19.0.0.1
[14May2026 05:23:54.857] [NeoForge Version Check/INFO] [net.neoforged.fml.VersionChecker/]: [journeymap] Starting version check at https://neoforge.curseupdate.com/32274/journeymap
[14May2026 05:23:54.944] [NeoForge Version Check/INFO] [net.neoforged.fml.VersionChecker/]: [journeymap] Found status: BETA Current: 1.21.1-6.0.0-beta.66 Target: 1.21.1-6.0.0-beta.52
[14May2026 05:23:54.944] [NeoForge Version Check/INFO] [net.neoforged.fml.VersionChecker/]: [moonlight] Starting version check at https://api.modrinth.com/updates/moonlight/neoforge_updates.json
[14May2026 05:23:54.971] [NeoForge Version Check/WARN] [net.neoforged.fml.VersionChecker/]: Failed to process update information
java.lang.NullPointerException: Cannot invoke "java.util.Map.get(Object)" because "promos" is null
	at MC-BOOTSTRAP/fml_loader@4.0.42/net.neoforged.fml.VersionChecker$1.process(VersionChecker.java:173) ~[loader-4.0.42.jar%2359!/:4.0]
	at java.base/java.lang.Iterable.forEach(Iterable.java:75) [?:?]
	at MC-BOOTSTRAP/fml_loader@4.0.42/net.neoforged.fml.VersionChecker$1.run(VersionChecker.java:105) [loader-4.0.42.jar%2359!/:4.0]
[14May2026 05:23:54.971] [NeoForge Version Check/INFO] [net.neoforged.fml.VersionChecker/]: [endermanoverhaul] Starting version check at https://api.modrinth.com/updates/enderman-overhaul/forge_updates.json
[14May2026 05:23:55.004] [NeoForge Version Check/INFO] [net.neoforged.fml.VersionChecker/]: [endermanoverhaul] Found status: BETA Current: 2.0.3 Target: null
[14May2026 05:23:55.004] [NeoForge Version Check/INFO] [net.neoforged.fml.VersionChecker/]: [eternalnether] Starting version check at https://raw.githubusercontent.com/Fuzss/modresources/main/update/eternalnether.json
[14May2026 05:23:55.014] [NeoForge Version Check/INFO] [net.neoforged.fml.VersionChecker/]: [eternalnether] Found status: UP_TO_DATE Current: 21.1.3 Target: null
[14May2026 05:23:55.993] [main/INFO] [wover-generator/]: Updating Pickers for WoVer - Nether BiomeSource (29ebbbcb)
[14May2026 05:23:55.996] [main/INFO] [wover-generator/]: Unable to build Biome List yet
[14May2026 05:23:56.002] [main/INFO] [wover-generator/]: Created WoverChunkGenerator with org.betterx.wover.generator.impl.biomesource.nether.WoverNetherBiomeSource
[14May2026 05:23:56.002] [main/INFO] [wover-generator/]: Updating Pickers for WoVer - The End  BiomeSource (6dd95b62)
[14May2026 05:23:56.003] [main/INFO] [wover-generator/]: Unable to build Biome List yet
[14May2026 05:23:56.005] [main/INFO] [wover-generator/]: Created WoverChunkGenerator with org.betterx.wover.generator.impl.biomesource.end.WoverEndBiomeSource
[14May2026 05:23:56.006] [main/INFO] [wover-generator/]: Updating Pickers for WoVer - Nether BiomeSource (165ce058)
[14May2026 05:23:56.006] [main/INFO] [wover-generator/]: Unable to build Biome List yet
[14May2026 05:23:56.006] [main/INFO] [wover-generator/]: Created WoverChunkGenerator with org.betterx.wover.generator.impl.biomesource.nether.WoverNetherBiomeSource
[14May2026 05:23:56.006] [main/INFO] [wover-generator/]: Updating Pickers for WoVer - The End  BiomeSource (22b08a55)
[14May2026 05:23:56.006] [main/INFO] [wover-generator/]: Unable to build Biome List yet
[14May2026 05:23:56.007] [main/INFO] [wover-generator/]: Created WoverChunkGenerator with org.betterx.wover.generator.impl.biomesource.end.WoverEndBiomeSource
[14May2026 05:23:56.007] [main/INFO] [wover-generator/]: Updating Pickers for WoVer - Nether BiomeSource (66d73742)
[14May2026 05:23:56.007] [main/INFO] [wover-generator/]: Unable to build Biome List yet
[14May2026 05:23:56.008] [main/INFO] [wover-generator/]: Created WoverChunkGenerator with org.betterx.wover.generator.impl.biomesource.nether.WoverNetherBiomeSource
[14May2026 05:23:56.009] [main/INFO] [wover-generator/]: Updating Pickers for WoVer - The End  BiomeSource (65ad1d4f)
[14May2026 05:23:56.009] [main/INFO] [wover-generator/]: Unable to build Biome List yet
[14May2026 05:23:56.009] [main/INFO] [wover-generator/]: Created WoverChunkGenerator with org.betterx.wover.generator.impl.biomesource.end.WoverEndBiomeSource
[14May2026 05:23:56.009] [main/INFO] [wover-generator/]: Updating Pickers for WoVer - Nether BiomeSource (3529912c)
[14May2026 05:23:56.009] [main/INFO] [wover-generator/]: Unable to build Biome List yet
[14May2026 05:23:56.009] [main/INFO] [wover-generator/]: Created WoverChunkGenerator with org.betterx.wover.generator.impl.biomesource.nether.WoverNetherBiomeSource
[14May2026 05:23:56.010] [main/INFO] [wover-generator/]: Updating Pickers for WoVer - The End  BiomeSource (38e3b5a3)
[14May2026 05:23:56.010] [main/INFO] [wover-generator/]: Unable to build Biome List yet
[14May2026 05:23:56.010] [main/INFO] [wover-generator/]: Created WoverChunkGenerator with org.betterx.wover.generator.impl.biomesource.end.WoverEndBiomeSource
[14May2026 05:23:56.575] [main/INFO] [wover-generator/]: Adding End highlands biome: betterend:amber_land
[14May2026 05:23:56.575] [main/INFO] [wover-generator/]: Adding End midlands biome: betterend:amber_land
[14May2026 05:23:56.575] [main/INFO] [wover-generator/]: Adding End highlands biome: betterend:blossoming_spires
[14May2026 05:23:56.576] [main/INFO] [wover-generator/]: Adding End midlands biome: betterend:blossoming_spires
[14May2026 05:23:56.576] [main/INFO] [wover-generator/]: Adding End highlands biome: betterend:chorus_forest
[14May2026 05:23:56.576] [main/INFO] [wover-generator/]: Adding End highlands biome: betterend:crystal_mountains
[14May2026 05:23:56.576] [main/INFO] [wover-generator/]: Adding End midlands biome: betterend:crystal_mountains
[14May2026 05:23:56.577] [main/INFO] [wover-generator/]: Adding End highlands biome: betterend:dragon_graveyards
[14May2026 05:23:56.577] [main/INFO] [wover-generator/]: Adding End midlands biome: betterend:dragon_graveyards
[14May2026 05:23:56.577] [main/INFO] [wover-generator/]: Adding End highlands biome: betterend:dry_shrubland
[14May2026 05:23:56.577] [main/INFO] [wover-generator/]: Adding End midlands biome: betterend:dry_shrubland
[14May2026 05:23:56.577] [main/INFO] [wover-generator/]: Adding End highlands biome: betterend:dust_wastelands
[14May2026 05:23:56.578] [main/INFO] [wover-generator/]: Adding End highlands biome: betterend:foggy_mushroomland
[14May2026 05:23:56.578] [main/INFO] [wover-generator/]: Adding End midlands biome: betterend:foggy_mushroomland
[14May2026 05:23:56.579] [main/INFO] [wover-generator/]: Adding End highlands biome: betterend:glowing_grasslands
[14May2026 05:23:56.579] [main/INFO] [wover-generator/]: Adding End midlands biome: betterend:glowing_grasslands
[14May2026 05:23:56.579] [main/INFO] [wover-generator/]: Adding small end island biome: betterend:ice_starfield
[14May2026 05:23:56.580] [main/INFO] [wover-generator/]: Adding End highlands biome: betterend:lantern_woods
[14May2026 05:23:56.580] [main/INFO] [wover-generator/]: Adding End midlands biome: betterend:lantern_woods
[14May2026 05:23:56.581] [main/INFO] [wover-generator/]: Adding End highlands biome: betterend:megalake
[14May2026 05:23:56.581] [main/INFO] [wover-generator/]: Adding End midlands biome: betterend:megalake
[14May2026 05:23:56.581] [main/INFO] [wover-generator/]: Adding End highlands biome: betterend:megalake_grove
[14May2026 05:23:56.581] [main/INFO] [wover-generator/]: Adding End midlands biome: betterend:megalake_grove
[14May2026 05:23:56.581] [main/INFO] [wover-generator/]: Adding End highlands biome: betterend:neon_oasis
[14May2026 05:23:56.582] [main/INFO] [wover-generator/]: Adding End midlands biome: betterend:neon_oasis
[14May2026 05:23:56.582] [main/INFO] [wover-generator/]: Adding End highlands biome: betterend:painted_mountains
[14May2026 05:23:56.582] [main/INFO] [wover-generator/]: Adding End midlands biome: betterend:painted_mountains
[14May2026 05:23:56.582] [main/INFO] [wover-generator/]: Adding End highlands biome: betterend:shadow_forest
[14May2026 05:23:56.583] [main/INFO] [wover-generator/]: Adding End midlands biome: betterend:shadow_forest
[14May2026 05:23:56.583] [main/INFO] [wover-generator/]: Adding End highlands biome: betterend:sulphur_springs
[14May2026 05:23:56.583] [main/INFO] [wover-generator/]: Adding End midlands biome: betterend:sulphur_springs
[14May2026 05:23:56.583] [main/INFO] [wover-generator/]: Adding End highlands biome: betterend:umbra_valley
[14May2026 05:23:56.583] [main/INFO] [wover-generator/]: Adding End midlands biome: betterend:umbra_valley
[14May2026 05:23:56.584] [main/INFO] [wover-generator/]: Adding End highlands biome: betterend:umbrella_jungle
[14May2026 05:23:56.584] [main/INFO] [wover-generator/]: Adding End midlands biome: betterend:umbrella_jungle
[14May2026 05:23:56.630] [main/INFO] [wover-generator/]: Updating Pickers for WoVer - The End  BiomeSource (154fdf5b)
[14May2026 05:23:56.630] [main/INFO] [wover-generator/]: Unable to build Biome List yet
[14May2026 05:23:56.631] [main/INFO] [wover-generator/]: Created WoverChunkGenerator with org.betterx.wover.generator.impl.biomesource.end.WoverEndBiomeSource
[14May2026 05:23:56.631] [main/INFO] [wover-generator/]: Updating Pickers for WoVer - Nether BiomeSource (339dcde5)
[14May2026 05:23:56.631] [main/INFO] [wover-generator/]: Unable to build Biome List yet
[14May2026 05:23:56.631] [main/INFO] [wover-generator/]: Created WoverChunkGenerator with org.betterx.wover.generator.impl.biomesource.nether.WoverNetherBiomeSource
[14May2026 05:23:57.316] [Worker-Main-3/ERROR] [net.minecraft.world.level.storage.loot.LootDataType/]: Couldn't parse element ResourceKey[minecraft:root / minecraft:loot_table]:railways:blocks/track_byg_embur - Unknown registry key in ResourceKey[minecraft:root / minecraft:item]: railways:track_byg_embur
[14May2026 05:23:57.320] [Worker-Main-3/ERROR] [net.minecraft.world.level.storage.loot.LootDataType/]: Couldn't parse element ResourceKey[minecraft:root / minecraft:loot_table]:railways:blocks/track_byg_nightshade_narrow - Unknown registry key in ResourceKey[minecraft:root / minecraft:item]: railways:track_byg_nightshade_narrow
[14May2026 05:23:57.331] [Worker-Main-3/ERROR] [net.minecraft.world.level.storage.loot.LootDataType/]: Couldn't parse element ResourceKey[minecraft:root / minecraft:loot_table]:railways:blocks/track_byg_jacaranda_wide - Unknown registry key in ResourceKey[minecraft:root / minecraft:item]: railways:track_byg_jacaranda_wide
[14May2026 05:23:57.343] [Worker-Main-3/ERROR] [net.minecraft.world.level.storage.loot.LootDataType/]: Couldn't parse element ResourceKey[minecraft:root / minecraft:loot_table]:railways:blocks/track_natures_spirit_joshua_narrow - Unknown registry key in ResourceKey[minecraft:root / minecraft:item]: railways:track_natures_spirit_joshua_narrow
[14May2026 05:23:57.346] [Worker-Main-3/ERROR] [net.minecraft.world.level.storage.loot.LootDataType/]: Couldn't parse element ResourceKey[minecraft:root / minecraft:loot_table]:railways:blocks/track_byg_rainbow_eucalyptus_narrow - Unknown registry key in ResourceKey[minecraft:root / minecraft:item]: railways:track_byg_rainbow_eucalyptus_narrow
[14May2026 05:23:57.363] [Worker-Main-3/ERROR] [net.minecraft.world.level.storage.loot.LootDataType/]: Couldn't parse element ResourceKey[minecraft:root / minecraft:loot_table]:railways:blocks/track_natures_spirit_cypress_wide - Unknown registry key in ResourceKey[minecraft:root / minecraft:item]: railways:track_natures_spirit_cypress_wide
[14May2026 05:23:57.396] [Worker-Main-3/ERROR] [net.minecraft.world.level.storage.loot.LootDataType/]: Couldn't parse element ResourceKey[minecraft:root / minecraft:loot_table]:railways:blocks/track_byg_pine - Unknown registry key in ResourceKey[minecraft:root / minecraft:item]: railways:track_byg_pine
[14May2026 05:23:57.401] [Worker-Main-3/ERROR] [net.minecraft.world.level.storage.loot.LootDataType/]: Couldn't parse element ResourceKey[minecraft:root / minecraft:loot_table]:railways:blocks/track_natures_spirit_olive_narrow - Unknown registry key in ResourceKey[minecraft:root / minecraft:item]: railways:track_natures_spirit_olive_narrow
[14May2026 05:23:57.406] [Worker-Main-3/ERROR] [net.minecraft.world.level.storage.loot.LootDataType/]: Couldn't parse element ResourceKey[minecraft:root / minecraft:loot_table]:railways:blocks/track_natures_spirit_willow - Unknown registry key in ResourceKey[minecraft:root / minecraft:item]: railways:track_natures_spirit_willow
[14May2026 05:23:57.407] [Worker-Main-3/ERROR] [net.minecraft.world.level.storage.loot.LootDataType/]: Couldn't parse element ResourceKey[minecraft:root / minecraft:loot_table]:railways:blocks/track_byg_sythian_wide - Unknown registry key in ResourceKey[minecraft:root / minecraft:item]: railways:track_byg_sythian_wide
[14May2026 05:23:57.410] [Worker-Main-3/ERROR] [net.minecraft.world.level.storage.loot.LootDataType/]: Couldn't parse element ResourceKey[minecraft:root / minecraft:loot_table]:railways:blocks/track_byg_palm_narrow - Unknown registry key in ResourceKey[minecraft:root / minecraft:item]: railways:track_byg_palm_narrow
[14May2026 05:23:57.424] [Worker-Main-3/ERROR] [net.minecraft.world.level.storage.loot.LootDataType/]: Couldn't parse element ResourceKey[minecraft:root / minecraft:loot_table]:railways:blocks/track_byg_ether_narrow - Unknown registry key in ResourceKey[minecraft:root / minecraft:item]: railways:track_byg_ether_narrow
[14May2026 05:23:57.425] [Worker-Main-3/ERROR] [net.minecraft.world.level.storage.loot.LootDataType/]: Couldn't parse element ResourceKey[minecraft:root / minecraft:loot_table]:railways:blocks/track_natures_spirit_wisteria - Unknown registry key in ResourceKey[minecraft:root / minecraft:item]: railways:track_natures_spirit_wisteria
[14May2026 05:23:57.431] [Worker-Main-3/ERROR] [net.minecraft.world.level.storage.loot.LootDataType/]: Couldn't parse element ResourceKey[minecraft:root / minecraft:loot_table]:railways:blocks/track_byg_fir_wide - Unknown registry key in ResourceKey[minecraft:root / minecraft:item]: railways:track_byg_fir_wide
[14May2026 05:23:57.436] [Worker-Main-3/ERROR] [net.minecraft.world.level.storage.loot.LootDataType/]: Couldn't parse element ResourceKey[minecraft:root / minecraft:loot_table]:railways:blocks/track_byg_zelkova - Unknown registry key in ResourceKey[minecraft:root / minecraft:item]: railways:track_byg_zelkova
[14May2026 05:23:57.445] [Worker-Main-3/ERROR] [net.minecraft.world.level.storage.loot.LootDataType/]: Couldn't parse element ResourceKey[minecraft:root / minecraft:loot_table]:railways:blocks/track_natures_spirit_olive - Unknown registry key in ResourceKey[minecraft:root / minecraft:item]: railways:track_natures_spirit_olive
[14May2026 05:23:57.451] [Worker-Main-3/ERROR] [net.minecraft.world.level.storage.loot.LootDataType/]: Couldn't parse element ResourceKey[minecraft:root / minecraft:loot_table]:railways:blocks/track_byg_cypress_wide - Unknown registry key in ResourceKey[minecraft:root / minecraft:item]: railways:track_byg_cypress_wide
[14May2026 05:23:57.454] [Worker-Main-3/ERROR] [net.minecraft.world.level.storage.loot.LootDataType/]: Couldn't parse element ResourceKey[minecraft:root / minecraft:loot_table]:railways:blocks/track_byg_mahogany_wide - Unknown registry key in ResourceKey[minecraft:root / minecraft:item]: railways:track_byg_mahogany_wide
[14May2026 05:23:57.480] [Worker-Main-3/ERROR] [net.minecraft.world.level.storage.loot.LootDataType/]: Couldn't parse element ResourceKey[minecraft:root / minecraft:loot_table]:railways:blocks/track_byg_fir - Unknown registry key in ResourceKey[minecraft:root / minecraft:item]: railways:track_byg_fir
[14May2026 05:23:57.480] [Worker-Main-3/ERROR] [net.minecraft.world.level.storage.loot.LootDataType/]: Couldn't parse element ResourceKey[minecraft:root / minecraft:loot_table]:railways:blocks/track_natures_spirit_aspen_narrow - Unknown registry key in ResourceKey[minecraft:root / minecraft:item]: railways:track_natures_spirit_aspen_narrow
[14May2026 05:23:57.491] [Worker-Main-3/ERROR] [net.minecraft.world.level.storage.loot.LootDataType/]: Couldn't parse element ResourceKey[minecraft:root / minecraft:loot_table]:railways:blocks/track_byg_lament - Unknown registry key in ResourceKey[minecraft:root / minecraft:item]: railways:track_byg_lament
[14May2026 05:23:57.496] [Worker-Main-3/ERROR] [net.minecraft.world.level.storage.loot.LootDataType/]: Couldn't parse element ResourceKey[minecraft:root / minecraft:loot_table]:railways:blocks/track_natures_spirit_ghaf_narrow - Unknown registry key in ResourceKey[minecraft:root / minecraft:item]: railways:track_natures_spirit_ghaf_narrow
[14May2026 05:23:57.497] [Worker-Main-3/ERROR] [net.minecraft.world.level.storage.loot.LootDataType/]: Couldn't parse element ResourceKey[minecraft:root / minecraft:loot_table]:railways:blocks/track_byg_witch_hazel - Unknown registry key in ResourceKey[minecraft:root / minecraft:item]: railways:track_byg_witch_hazel
[14May2026 05:23:57.511] [Worker-Main-3/ERROR] [net.minecraft.world.level.storage.loot.LootDataType/]: Couldn't parse element ResourceKey[minecraft:root / minecraft:loot_table]:railways:blocks/track_byg_witch_hazel_narrow - Unknown registry key in ResourceKey[minecraft:root / minecraft:item]: railways:track_byg_witch_hazel_narrow
[14May2026 05:23:57.513] [Worker-Main-3/ERROR] [net.minecraft.world.level.storage.loot.LootDataType/]: Couldn't parse element ResourceKey[minecraft:root / minecraft:loot_table]:railways:blocks/track_natures_spirit_joshua_wide - Unknown registry key in ResourceKey[minecraft:root / minecraft:item]: railways:track_natures_spirit_joshua_wide
[14May2026 05:23:57.516] [Worker-Main-3/ERROR] [net.minecraft.world.level.storage.loot.LootDataType/]: Couldn't parse element ResourceKey[minecraft:root / minecraft:loot_table]:railways:blocks/track_byg_green_enchanted_wide - Unknown registry key in ResourceKey[minecraft:root / minecraft:item]: railways:track_byg_green_enchanted_wide
[14May2026 05:23:57.523] [Worker-Main-3/ERROR] [net.minecraft.world.level.storage.loot.LootDataType/]: Couldn't parse element ResourceKey[minecraft:root / minecraft:loot_table]:railways:blocks/track_byg_ether_wide - Unknown registry key in ResourceKey[minecraft:root / minecraft:item]: railways:track_byg_ether_wide
[14May2026 05:23:57.524] [Worker-Main-3/ERROR] [net.minecraft.world.level.storage.loot.LootDataType/]: Couldn't parse element ResourceKey[minecraft:root / minecraft:loot_table]:railways:blocks/track_byg_mahogany_narrow - Unknown registry key in ResourceKey[minecraft:root / minecraft:item]: railways:track_byg_mahogany_narrow
[14May2026 05:23:57.526] [Worker-Main-3/ERROR] [net.minecraft.world.level.storage.loot.LootDataType/]: Couldn't parse element ResourceKey[minecraft:root / minecraft:loot_table]:railways:blocks/track_byg_ebony - Unknown registry key in ResourceKey[minecraft:root / minecraft:item]: railways:track_byg_ebony
[14May2026 05:23:57.531] [Worker-Main-3/ERROR] [net.minecraft.world.level.storage.loot.LootDataType/]: Couldn't parse element ResourceKey[minecraft:root / minecraft:loot_table]:railways:blocks/track_byg_nightshade - Unknown registry key in ResourceKey[minecraft:root / minecraft:item]: railways:track_byg_nightshade
[14May2026 05:23:57.534] [Worker-Main-3/ERROR] [net.minecraft.world.level.storage.loot.LootDataType/]: Couldn't parse element ResourceKey[minecraft:root / minecraft:loot_table]:railways:blocks/track_byg_cika_narrow - Unknown registry key in ResourceKey[minecraft:root / minecraft:item]: railways:track_byg_cika_narrow
[14May2026 05:23:57.538] [Worker-Main-3/ERROR] [net.minecraft.world.level.storage.loot.LootDataType/]: Couldn't parse element ResourceKey[minecraft:root / minecraft:loot_table]:railways:blocks/track_byg_nightshade_wide - Unknown registry key in ResourceKey[minecraft:root / minecraft:item]: railways:track_byg_nightshade_wide
[14May2026 05:23:57.541] [Worker-Main-3/ERROR] [net.minecraft.world.level.storage.loot.LootDataType/]: Couldn't parse element ResourceKey[minecraft:root / minecraft:loot_table]:railways:blocks/track_byg_lament_narrow - Unknown registry key in ResourceKey[minecraft:root / minecraft:item]: railways:track_byg_lament_narrow
[14May2026 05:23:57.558] [Worker-Main-3/ERROR] [net.minecraft.world.level.storage.loot.LootDataType/]: Couldn't parse element ResourceKey[minecraft:root / minecraft:loot_table]:railways:blocks/track_byg_redwood_narrow - Unknown registry key in ResourceKey[minecraft:root / minecraft:item]: railways:track_byg_redwood_narrow
[14May2026 05:23:57.564] [Worker-Main-3/ERROR] [net.minecraft.world.level.storage.loot.LootDataType/]: Couldn't parse element ResourceKey[minecraft:root / minecraft:loot_table]:railways:blocks/track_byg_ebony_wide - Unknown registry key in ResourceKey[minecraft:root / minecraft:item]: railways:track_byg_ebony_wide
[14May2026 05:23:57.569] [Worker-Main-3/ERROR] [net.minecraft.world.level.storage.loot.LootDataType/]: Couldn't parse element ResourceKey[minecraft:root / minecraft:loot_table]:railways:blocks/track_natures_spirit_fir_wide - Unknown registry key in ResourceKey[minecraft:root / minecraft:item]: railways:track_natures_spirit_fir_wide
[14May2026 05:23:57.575] [Worker-Main-3/ERROR] [net.minecraft.world.level.storage.loot.LootDataType/]: Couldn't parse element ResourceKey[minecraft:root / minecraft:loot_table]:railways:blocks/track_byg_jacaranda_narrow - Unknown registry key in ResourceKey[minecraft:root / minecraft:item]: railways:track_byg_jacaranda_narrow
[14May2026 05:23:57.576] [Worker-Main-3/ERROR] [net.minecraft.world.level.storage.loot.LootDataType/]: Couldn't parse element ResourceKey[minecraft:root / minecraft:loot_table]:railways:blocks/track_byg_green_enchanted - Unknown registry key in ResourceKey[minecraft:root / minecraft:item]: railways:track_byg_green_enchanted
[14May2026 05:23:57.577] [Worker-Main-3/ERROR] [net.minecraft.world.level.storage.loot.LootDataType/]: Couldn't parse element ResourceKey[minecraft:root / minecraft:loot_table]:railways:blocks/track_byg_white_mangrove - Unknown registry key in ResourceKey[minecraft:root / minecraft:item]: railways:track_byg_white_mangrove
[14May2026 05:23:57.578] [Worker-Main-3/ERROR] [net.minecraft.world.level.storage.loot.LootDataType/]: Couldn't parse element ResourceKey[minecraft:root / minecraft:loot_table]:railways:blocks/track_natures_spirit_aspen - Unknown registry key in ResourceKey[minecraft:root / minecraft:item]: railways:track_natures_spirit_aspen
[14May2026 05:23:57.582] [Worker-Main-3/ERROR] [net.minecraft.world.level.storage.loot.LootDataType/]: Couldn't parse element ResourceKey[minecraft:root / minecraft:loot_table]:railways:blocks/track_natures_spirit_cypress_narrow - Unknown registry key in ResourceKey[minecraft:root / minecraft:item]: railways:track_natures_spirit_cypress_narrow
[14May2026 05:23:57.587] [Worker-Main-3/ERROR] [net.minecraft.world.level.storage.loot.LootDataType/]: Couldn't parse element ResourceKey[minecraft:root / minecraft:loot_table]:railways:blocks/track_natures_spirit_willow_narrow - Unknown registry key in ResourceKey[minecraft:root / minecraft:item]: railways:track_natures_spirit_willow_narrow
[14May2026 05:23:57.599] [Worker-Main-3/ERROR] [net.minecraft.world.level.storage.loot.LootDataType/]: Couldn't parse element ResourceKey[minecraft:root / minecraft:loot_table]:railways:blocks/track_natures_spirit_redwood - Unknown registry key in ResourceKey[minecraft:root / minecraft:item]: railways:track_natures_spirit_redwood
[14May2026 05:23:57.603] [Worker-Main-3/ERROR] [net.minecraft.world.level.storage.loot.LootDataType/]: Couldn't parse element ResourceKey[minecraft:root / minecraft:loot_table]:railways:blocks/track_byg_baobab_narrow - Unknown registry key in ResourceKey[minecraft:root / minecraft:item]: railways:track_byg_baobab_narrow
[14May2026 05:23:57.617] [Worker-Main-3/ERROR] [net.minecraft.world.level.storage.loot.LootDataType/]: Couldn't parse element ResourceKey[minecraft:root / minecraft:loot_table]:railways:blocks/track_byg_blue_enchanted_wide - Unknown registry key in ResourceKey[minecraft:root / minecraft:item]: railways:track_byg_blue_enchanted_wide
[14May2026 05:23:57.638] [Worker-Main-3/ERROR] [net.minecraft.world.level.storage.loot.LootDataType/]: Couldn't parse element ResourceKey[minecraft:root / minecraft:loot_table]:railways:blocks/track_byg_witch_hazel_wide - Unknown registry key in ResourceKey[minecraft:root / minecraft:item]: railways:track_byg_witch_hazel_wide
[14May2026 05:23:57.639] [Worker-Main-3/ERROR] [net.minecraft.world.level.storage.loot.LootDataType/]: Couldn't parse element ResourceKey[minecraft:root / minecraft:loot_table]:railways:blocks/track_byg_willow_narrow - Unknown registry key in ResourceKey[minecraft:root / minecraft:item]: railways:track_byg_willow_narrow
[14May2026 05:23:57.640] [Worker-Main-3/ERROR] [net.minecraft.world.level.storage.loot.LootDataType/]: Couldn't parse element ResourceKey[minecraft:root / minecraft:loot_table]:railways:blocks/track_byg_palm_wide - Unknown registry key in ResourceKey[minecraft:root / minecraft:item]: railways:track_byg_palm_wide
[14May2026 05:23:57.641] [Worker-Main-3/ERROR] [net.minecraft.world.level.storage.loot.LootDataType/]: Couldn't parse element ResourceKey[minecraft:root / minecraft:loot_table]:railways:blocks/track_byg_pine_wide - Unknown registry key in ResourceKey[minecraft:root / minecraft:item]: railways:track_byg_pine_wide
[14May2026 05:23:57.642] [Worker-Main-3/ERROR] [net.minecraft.world.level.storage.loot.LootDataType/]: Couldn't parse element ResourceKey[minecraft:root / minecraft:loot_table]:railways:blocks/track_byg_maple_wide - Unknown registry key in ResourceKey[minecraft:root / minecraft:item]: railways:track_byg_maple_wide
[14May2026 05:23:57.645] [Worker-Main-3/ERROR] [net.minecraft.world.level.storage.loot.LootDataType/]: Couldn't parse element ResourceKey[minecraft:root / minecraft:loot_table]:railways:blocks/track_natures_spirit_ghaf - Unknown registry key in ResourceKey[minecraft:root / minecraft:item]: railways:track_natures_spirit_ghaf
[14May2026 05:23:57.658] [Worker-Main-3/ERROR] [net.minecraft.world.level.storage.loot.LootDataType/]: Couldn't parse element ResourceKey[minecraft:root / minecraft:loot_table]:railways:blocks/track_byg_pine_narrow - Unknown registry key in ResourceKey[minecraft:root / minecraft:item]: railways:track_byg_pine_narrow
[14May2026 05:23:57.669] [Worker-Main-3/ERROR] [net.minecraft.world.level.storage.loot.LootDataType/]: Couldn't parse element ResourceKey[minecraft:root / minecraft:loot_table]:railways:blocks/track_byg_redwood - Unknown registry key in ResourceKey[minecraft:root / minecraft:item]: railways:track_byg_redwood
[14May2026 05:23:57.670] [Worker-Main-3/ERROR] [net.minecraft.world.level.storage.loot.LootDataType/]: Couldn't parse element ResourceKey[minecraft:root / minecraft:loot_table]:railways:blocks/track_natures_spirit_ghaf_wide - Unknown registry key in ResourceKey[minecraft:root / minecraft:item]: railways:track_natures_spirit_ghaf_wide
[14May2026 05:23:57.674] [Worker-Main-3/ERROR] [net.minecraft.world.level.storage.loot.LootDataType/]: Couldn't parse element ResourceKey[minecraft:root / minecraft:loot_table]:railways:blocks/track_natures_spirit_palo_verde - Unknown registry key in ResourceKey[minecraft:root / minecraft:item]: railways:track_natures_spirit_palo_verde
[14May2026 05:23:57.685] [Worker-Main-3/ERROR] [net.minecraft.world.level.storage.loot.LootDataType/]: Couldn't parse element ResourceKey[minecraft:root / minecraft:loot_table]:railways:blocks/track_byg_cika - Unknown registry key in ResourceKey[minecraft:root / minecraft:item]: railways:track_byg_cika
[14May2026 05:23:57.690] [Worker-Main-3/ERROR] [net.minecraft.world.level.storage.loot.LootDataType/]: Couldn't parse element ResourceKey[minecraft:root / minecraft:loot_table]:railways:blocks/track_natures_spirit_joshua - Unknown registry key in ResourceKey[minecraft:root / minecraft:item]: railways:track_natures_spirit_joshua
[14May2026 05:23:57.695] [Worker-Main-3/ERROR] [net.minecraft.world.level.storage.loot.LootDataType/]: Couldn't parse element ResourceKey[minecraft:root / minecraft:loot_table]:railways:blocks/track_natures_spirit_maple_narrow - Unknown registry key in ResourceKey[minecraft:root / minecraft:item]: railways:track_natures_spirit_maple_narrow
[14May2026 05:23:57.724] [Worker-Main-3/ERROR] [net.minecraft.world.level.storage.loot.LootDataType/]: Couldn't parse element ResourceKey[minecraft:root / minecraft:loot_table]:railways:blocks/track_byg_rainbow_eucalyptus_wide - Unknown registry key in ResourceKey[minecraft:root / minecraft:item]: railways:track_byg_rainbow_eucalyptus_wide
[14May2026 05:23:57.730] [Worker-Main-3/ERROR] [net.minecraft.world.level.storage.loot.LootDataType/]: Couldn't parse element ResourceKey[minecraft:root / minecraft:loot_table]:railways:blocks/track_byg_white_mangrove_narrow - Unknown registry key in ResourceKey[minecraft:root / minecraft:item]: railways:track_byg_white_mangrove_narrow
[14May2026 05:23:57.731] [Worker-Main-3/ERROR] [net.minecraft.world.level.storage.loot.LootDataType/]: Couldn't parse element ResourceKey[minecraft:root / minecraft:loot_table]:railways:blocks/track_byg_green_enchanted_narrow - Unknown registry key in ResourceKey[minecraft:root / minecraft:item]: railways:track_byg_green_enchanted_narrow
[14May2026 05:23:57.735] [Worker-Main-3/ERROR] [net.minecraft.world.level.storage.loot.LootDataType/]: Couldn't parse element ResourceKey[minecraft:root / minecraft:loot_table]:railways:blocks/track_natures_spirit_palo_verde_narrow - Unknown registry key in ResourceKey[minecraft:root / minecraft:item]: railways:track_natures_spirit_palo_verde_narrow
[14May2026 05:23:57.740] [Worker-Main-3/ERROR] [net.minecraft.world.level.storage.loot.LootDataType/]: Couldn't parse element ResourceKey[minecraft:root / minecraft:loot_table]:railways:blocks/track_byg_white_mangrove_wide - Unknown registry key in ResourceKey[minecraft:root / minecraft:item]: railways:track_byg_white_mangrove_wide
[14May2026 05:23:57.748] [Worker-Main-3/ERROR] [net.minecraft.world.level.storage.loot.LootDataType/]: Couldn't parse element ResourceKey[minecraft:root / minecraft:loot_table]:railways:blocks/track_byg_maple_narrow - Unknown registry key in ResourceKey[minecraft:root / minecraft:item]: railways:track_byg_maple_narrow
[14May2026 05:23:57.749] [Worker-Main-3/ERROR] [net.minecraft.world.level.storage.loot.LootDataType/]: Couldn't parse element ResourceKey[minecraft:root / minecraft:loot_table]:railways:blocks/track_byg_embur_wide - Unknown registry key in ResourceKey[minecraft:root / minecraft:item]: railways:track_byg_embur_wide
[14May2026 05:23:57.754] [Worker-Main-3/ERROR] [net.minecraft.world.level.storage.loot.LootDataType/]: Couldn't parse element ResourceKey[minecraft:root / minecraft:loot_table]:railways:blocks/track_byg_sythian_narrow - Unknown registry key in ResourceKey[minecraft:root / minecraft:item]: railways:track_byg_sythian_narrow
[14May2026 05:23:57.755] [Worker-Main-3/ERROR] [net.minecraft.world.level.storage.loot.LootDataType/]: Couldn't parse element ResourceKey[minecraft:root / minecraft:loot_table]:railways:blocks/track_byg_redwood_wide - Unknown registry key in ResourceKey[minecraft:root / minecraft:item]: railways:track_byg_redwood_wide
[14May2026 05:23:57.761] [Worker-Main-3/ERROR] [net.minecraft.world.level.storage.loot.LootDataType/]: Couldn't parse element ResourceKey[minecraft:root / minecraft:loot_table]:railways:blocks/track_byg_fir_narrow - Unknown registry key in ResourceKey[minecraft:root / minecraft:item]: railways:track_byg_fir_narrow
[14May2026 05:23:57.764] [Worker-Main-3/ERROR] [net.minecraft.world.level.storage.loot.LootDataType/]: Couldn't parse element ResourceKey[minecraft:root / minecraft:loot_table]:railways:blocks/track_natures_spirit_sugi - Unknown registry key in ResourceKey[minecraft:root / minecraft:item]: railways:track_natures_spirit_sugi
[14May2026 05:23:57.766] [Worker-Main-3/ERROR] [net.minecraft.world.level.storage.loot.LootDataType/]: Couldn't parse element ResourceKey[minecraft:root / minecraft:loot_table]:railways:blocks/track_byg_willow_wide - Unknown registry key in ResourceKey[minecraft:root / minecraft:item]: railways:track_byg_willow_wide
[14May2026 05:23:57.772] [Worker-Main-3/ERROR] [net.minecraft.world.level.storage.loot.LootDataType/]: Couldn't parse element ResourceKey[minecraft:root / minecraft:loot_table]:railways:blocks/track_byg_zelkova_narrow - Unknown registry key in ResourceKey[minecraft:root / minecraft:item]: railways:track_byg_zelkova_narrow
[14May2026 05:23:57.773] [Worker-Main-3/ERROR] [net.minecraft.world.level.storage.loot.LootDataType/]: Couldn't parse element ResourceKey[minecraft:root / minecraft:loot_table]:railways:blocks/track_byg_cika_wide - Unknown registry key in ResourceKey[minecraft:root / minecraft:item]: railways:track_byg_cika_wide
[14May2026 05:23:57.776] [Worker-Main-3/ERROR] [net.minecraft.world.level.storage.loot.LootDataType/]: Couldn't parse element ResourceKey[minecraft:root / minecraft:loot_table]:railways:blocks/track_byg_holly_narrow - Unknown registry key in ResourceKey[minecraft:root / minecraft:item]: railways:track_byg_holly_narrow
[14May2026 05:23:57.777] [Worker-Main-3/ERROR] [net.minecraft.world.level.storage.loot.LootDataType/]: Couldn't parse element ResourceKey[minecraft:root / minecraft:loot_table]:railways:blocks/track_byg_skyris - Unknown registry key in ResourceKey[minecraft:root / minecraft:item]: railways:track_byg_skyris
[14May2026 05:23:57.795] [Worker-Main-3/ERROR] [net.minecraft.world.level.storage.loot.LootDataType/]: Couldn't parse element ResourceKey[minecraft:root / minecraft:loot_table]:railways:blocks/track_natures_spirit_maple - Unknown registry key in ResourceKey[minecraft:root / minecraft:item]: railways:track_natures_spirit_maple
[14May2026 05:23:57.810] [Worker-Main-3/ERROR] [net.minecraft.world.level.storage.loot.LootDataType/]: Couldn't parse element ResourceKey[minecraft:root / minecraft:loot_table]:railways:blocks/track_byg_mahogany - Unknown registry key in ResourceKey[minecraft:root / minecraft:item]: railways:track_byg_mahogany
[14May2026 05:23:57.813] [Worker-Main-3/ERROR] [net.minecraft.world.level.storage.loot.LootDataType/]: Couldn't parse element ResourceKey[minecraft:root / minecraft:loot_table]:railways:blocks/track_byg_baobab_wide - Unknown registry key in ResourceKey[minecraft:root / minecraft:item]: railways:track_byg_baobab_wide
[14May2026 05:23:57.815] [Worker-Main-3/ERROR] [net.minecraft.world.level.storage.loot.LootDataType/]: Couldn't parse element ResourceKey[minecraft:root / minecraft:loot_table]:railways:blocks/track_natures_spirit_palo_verde_wide - Unknown registry key in ResourceKey[minecraft:root / minecraft:item]: railways:track_natures_spirit_palo_verde_wide
[14May2026 05:23:57.816] [Worker-Main-3/ERROR] [net.minecraft.world.level.storage.loot.LootDataType/]: Couldn't parse element ResourceKey[minecraft:root / minecraft:loot_table]:railways:blocks/track_natures_spirit_fir - Unknown registry key in ResourceKey[minecraft:root / minecraft:item]: railways:track_natures_spirit_fir
[14May2026 05:23:57.816] [Worker-Main-3/ERROR] [net.minecraft.world.level.storage.loot.LootDataType/]: Couldn't parse element ResourceKey[minecraft:root / minecraft:loot_table]:railways:blocks/track_byg_imparius_narrow - Unknown registry key in ResourceKey[minecraft:root / minecraft:item]: railways:track_byg_imparius_narrow
[14May2026 05:23:57.824] [Worker-Main-3/ERROR] [net.minecraft.world.level.storage.loot.LootDataType/]: Couldn't parse element ResourceKey[minecraft:root / minecraft:loot_table]:railways:blocks/track_byg_blue_enchanted_narrow - Unknown registry key in ResourceKey[minecraft:root / minecraft:item]: railways:track_byg_blue_enchanted_narrow
[14May2026 05:23:57.835] [Worker-Main-3/ERROR] [net.minecraft.world.level.storage.loot.LootDataType/]: Couldn't parse element ResourceKey[minecraft:root / minecraft:loot_table]:railways:blocks/track_byg_imparius_wide - Unknown registry key in ResourceKey[minecraft:root / minecraft:item]: railways:track_byg_imparius_wide
[14May2026 05:23:57.837] [Worker-Main-3/ERROR] [net.minecraft.world.level.storage.loot.LootDataType/]: Couldn't parse element ResourceKey[minecraft:root / minecraft:loot_table]:railways:blocks/track_byg_palm - Unknown registry key in ResourceKey[minecraft:root / minecraft:item]: railways:track_byg_palm
[14May2026 05:23:57.849] [Worker-Main-3/ERROR] [net.minecraft.world.level.storage.loot.LootDataType/]: Couldn't parse element ResourceKey[minecraft:root / minecraft:loot_table]:railways:blocks/track_byg_rainbow_eucalyptus - Unknown registry key in ResourceKey[minecraft:root / minecraft:item]: railways:track_byg_rainbow_eucalyptus
[14May2026 05:23:57.853] [Worker-Main-3/ERROR] [net.minecraft.world.level.storage.loot.LootDataType/]: Couldn't parse element ResourceKey[minecraft:root / minecraft:loot_table]:railways:blocks/track_natures_spirit_wisteria_narrow - Unknown registry key in ResourceKey[minecraft:root / minecraft:item]: railways:track_natures_spirit_wisteria_narrow
[14May2026 05:23:57.857] [Worker-Main-3/ERROR] [net.minecraft.world.level.storage.loot.LootDataType/]: Couldn't parse element ResourceKey[minecraft:root / minecraft:loot_table]:railways:blocks/track_byg_holly - Unknown registry key in ResourceKey[minecraft:root / minecraft:item]: railways:track_byg_holly
[14May2026 05:23:57.860] [Worker-Main-3/ERROR] [net.minecraft.world.level.storage.loot.LootDataType/]: Couldn't parse element ResourceKey[minecraft:root / minecraft:loot_table]:railways:blocks/track_natures_spirit_aspen_wide - Unknown registry key in ResourceKey[minecraft:root / minecraft:item]: railways:track_natures_spirit_aspen_wide
[14May2026 05:23:57.861] [Worker-Main-3/ERROR] [net.minecraft.world.level.storage.loot.LootDataType/]: Couldn't parse element ResourceKey[minecraft:root / minecraft:loot_table]:railways:blocks/track_byg_ebony_narrow - Unknown registry key in ResourceKey[minecraft:root / minecraft:item]: railways:track_byg_ebony_narrow
[14May2026 05:23:57.861] [Worker-Main-3/ERROR] [net.minecraft.world.level.storage.loot.LootDataType/]: Couldn't parse element ResourceKey[minecraft:root / minecraft:loot_table]:railways:blocks/track_byg_holly_wide - Unknown registry key in ResourceKey[minecraft:root / minecraft:item]: railways:track_byg_holly_wide
[14May2026 05:23:57.861] [Worker-Main-3/ERROR] [net.minecraft.world.level.storage.loot.LootDataType/]: Couldn't parse element ResourceKey[minecraft:root / minecraft:loot_table]:railways:blocks/track_natures_spirit_redwood_narrow - Unknown registry key in ResourceKey[minecraft:root / minecraft:item]: railways:track_natures_spirit_redwood_narrow
[14May2026 05:23:57.867] [Worker-Main-3/ERROR] [net.minecraft.world.level.storage.loot.LootDataType/]: Couldn't parse element ResourceKey[minecraft:root / minecraft:loot_table]:railways:blocks/track_natures_spirit_willow_wide - Unknown registry key in ResourceKey[minecraft:root / minecraft:item]: railways:track_natures_spirit_willow_wide
[14May2026 05:23:57.869] [Worker-Main-3/ERROR] [net.minecraft.world.level.storage.loot.LootDataType/]: Couldn't parse element ResourceKey[minecraft:root / minecraft:loot_table]:railways:blocks/track_byg_cypress - Unknown registry key in ResourceKey[minecraft:root / minecraft:item]: railways:track_byg_cypress
[14May2026 05:23:57.876] [Worker-Main-3/ERROR] [net.minecraft.world.level.storage.loot.LootDataType/]: Couldn't parse element ResourceKey[minecraft:root / minecraft:loot_table]:railways:blocks/track_byg_sythian - Unknown registry key in ResourceKey[minecraft:root / minecraft:item]: railways:track_byg_sythian
[14May2026 05:23:57.883] [Worker-Main-3/ERROR] [net.minecraft.world.level.storage.loot.LootDataType/]: Couldn't parse element ResourceKey[minecraft:root / minecraft:loot_table]:railways:blocks/track_byg_skyris_wide - Unknown registry key in ResourceKey[minecraft:root / minecraft:item]: railways:track_byg_skyris_wide
[14May2026 05:23:57.889] [Worker-Main-3/ERROR] [net.minecraft.world.level.storage.loot.LootDataType/]: Couldn't parse element ResourceKey[minecraft:root / minecraft:loot_table]:railways:blocks/track_byg_bulbis_narrow - Unknown registry key in ResourceKey[minecraft:root / minecraft:item]: railways:track_byg_bulbis_narrow
[14May2026 05:23:57.892] [Worker-Main-3/ERROR] [net.minecraft.world.level.storage.loot.LootDataType/]: Couldn't parse element ResourceKey[minecraft:root / minecraft:loot_table]:railways:blocks/track_byg_skyris_narrow - Unknown registry key in ResourceKey[minecraft:root / minecraft:item]: railways:track_byg_skyris_narrow
[14May2026 05:23:57.896] [Worker-Main-3/ERROR] [net.minecraft.world.level.storage.loot.LootDataType/]: Couldn't parse element ResourceKey[minecraft:root / minecraft:loot_table]:railways:blocks/track_byg_aspen_wide - Unknown registry key in ResourceKey[minecraft:root / minecraft:item]: railways:track_byg_aspen_wide
[14May2026 05:23:57.898] [Worker-Main-3/ERROR] [net.minecraft.world.level.storage.loot.LootDataType/]: Couldn't parse element ResourceKey[minecraft:root / minecraft:loot_table]:railways:blocks/track_byg_willow - Unknown registry key in ResourceKey[minecraft:root / minecraft:item]: railways:track_byg_willow
[14May2026 05:23:57.898] [Worker-Main-3/ERROR] [net.minecraft.world.level.storage.loot.LootDataType/]: Couldn't parse element ResourceKey[minecraft:root / minecraft:loot_table]:railways:blocks/track_byg_bulbis_wide - Unknown registry key in ResourceKey[minecraft:root / minecraft:item]: railways:track_byg_bulbis_wide
[14May2026 05:23:57.901] [Worker-Main-3/ERROR] [net.minecraft.world.level.storage.loot.LootDataType/]: Couldn't parse element ResourceKey[minecraft:root / minecraft:loot_table]:railways:blocks/track_natures_spirit_wisteria_wide - Unknown registry key in ResourceKey[minecraft:root / minecraft:item]: railways:track_natures_spirit_wisteria_wide
[14May2026 05:23:57.904] [Worker-Main-3/ERROR] [net.minecraft.world.level.storage.loot.LootDataType/]: Couldn't parse element ResourceKey[minecraft:root / minecraft:loot_table]:railways:blocks/track_byg_imparius - Unknown registry key in ResourceKey[minecraft:root / minecraft:item]: railways:track_byg_imparius
[14May2026 05:23:57.906] [Worker-Main-3/ERROR] [net.minecraft.world.level.storage.loot.LootDataType/]: Couldn't parse element ResourceKey[minecraft:root / minecraft:loot_table]:railways:blocks/track_byg_aspen - Unknown registry key in ResourceKey[minecraft:root / minecraft:item]: railways:track_byg_aspen
[14May2026 05:23:57.915] [Worker-Main-3/ERROR] [net.minecraft.world.level.storage.loot.LootDataType/]: Couldn't parse element ResourceKey[minecraft:root / minecraft:loot_table]:railways:blocks/track_natures_spirit_cypress - Unknown registry key in ResourceKey[minecraft:root / minecraft:item]: railways:track_natures_spirit_cypress
[14May2026 05:23:57.943] [Worker-Main-3/ERROR] [net.minecraft.world.level.storage.loot.LootDataType/]: Couldn't parse element ResourceKey[minecraft:root / minecraft:loot_table]:railways:blocks/track_byg_embur_narrow - Unknown registry key in ResourceKey[minecraft:root / minecraft:item]: railways:track_byg_embur_narrow
[14May2026 05:23:57.954] [Worker-Main-3/ERROR] [net.minecraft.world.level.storage.loot.LootDataType/]: Couldn't parse element ResourceKey[minecraft:root / minecraft:loot_table]:railways:blocks/track_byg_jacaranda - Unknown registry key in ResourceKey[minecraft:root / minecraft:item]: railways:track_byg_jacaranda
[14May2026 05:23:57.969] [Worker-Main-3/ERROR] [net.minecraft.world.level.storage.loot.LootDataType/]: Couldn't parse element ResourceKey[minecraft:root / minecraft:loot_table]:railways:blocks/track_byg_zelkova_wide - Unknown registry key in ResourceKey[minecraft:root / minecraft:item]: railways:track_byg_zelkova_wide
[14May2026 05:23:57.977] [Worker-Main-3/ERROR] [net.minecraft.world.level.storage.loot.LootDataType/]: Couldn't parse element ResourceKey[minecraft:root / minecraft:loot_table]:railways:blocks/track_byg_baobab - Unknown registry key in ResourceKey[minecraft:root / minecraft:item]: railways:track_byg_baobab
[14May2026 05:23:57.979] [Worker-Main-3/ERROR] [net.minecraft.world.level.storage.loot.LootDataType/]: Couldn't parse element ResourceKey[minecraft:root / minecraft:loot_table]:railways:blocks/track_natures_spirit_fir_narrow - Unknown registry key in ResourceKey[minecraft:root / minecraft:item]: railways:track_natures_spirit_fir_narrow
[14May2026 05:23:57.979] [Worker-Main-3/ERROR] [net.minecraft.world.level.storage.loot.LootDataType/]: Couldn't parse element ResourceKey[minecraft:root / minecraft:loot_table]:railways:blocks/track_natures_spirit_sugi_narrow - Unknown registry key in ResourceKey[minecraft:root / minecraft:item]: railways:track_natures_spirit_sugi_narrow
[14May2026 05:23:57.981] [Worker-Main-3/ERROR] [net.minecraft.world.level.storage.loot.LootDataType/]: Couldn't parse element ResourceKey[minecraft:root / minecraft:loot_table]:railways:blocks/track_byg_maple - Unknown registry key in ResourceKey[minecraft:root / minecraft:item]: railways:track_byg_maple
[14May2026 05:23:57.981] [Worker-Main-3/ERROR] [net.minecraft.world.level.storage.loot.LootDataType/]: Couldn't parse element ResourceKey[minecraft:root / minecraft:loot_table]:railways:blocks/track_byg_lament_wide - Unknown registry key in ResourceKey[minecraft:root / minecraft:item]: railways:track_byg_lament_wide
[14May2026 05:23:57.986] [Worker-Main-3/ERROR] [net.minecraft.world.level.storage.loot.LootDataType/]: Couldn't parse element ResourceKey[minecraft:root / minecraft:loot_table]:railways:blocks/track_byg_blue_enchanted - Unknown registry key in ResourceKey[minecraft:root / minecraft:item]: railways:track_byg_blue_enchanted
[14May2026 05:23:57.987] [Worker-Main-3/ERROR] [net.minecraft.world.level.storage.loot.LootDataType/]: Couldn't parse element ResourceKey[minecraft:root / minecraft:loot_table]:railways:blocks/track_natures_spirit_maple_wide - Unknown registry key in ResourceKey[minecraft:root / minecraft:item]: railways:track_natures_spirit_maple_wide
[14May2026 05:23:57.997] [Worker-Main-3/ERROR] [net.minecraft.world.level.storage.loot.LootDataType/]: Couldn't parse element ResourceKey[minecraft:root / minecraft:loot_table]:railways:blocks/track_natures_spirit_olive_wide - Unknown registry key in ResourceKey[minecraft:root / minecraft:item]: railways:track_natures_spirit_olive_wide
[14May2026 05:23:57.997] [Worker-Main-3/ERROR] [net.minecraft.world.level.storage.loot.LootDataType/]: Couldn't parse element ResourceKey[minecraft:root / minecraft:loot_table]:railways:blocks/track_natures_spirit_sugi_wide - Unknown registry key in ResourceKey[minecraft:root / minecraft:item]: railways:track_natures_spirit_sugi_wide
[14May2026 05:23:57.998] [Worker-Main-3/ERROR] [net.minecraft.world.level.storage.loot.LootDataType/]: Couldn't parse element ResourceKey[minecraft:root / minecraft:loot_table]:railways:blocks/track_byg_aspen_narrow - Unknown registry key in ResourceKey[minecraft:root / minecraft:item]: railways:track_byg_aspen_narrow
[14May2026 05:23:58.008] [Worker-Main-3/ERROR] [net.minecraft.world.level.storage.loot.LootDataType/]: Couldn't parse element ResourceKey[minecraft:root / minecraft:loot_table]:railways:blocks/track_natures_spirit_redwood_wide - Unknown registry key in ResourceKey[minecraft:root / minecraft:item]: railways:track_natures_spirit_redwood_wide
[14May2026 05:23:58.014] [Worker-Main-3/ERROR] [net.minecraft.world.level.storage.loot.LootDataType/]: Couldn't parse element ResourceKey[minecraft:root / minecraft:loot_table]:railways:blocks/track_byg_ether - Unknown registry key in ResourceKey[minecraft:root / minecraft:item]: railways:track_byg_ether
[14May2026 05:23:58.022] [Worker-Main-3/ERROR] [net.minecraft.world.level.storage.loot.LootDataType/]: Couldn't parse element ResourceKey[minecraft:root / minecraft:loot_table]:railways:blocks/track_byg_bulbis - Unknown registry key in ResourceKey[minecraft:root / minecraft:item]: railways:track_byg_bulbis
[14May2026 05:23:58.022] [Worker-Main-3/ERROR] [net.minecraft.world.level.storage.loot.LootDataType/]: Couldn't parse element ResourceKey[minecraft:root / minecraft:loot_table]:railways:blocks/track_byg_cypress_narrow - Unknown registry key in ResourceKey[minecraft:root / minecraft:item]: railways:track_byg_cypress_narrow
[14May2026 05:23:58.551] [Worker-Main-1/INFO] [wover-tag/]: TagLoader directory=tags/schedule
[14May2026 05:23:58.551] [Worker-Main-2/INFO] [wover-tag/]: TagLoader directory=tags/neoforge/structure_modifier_serializers
[14May2026 05:23:58.556] [Worker-Main-2/INFO] [wover-tag/]: TagLoader directory=tags/loot_function_type
[14May2026 05:23:58.558] [Worker-Main-1/INFO] [wover-tag/]: TagLoader directory=tags/number_format_type
[14May2026 05:23:58.560] [Worker-Main-3/INFO] [wover-tag/]: TagLoader directory=tags/create/package_port_target_type
[14May2026 05:23:58.560] [Worker-Main-1/INFO] [wover-tag/]: TagLoader directory=tags/decorated_pot_pattern
[14May2026 05:23:58.563] [Worker-Main-3/INFO] [wover-tag/]: TagLoader directory=tags/lithostitched/bandlands
[14May2026 05:23:58.564] [Worker-Main-1/INFO] [wover-tag/]: TagLoader directory=tags/neoforge/biome_modifier_serializers
[14May2026 05:23:58.564] [Worker-Main-2/INFO] [wover-tag/]: TagLoader directory=tags/banner_pattern
[14May2026 05:23:58.565] [Worker-Main-3/INFO] [wover-tag/]: TagLoader directory=tags/worldgen/feature_size_type
[14May2026 05:23:58.567] [Worker-Main-3/INFO] [wover-tag/]: TagLoader directory=tags/worldgen/structure_processor
[14May2026 05:23:58.568] [Worker-Main-1/INFO] [wover-tag/]: TagLoader directory=tags/chicken_variant
[14May2026 05:23:58.569] [Worker-Main-3/INFO] [wover-tag/]: TagLoader directory=tags/worldgen/structure_set
[14May2026 05:23:58.570] [Worker-Main-2/INFO] [io.wispforest.lmft.LMFTCommon/]: [Load My F***ing Tags]: Loaded Config File!
[14May2026 05:23:58.570] [Worker-Main-1/INFO] [wover-tag/]: TagLoader directory=tags/trim_pattern
[14May2026 05:23:58.572] [Worker-Main-1/INFO] [wover-tag/]: TagLoader directory=tags/moonlight/map_marker
[14May2026 05:23:58.573] [Worker-Main-3/INFO] [wover-tag/]: TagLoader directory=tags/enchantment_value_effect_type
[14May2026 05:23:58.576] [Worker-Main-3/INFO] [wover-tag/]: TagLoader directory=tags/worldgen/block_state_provider_type
[14May2026 05:23:58.576] [Worker-Main-1/INFO] [wover-tag/]: TagLoader directory=tags/jukebox_song
[14May2026 05:23:58.579] [Worker-Main-3/INFO] [wover-tag/]: TagLoader directory=tags/neoforge/global_loot_modifier_serializers
[14May2026 05:23:58.581] [Worker-Main-1/INFO] [wover-tag/]: TagLoader directory=tags/painting_variant
[14May2026 05:23:58.581] [Worker-Main-3/INFO] [wover-tag/]: TagLoader directory=tags/enchantment_location_based_effect_type
[14May2026 05:23:58.603] [Worker-Main-2/INFO] [wover-tag/]: TagLoader directory=tags/enchantment
[14May2026 05:23:58.604] [Worker-Main-1/INFO] [wover-tag/]: TagLoader directory=tags/worldgen/configured_feature
[14May2026 05:23:58.605] [Worker-Main-1/INFO] [wover-tag/]: TagLoader directory=tags/paraglider/wind_sources
[14May2026 05:23:58.607] [Worker-Main-3/INFO] [wover-tag/]: TagLoader directory=tags/game_event
[14May2026 05:23:58.607] [Worker-Main-1/INFO] [wover-tag/]: TagLoader directory=tags/dimension_type
[14May2026 05:23:58.608] [Worker-Main-2/INFO] [wover-tag/]: TagLoader directory=tags/create/potato_projectile/entity_hit_action
[14May2026 05:23:58.609] [Worker-Main-3/INFO] [wover-tag/]: TagLoader directory=tags/create/arm_interaction_point_type
[14May2026 05:23:58.609] [Worker-Main-1/INFO] [wover-tag/]: TagLoader directory=tags/particle_type
[14May2026 05:23:58.610] [Worker-Main-2/INFO] [wover-tag/]: TagLoader directory=tags/neoforge/attachment_types
[14May2026 05:23:58.611] [Worker-Main-1/INFO] [wover-tag/]: TagLoader directory=tags/enchantment_effect_component_type
[14May2026 05:23:58.611] [Worker-Main-3/INFO] [wover-tag/]: TagLoader directory=tags/instrument
[14May2026 05:23:58.613] [Worker-Main-2/INFO] [wover-tag/]: TagLoader directory=tags/lithostitched/bandlands_band_type
[14May2026 05:23:58.613] [Worker-Main-3/INFO] [wover-tag/]: TagLoader directory=tags/custom_stat
[14May2026 05:23:58.616] [Worker-Main-2/INFO] [wover-tag/]: TagLoader directory=tags/neoforge/synced_attachment_types
[14May2026 05:23:58.616] [Worker-Main-1/INFO] [wover-tag/]: TagLoader directory=tags/point_of_interest_type
[14May2026 05:23:58.617] [Worker-Main-3/INFO] [wover-tag/]: TagLoader directory=tags/create/mounted_item_storage_type
[14May2026 05:23:58.618] [Worker-Main-1/INFO] [wover-tag/]: TagLoader directory=tags/neoforge/entity_data_serializers
[14May2026 05:23:58.619] [Worker-Main-3/INFO] [wover-tag/]: TagLoader directory=tags/loot_score_provider_type
[14May2026 05:23:58.620] [Worker-Main-2/INFO] [wover-tag/]: TagLoader directory=tags/item_sub_predicate_type
[14May2026 05:23:58.621] [Worker-Main-3/INFO] [wover-tag/]: TagLoader directory=tags/worldgen/noise
[14May2026 05:23:58.621] [Worker-Main-1/INFO] [wover-tag/]: TagLoader directory=tags/mob_effect
[14May2026 05:23:58.622] [Worker-Main-2/INFO] [wover-tag/]: TagLoader directory=tags/sensor_type
[14May2026 05:23:58.624] [Worker-Main-1/INFO] [wover-tag/]: TagLoader directory=tags/entity_sub_predicate_type
[14May2026 05:23:58.624] [Worker-Main-2/INFO] [wover-tag/]: TagLoader directory=tags/loot_table
[14May2026 05:23:58.624] [Worker-Main-3/INFO] [wover-tag/]: TagLoader directory=tags/item_modifier
[14May2026 05:23:58.626] [Worker-Main-3/INFO] [wover-tag/]: TagLoader directory=tags/worldgen/trunk_placer_type
[14May2026 05:23:58.626] [Worker-Main-1/INFO] [wover-tag/]: TagLoader directory=tags/recipe_type
[14May2026 05:23:58.628] [Worker-Main-3/INFO] [wover-tag/]: TagLoader directory=tags/worldgen/tree_decorator_type
[14May2026 05:23:58.628] [Worker-Main-2/INFO] [wover-tag/]: TagLoader directory=tags/worldgen/template_pool
[14May2026 05:23:58.629] [Worker-Main-1/INFO] [wover-tag/]: TagLoader directory=tags/paraglider/bargain_types
[14May2026 05:23:58.630] [Worker-Main-3/INFO] [wover-tag/]: TagLoader directory=tags/wover/wover/world_preset_info
[14May2026 05:23:58.631] [Worker-Main-2/INFO] [wover-tag/]: TagLoader directory=tags/moonlight/custom_map_data_types
[14May2026 05:23:58.632] [Worker-Main-1/INFO] [wover-tag/]: TagLoader directory=tags/create/display_source
[14May2026 05:23:58.634] [Worker-Main-3/INFO] [wover-tag/]: TagLoader directory=tags/vanillabackport/frog_variant
[14May2026 05:23:58.634] [Worker-Main-2/INFO] [wover-tag/]: TagLoader directory=tags/cat_variant
[14May2026 05:23:58.635] [Worker-Main-1/INFO] [wover-tag/]: TagLoader directory=tags/lithostitched/surface_rule
[14May2026 05:23:58.636] [Worker-Main-2/INFO] [wover-tag/]: TagLoader directory=tags/spawn_condition_type
[14May2026 05:23:58.636] [Worker-Main-3/INFO] [wover-tag/]: TagLoader directory=tags/pig_variant
[14May2026 05:23:58.638] [Worker-Main-3/INFO] [wover-tag/]: TagLoader directory=tags/create/potato_projectile/type
[14May2026 05:23:58.639] [Worker-Main-1/INFO] [wover-tag/]: TagLoader directory=tags/rule_test
[14May2026 05:23:58.642] [Worker-Main-1/INFO] [wover-tag/]: TagLoader directory=tags/worldgen/material_condition
[14May2026 05:23:58.644] [Worker-Main-1/INFO] [wover-tag/]: TagLoader directory=tags/mining_quest
[14May2026 05:23:58.647] [Worker-Main-1/INFO] [wover-tag/]: TagLoader directory=tags/lithostitched/fast_noise_config
[14May2026 05:23:58.652] [Worker-Main-1/INFO] [wover-tag/]: TagLoader directory=tags/lithostitched/load_predicate_type
[14May2026 05:23:58.655] [Worker-Main-1/INFO] [wover-tag/]: TagLoader directory=tags/moonlight/soft_fluid
[14May2026 05:23:58.657] [Worker-Main-1/INFO] [wover-tag/]: TagLoader directory=tags/attribute
[14May2026 05:23:58.668] [Worker-Main-1/INFO] [wover-tag/]: TagLoader directory=tags/worldgen/structure
[14May2026 05:23:58.671] [Worker-Main-1/INFO] [wover-tag/]: TagLoader directory=tags/sparkle_variant
[14May2026 05:23:58.673] [Worker-Main-1/INFO] [wover-tag/]: TagLoader directory=tags/position_source_type
[14May2026 05:23:58.674] [Worker-Main-1/INFO] [wover-tag/]: TagLoader directory=tags/wolf_variant
[14May2026 05:23:58.677] [Worker-Main-1/INFO] [wover-tag/]: TagLoader directory=tags/wover/worldgen/biome_modifications
[14May2026 05:23:58.678] [Worker-Main-1/INFO] [wover-tag/]: TagLoader directory=tags/loot_condition_type
[14May2026 05:23:58.680] [Worker-Main-1/INFO] [wover-tag/]: TagLoader directory=tags/neoforge/condition_codecs
[14May2026 05:23:58.684] [Worker-Main-1/INFO] [wover-tag/]: TagLoader directory=tags/worldgen/configured_carver
[14May2026 05:23:58.687] [Worker-Main-1/INFO] [wover-tag/]: TagLoader directory=tags/paraglider/bargain_preview_type
[14May2026 05:23:58.689] [Worker-Main-1/INFO] [wover-tag/]: TagLoader directory=tags/creative_mode_tab
[14May2026 05:23:58.694] [Worker-Main-1/INFO] [wover-tag/]: TagLoader directory=tags/lithostitched/processor_condition_type
[14May2026 05:23:58.700] [Worker-Main-1/INFO] [wover-tag/]: TagLoader directory=tags/trim_material
[14May2026 05:23:58.705] [Worker-Main-3/INFO] [wover-tag/]: TagLoader directory=tags/worldgen/biome
[14May2026 05:23:58.706] [Worker-Main-1/INFO] [wover-tag/]: TagLoader directory=tags/neoforge/holder_set_type
[14May2026 05:23:58.709] [Worker-Main-1/INFO] [wover-tag/]: TagLoader directory=tags/vanillabackport/cat_variant
[14May2026 05:23:58.711] [Worker-Main-1/INFO] [wover-tag/]: TagLoader directory=tags/vanillabackport/wolf_variant
[14May2026 05:23:58.715] [Worker-Main-1/INFO] [wover-tag/]: TagLoader directory=tags/worldgen/world_preset
[14May2026 05:23:58.734] [Worker-Main-3/INFO] [wover-tag/]: TagLoader directory=tags/worldgen/multi_noise_biome_source_parameter_list
[14May2026 05:23:58.737] [Worker-Main-3/INFO] [wover-tag/]: TagLoader directory=tags/map_decoration_type
[14May2026 05:23:58.738] [Worker-Main-1/INFO] [wover-tag/]: TagLoader directory=tags/worldgen/placement_modifier_type
[14May2026 05:23:58.739] [Worker-Main-3/INFO] [wover-tag/]: TagLoader directory=tags/wover/worldgen/surface_rules
[14May2026 05:23:58.741] [Worker-Main-1/INFO] [wover-tag/]: TagLoader directory=tags/neoforge/fluid_type
[14May2026 05:23:58.742] [Worker-Main-3/INFO] [wover-tag/]: TagLoader directory=tags/lithostitched/region
[14May2026 05:23:58.746] [Worker-Main-1/INFO] [wover-tag/]: TagLoader directory=tags/worldgen/noise_settings
[14May2026 05:23:58.748] [Worker-Main-3/INFO] [wover-tag/]: TagLoader directory=tags/worldgen/flat_level_generator_preset
[14May2026 05:23:58.751] [Worker-Main-1/INFO] [wover-tag/]: TagLoader directory=tags/enchantment_provider
[14May2026 05:23:58.756] [Worker-Main-1/INFO] [wover-tag/]: TagLoader directory=tags/worldgen/root_placer_type
[14May2026 05:23:58.757] [Worker-Main-3/INFO] [wover-tag/]: TagLoader directory=tags/neoforge/ingredient_serializer
[14May2026 05:23:58.759] [Worker-Main-3/INFO] [wover-tag/]: TagLoader directory=tags/block_predicate_type
[14May2026 05:23:58.761] [Worker-Main-1/INFO] [wover-tag/]: TagLoader directory=tags/potion
[14May2026 05:23:58.764] [Worker-Main-3/INFO] [wover-tag/]: TagLoader directory=tags/chat_type
[14May2026 05:23:58.765] [Worker-Main-1/INFO] [wover-tag/]: TagLoader directory=tags/worldgen/processor_list
[14May2026 05:23:58.767] [Worker-Main-1/INFO] [wover-tag/]: TagLoader directory=tags/neoforge/biome_modifier
[14May2026 05:23:58.768] [Worker-Main-3/INFO] [wover-tag/]: TagLoader directory=tags/command_argument_type
[14May2026 05:23:58.769] [Worker-Main-1/INFO] [wover-tag/]: TagLoader directory=tags/worldgen/foliage_placer_type
[14May2026 05:23:58.772] [Worker-Main-3/INFO] [wover-tag/]: TagLoader directory=tags/menu
[14May2026 05:23:58.775] [Worker-Main-1/INFO] [wover-tag/]: TagLoader directory=tags/memory_module_type
[14May2026 05:23:58.777] [Worker-Main-1/INFO] [wover-tag/]: TagLoader directory=tags/loot_nbt_provider_type
[14May2026 05:23:58.777] [Worker-Main-3/INFO] [wover-tag/]: TagLoader directory=tags/frog_variant
[14May2026 05:23:58.781] [Worker-Main-3/INFO] [wover-tag/]: TagLoader directory=tags/villager_profession
[14May2026 05:23:58.782] [Worker-Main-1/INFO] [wover-tag/]: TagLoader directory=tags/fluid
[14May2026 05:23:58.786] [Worker-Main-3/INFO] [wover-tag/]: TagLoader directory=tags/worldgen/placed_feature
[14May2026 05:23:58.788] [Worker-Main-3/INFO] [wover-tag/]: TagLoader directory=tags/worldgen/carver
[14May2026 05:23:58.789] [Worker-Main-3/INFO] [wover-tag/]: TagLoader directory=tags/recipe_serializer
[14May2026 05:23:58.788] [Worker-Main-1/INFO] [wover-tag/]: TagLoader directory=tags/dimension
[14May2026 05:23:58.792] [Worker-Main-3/INFO] [wover-tag/]: TagLoader directory=tags/height_provider_type
[14May2026 05:23:58.796] [Worker-Main-1/INFO] [wover-tag/]: TagLoader directory=tags/create/potato_projectile/block_hit_action
[14May2026 05:23:58.800] [Worker-Main-1/INFO] [wover-tag/]: TagLoader directory=tags/lithostitched/placement_condition_type
[14May2026 05:23:58.803] [Worker-Main-1/INFO] [wover-tag/]: TagLoader directory=tags/lithostitched/biome_injector_type
[14May2026 05:23:58.805] [Worker-Main-1/INFO] [wover-tag/]: TagLoader directory=tags/lithostitched/worldgen_modifier
[14May2026 05:23:58.807] [Worker-Main-1/INFO] [wover-tag/]: TagLoader directory=tags/data_component_type
[14May2026 05:23:58.812] [Worker-Main-1/INFO] [wover-tag/]: TagLoader directory=tags/worldgen/density_function
[14May2026 05:23:58.814] [Worker-Main-1/INFO] [wover-tag/]: TagLoader directory=tags/create/mounted_fluid_storage_type
[14May2026 05:23:58.821] [Worker-Main-1/INFO] [wover-tag/]: TagLoader directory=tags/rule_block_entity_modifier
[14May2026 05:23:58.823] [Worker-Main-1/INFO] [wover-tag/]: TagLoader directory=tags/worldgen/chunk_generator
[14May2026 05:23:58.825] [Worker-Main-1/INFO] [wover-tag/]: TagLoader directory=tags/cow_variant
[14May2026 05:23:58.827] [Worker-Main-1/INFO] [wover-tag/]: TagLoader directory=tags/enchantment_level_based_value_type
[14May2026 05:23:58.827] [Worker-Main-2/INFO] [wover-tag/]: TagLoader directory=tags/item
[14May2026 05:23:58.828] [Worker-Main-1/INFO] [wover-tag/]: TagLoader directory=tags/worldgen/material_rule
[14May2026 05:23:58.829] [Worker-Main-2/INFO] [Elytra Slot Compat/]: id:netherite_ext:netherite_elytra
[14May2026 05:23:58.829] [Worker-Main-2/INFO] [Elytra Slot Compat/]: item:minecraft:air
[14May2026 05:23:58.829] [Worker-Main-2/INFO] [Elytra Slot Compat/]: id:netherite_plated_elytra:netherite_elytra
[14May2026 05:23:58.829] [Worker-Main-2/INFO] [Elytra Slot Compat/]: item:minecraft:air
[14May2026 05:23:58.829] [Worker-Main-2/INFO] [Elytra Slot Compat/]: id:reimaginingpotatoes:poisonous_polytra
[14May2026 05:23:58.829] [Worker-Main-2/INFO] [Elytra Slot Compat/]: item:minecraft:air
[14May2026 05:23:58.830] [Worker-Main-1/INFO] [wover-tag/]: TagLoader directory=tags/neoforge/fluid_ingredient_type
[14May2026 05:23:58.832] [Worker-Main-1/INFO] [wover-tag/]: TagLoader directory=tags/create/display_target
[14May2026 05:23:58.833] [Worker-Main-1/INFO] [wover-tag/]: TagLoader directory=tags/pos_rule_test
[14May2026 05:23:58.835] [Worker-Main-1/INFO] [wover-tag/]: TagLoader directory=tags/sound_event
[14May2026 05:23:58.836] [Worker-Main-1/INFO] [wover-tag/]: TagLoader directory=tags/neoforge/structure_modifier
[14May2026 05:23:58.838] [Worker-Main-1/INFO] [wover-tag/]: TagLoader directory=tags/villager_type
[14May2026 05:23:58.840] [Worker-Main-1/INFO] [wover-tag/]: TagLoader directory=tags/worldgen/structure_piece
[14May2026 05:23:58.841] [Worker-Main-1/INFO] [wover-tag/]: TagLoader directory=tags/worldgen/structure_type
[14May2026 05:23:58.843] [Worker-Main-1/INFO] [wover-tag/]: TagLoader directory=tags/block_entity_type
[14May2026 05:23:58.845] [Worker-Main-1/INFO] [wover-tag/]: TagLoader directory=tags/worldgen/pool_alias_binding
[14May2026 05:23:58.847] [Worker-Main-1/INFO] [wover-tag/]: TagLoader directory=tags/worldgen/biome_source
[14May2026 05:23:58.852] [Worker-Main-2/INFO] [wover-tag/]: TagLoader directory=tags/enchantment_entity_effect_type
[14May2026 05:23:58.853] [Worker-Main-2/INFO] [wover-tag/]: TagLoader directory=tags/lithostitched/fast_noise_config_type
[14May2026 05:23:58.855] [Worker-Main-2/INFO] [wover-tag/]: TagLoader directory=tags/create/contraption_type
[14May2026 05:23:58.857] [Worker-Main-2/INFO] [wover-tag/]: TagLoader directory=tags/armor_material
[14May2026 05:23:58.858] [Worker-Main-2/INFO] [wover-tag/]: TagLoader directory=tags/create/fan_processing_type
[14May2026 05:23:58.859] [Worker-Main-2/INFO] [wover-tag/]: TagLoader directory=tags/predicate
[14May2026 05:23:58.861] [Worker-Main-2/INFO] [wover-tag/]: TagLoader directory=tags/create/item_attribute_type
[14May2026 05:23:58.862] [Worker-Main-2/INFO] [wover-tag/]: TagLoader directory=tags/loot_number_provider_type
[14May2026 05:23:58.863] [Worker-Main-2/INFO] [wover-tag/]: TagLoader directory=tags/stat_type
[14May2026 05:23:58.865] [Worker-Main-2/INFO] [wover-tag/]: TagLoader directory=tags/worldgen/structure_pool_element
[14May2026 05:23:58.867] [Worker-Main-2/INFO] [wover-tag/]: TagLoader directory=tags/worldgen/feature
[14May2026 05:23:58.867] [Worker-Main-2/INFO] [wover-tag/]: TagLoader directory=tags/int_provider_type
[14May2026 05:23:58.869] [Worker-Main-2/INFO] [wover-tag/]: TagLoader directory=tags/moonlight/world_saved_data_type
[14May2026 05:23:58.871] [Worker-Main-2/INFO] [wover-tag/]: TagLoader directory=tags/float_provider_type
[14May2026 05:23:58.872] [Worker-Main-2/INFO] [wover-tag/]: TagLoader directory=tags/lithostitched/biome_injector
[14May2026 05:23:58.874] [Worker-Main-2/INFO] [wover-tag/]: TagLoader directory=tags/trigger_type
[14May2026 05:23:58.875] [Worker-Main-2/INFO] [wover-tag/]: TagLoader directory=tags/activity
[14May2026 05:23:58.877] [Worker-Main-2/INFO] [wover-tag/]: TagLoader directory=tags/enchantment_provider_type
[14May2026 05:23:58.880] [Worker-Main-1/INFO] [wover-tag/]: TagLoader directory=tags/damage_type
[14May2026 05:23:58.882] [Worker-Main-1/INFO] [wover-tag/]: TagLoader directory=tags/wolf_sound_variant
[14May2026 05:23:58.884] [Worker-Main-1/INFO] [wover-tag/]: TagLoader directory=tags/lithostitched/template_list
[14May2026 05:23:58.886] [Worker-Main-1/INFO] [wover-tag/]: TagLoader directory=tags/moonlight/villager_trades
[14May2026 05:23:58.887] [Worker-Main-1/INFO] [wover-tag/]: TagLoader directory=tags/worldgen/structure_placement
[14May2026 05:23:58.888] [Worker-Main-2/INFO] [wover-tag/]: TagLoader directory=tags/entity_type
[14May2026 05:23:58.891] [Worker-Main-1/INFO] [wover-tag/]: TagLoader directory=tags/chunk_status
[14May2026 05:23:58.893] [Worker-Main-1/INFO] [wover-tag/]: TagLoader directory=tags/block_type
[14May2026 05:23:58.895] [Worker-Main-2/INFO] [wover-tag/]: TagLoader directory=tags/abridged/bridge_config
[14May2026 05:23:58.895] [Worker-Main-1/INFO] [wover-tag/]: TagLoader directory=tags/create/potato_projectile/render_mode
[14May2026 05:23:58.896] [Worker-Main-2/INFO] [wover-tag/]: TagLoader directory=tags/loot_pool_entry_type
[14May2026 05:23:58.898] [Worker-Main-2/INFO] [wover-tag/]: TagLoader directory=tags/worldgen/density_function_type
[14May2026 05:23:58.898] [Worker-Main-1/INFO] [wover-tag/]: TagLoader directory=tags/wover/worldgen/biome_data
[14May2026 05:23:58.900] [Worker-Main-2/INFO] [wover-tag/]: TagLoader directory=tags/lithostitched/modifier_type
[14May2026 05:23:59.023] [Worker-Main-3/INFO] [wover-tag/]: TagLoader directory=tags/block
[14May2026 05:23:59.023] [Worker-Main-3/INFO] [wover-tag/]: TagLoader prebuild block tags: terrain=missing entries=null, netherrack=missing entries=null
[14May2026 05:23:59.160] [Worker-Main-3/WARN] [net.neoforged.neoforge.registries.DataMapLoader/]: Found data map file for non-existent data map type 'minersdelight:cup_variant' on registry 'minecraft:item'.
[14May2026 05:23:59.757] [Worker-Main-3/INFO] [Faewulf's Lib/]: [Faewulf's Lib] Reloaded piggyback config file.
[14May2026 05:23:59.758] [Worker-Main-3/INFO] [Faewulf's Lib/]: [Faewulf's Lib] Total config reloaded: 1
[14May2026 05:23:59.813] [Worker-Main-3/WARN] [GeckoLib/]: Unsupported geometry json version: 1.21.0 for model block_factorys_bosses:geo/entity/sandworm.geo.json. Supported versions: 1.12.0. Remove any rotated face UVs and re-export the model to fix
[14May2026 05:24:00.527] [main/INFO] [bclib/]: Disabling Recipe: bclib:test_star
[14May2026 05:24:00.529] [main/INFO] [letsdocompat/]: FD Pot recipe for {"id":"compatdelight:iron_apple_cider","count":1} missing container
[14May2026 05:24:00.531] [main/INFO] [letsdocompat/]: FD Pot recipe for {"id":"compatdelight:pasta_with_energized_core","count":1} missing container
[14May2026 05:24:00.531] [main/INFO] [letsdocompat/]: FD Pot recipe for {"id":"compatdelight:spider_noodle_soup","count":1} missing container
[14May2026 05:24:00.532] [main/INFO] [letsdocompat/]: FD Pot recipe for {"id":"compatdelight:bramble_and_spider_egg","count":1} missing container
[14May2026 05:24:00.533] [main/INFO] [letsdocompat/]: FD Pot recipe for {"id":"compatdelight:pasta_with_azure","count":1} missing container
[14May2026 05:24:00.533] [main/INFO] [letsdocompat/]: FD Pot recipe for {"id":"compatdelight:pasta_with_lightning_grenade","count":1} missing container
[14May2026 05:24:00.535] [main/INFO] [letsdocompat/]: FD Pot recipe for {"id":"compatdelight:pasta_with_starfish","count":1} missing container
[14May2026 05:24:00.536] [main/INFO] [letsdocompat/]: FD Pot recipe for {"id":"compatdelight:pasta_with_crab","count":1} missing container
[14May2026 05:24:00.537] [main/INFO] [letsdocompat/]: FD Pot recipe for {"id":"compatdelight:pasta_with_bone","count":1} missing container
[14May2026 05:24:00.538] [main/INFO] [letsdocompat/]: FD Pot recipe for {"id":"compatdelight:beaver_pasta_with_datura","count":1} missing container
[14May2026 05:24:00.540] [main/INFO] [letsdocompat/]: FD Pot recipe for {"id":"compatdelight:pasta_with_heart","count":1} missing container
[14May2026 05:24:00.540] [main/INFO] [letsdocompat/]: FD Pot recipe for {"id":"compatdelight:pasta_with_aura_mushroom","count":1} missing container
[14May2026 05:24:00.542] [main/INFO] [letsdocompat/]: FD Pot recipe for {"id":"compatdelight:green_apple_cider","count":1} missing container
[14May2026 05:24:00.543] [main/INFO] [letsdocompat/]: FD Pot recipe for {"id":"compatdelight:bramble_pasta_with_spider_egg","count":1} missing container
[14May2026 05:24:00.545] [main/INFO] [letsdocompat/]: FD Pot recipe for {"id":"compatdelight:silicon_pasta","count":1} missing container
[14May2026 05:24:00.547] [main/INFO] [letsdocompat/]: FD Pot recipe for {"id":"compatdelight:watergrass_rolls","count":1} missing container
[14May2026 05:24:00.548] [main/INFO] [letsdocompat/]: FD Pot recipe for {"id":"compatdelight:emerald_apple_cider","count":1} missing container
[14May2026 05:24:00.549] [main/INFO] [letsdocompat/]: FD Pot recipe for {"id":"compatdelight:astral_potato_stew","count":1} missing container
[14May2026 05:24:00.550] [main/INFO] [letsdocompat/]: FD Pot recipe for {"id":"compatdelight:pasta_with_processor_binding","count":1} missing container
[14May2026 05:24:00.550] [main/INFO] [letsdocompat/]: FD Pot recipe for {"id":"compatdelight:barley_rolls","count":1} missing container
[14May2026 05:24:00.551] [main/INFO] [letsdocompat/]: FD Pot recipe for {"id":"compatdelight:pasta_with_dark_nether_star","count":1} missing container
[14May2026 05:24:00.551] [main/INFO] [letsdocompat/]: Added 488 compatibility recipes !
[14May2026 05:24:00.566] [main/ERROR] [net.minecraft.world.item.crafting.RecipeManager/]: Parsing error loading recipe letsdocompat:farm_and_charm/tropicraftdelight/lemon_jem: com.google.gson.JsonParseException: Unknown registry key in ResourceKey[minecraft:root / minecraft:item]: compatdelight:lemon_jem; Failed to parse either. First: Not a json array: {"item":"tropicraft:lemon"}; Second: No key tag in MapLike[{"item":"tropicraft:lemon"}]; Unknown registry key in ResourceKey[minecraft:root / minecraft:item]: tropicraft:lemon; Failed to parse either. First: Not a json array: {"item":"tropicraft:lemon"}; Second: No key tag in MapLike[{"item":"tropicraft:lemon"}]; Unknown registry key in ResourceKey[minecraft:root / minecraft:item]: tropicraft:lemon
[14May2026 05:24:00.571] [main/ERROR] [net.minecraft.world.item.crafting.RecipeManager/]: Parsing error loading recipe letsdocompat:farm_and_charm/palegardendelight/eyeblossom_salad: com.google.gson.JsonParseException: Unknown registry key in ResourceKey[minecraft:root / minecraft:item]: compatdelight:eyeblossom_salad; Failed to parse either. First: Not a json array: {"item":"palegarden:eye_blossom"}; Second: No key tag in MapLike[{"item":"palegarden:eye_blossom"}]; Unknown registry key in ResourceKey[minecraft:root / minecraft:item]: palegarden:eye_blossom; Failed to parse either. First: Not a json array: {"item":"palegarden:eye_blossom"}; Second: No key tag in MapLike[{"item":"palegarden:eye_blossom"}]; Unknown registry key in ResourceKey[minecraft:root / minecraft:item]: palegarden:eye_blossom; Failed to parse either. First: Not a json array: {"item":"palegarden:eye_blossom"}; Second: No key tag in MapLike[{"item":"palegarden:eye_blossom"}]; Unknown registry key in ResourceKey[minecraft:root / minecraft:item]: palegarden:eye_blossom; No ingredients for shapeless recipe
[14May2026 05:24:00.577] [main/ERROR] [net.minecraft.world.item.crafting.RecipeManager/]: Parsing error loading recipe letsdocompat:farm_and_charm/ecologicsdelight/coconut_husk/rabbit_stew1: com.google.gson.JsonParseException: Unknown registry key in ResourceKey[minecraft:root / minecraft:item]: ecologics:coconut_husk
[14May2026 05:24:00.588] [main/ERROR] [net.minecraft.world.item.crafting.RecipeManager/]: Parsing error loading recipe letsdocompat:farm_and_charm/bloodmagicdelight/strong_tau_ice_cream: com.google.gson.JsonParseException: Unknown registry key in ResourceKey[minecraft:root / minecraft:item]: compatdelight:strong_tau_ice_cream; Failed to parse either. First: Not a json array: {"item":"bloodmagic:strong_tau"}; Second: No key tag in MapLike[{"item":"bloodmagic:strong_tau"}]; Unknown registry key in ResourceKey[minecraft:root / minecraft:item]: bloodmagic:strong_tau; Failed to parse either. First: Not a json array: {"item":"bloodmagic:strong_tau"}; Second: No key tag in MapLike[{"item":"bloodmagic:strong_tau"}]; Unknown registry key in ResourceKey[minecraft:root / minecraft:item]: bloodmagic:strong_tau
[14May2026 05:24:00.590] [main/ERROR] [net.minecraft.world.item.crafting.RecipeManager/]: Parsing error loading recipe letsdocompat:farm_and_charm/toughasdelight/charc_os_ice_cream: com.google.gson.JsonParseException: Unknown registry key in ResourceKey[minecraft:root / minecraft:item]: compatdelight:charc_os_ice_cream; Failed to parse either. First: Not a json array: {"item":"toughasnails:charc_os"}; Second: No key tag in MapLike[{"item":"toughasnails:charc_os"}]; Unknown registry key in ResourceKey[minecraft:root / minecraft:item]: toughasnails:charc_os; Failed to parse either. First: Not a json array: {"item":"toughasnails:charc_os"}; Second: No key tag in MapLike[{"item":"toughasnails:charc_os"}]; Unknown registry key in ResourceKey[minecraft:root / minecraft:item]: toughasnails:charc_os
[14May2026 05:24:00.594] [main/ERROR] [net.minecraft.world.item.crafting.RecipeManager/]: Parsing error loading recipe letsdocompat:farm_and_charm/draconicevolutiondelight/draconium_dragon_heart_glazed: com.google.gson.JsonParseException: Unknown registry key in ResourceKey[minecraft:root / minecraft:item]: compatdelight:draconium_dragon_heart_glazed; Failed to parse either. First: Not a json array: {"item":"compatdelight:draconium_jem"}; Second: No key tag in MapLike[{"item":"compatdelight:draconium_jem"}]; Unknown registry key in ResourceKey[minecraft:root / minecraft:item]: compatdelight:draconium_jem; Failed to parse either. First: Not a json array: {"item":"compatdelight:draconium_jem"}; Second: No key tag in MapLike[{"item":"compatdelight:draconium_jem"}]; Unknown registry key in ResourceKey[minecraft:root / minecraft:item]: compatdelight:draconium_jem; Failed to parse either. First: Not a json array: {"item":"compatdelight:draconium_jem"}; Second: No key tag in MapLike[{"item":"compatdelight:draconium_jem"}]; Unknown registry key in ResourceKey[minecraft:root / minecraft:item]: compatdelight:draconium_jem; Failed to parse either. First: Not a json array: {"item":"draconicevolution:dragon_heart"}; Second: No key tag in MapLike[{"item":"draconicevolution:dragon_heart"}]; Unknown registry key in ResourceKey[minecraft:root / minecraft:item]: draconicevolution:dragon_heart; No ingredients for shapeless recipe
[14May2026 05:24:00.595] [main/ERROR] [net.minecraft.world.item.crafting.RecipeManager/]: Parsing error loading recipe letsdocompat:farm_and_charm/bloodmagicdelight/weak_tau_ice_cream: com.google.gson.JsonParseException: Unknown registry key in ResourceKey[minecraft:root / minecraft:item]: compatdelight:weak_tau_ice_cream; Failed to parse either. First: Not a json array: {"item":"bloodmagic:weak_tau"}; Second: No key tag in MapLike[{"item":"bloodmagic:weak_tau"}]; Unknown registry key in ResourceKey[minecraft:root / minecraft:item]: bloodmagic:weak_tau; Failed to parse either. First: Not a json array: {"item":"bloodmagic:weak_tau"}; Second: No key tag in MapLike[{"item":"bloodmagic:weak_tau"}]; Unknown registry key in ResourceKey[minecraft:root / minecraft:item]: bloodmagic:weak_tau
[14May2026 05:24:00.597] [main/ERROR] [net.minecraft.world.item.crafting.RecipeManager/]: Parsing error loading recipe letsdocompat:farm_and_charm/arsnouveaudelight/bombegranate_yougurt: com.google.gson.JsonParseException: Unknown registry key in ResourceKey[minecraft:root / minecraft:item]: compatdelight:bombegranate_yougurt; Failed to parse either. First: Not a json array: {"item":"compatdelight:bombegranate_jem"}; Second: No key tag in MapLike[{"item":"compatdelight:bombegranate_jem"}]; Unknown registry key in ResourceKey[minecraft:root / minecraft:item]: compatdelight:bombegranate_jem; Failed to parse either. First: Not a json array: {"item":"compatdelight:bombegranate_jem"}; Second: No key tag in MapLike[{"item":"compatdelight:bombegranate_jem"}]; Unknown registry key in ResourceKey[minecraft:root / minecraft:item]: compatdelight:bombegranate_jem
[14May2026 05:24:00.597] [main/ERROR] [net.minecraft.world.item.crafting.RecipeManager/]: Parsing error loading recipe letsdocompat:farm_and_charm/malumdelight/runic_sapball_jam: com.google.gson.JsonParseException: Unknown registry key in ResourceKey[minecraft:root / minecraft:item]: compatdelight:runic_sapball_jam; Failed to parse either. First: Not a json array: {"item":"malum:runic_sap"}; Second: No key tag in MapLike[{"item":"malum:runic_sap"}]; Unknown registry key in ResourceKey[minecraft:root / minecraft:item]: malum:runic_sap; No ingredients for shapeless recipe
[14May2026 05:24:00.606] [main/ERROR] [net.minecraft.world.item.crafting.RecipeManager/]: Parsing error loading recipe letsdocompat:farm_and_charm/hexereidelight/salad: com.google.gson.JsonParseException: Unknown registry key in ResourceKey[minecraft:root / minecraft:item]: compatdelight:salad; Failed to parse either. First: Not a json array: {"item":"hexerei:yellow_dock_leaves"}; Second: No key tag in MapLike[{"item":"hexerei:yellow_dock_leaves"}]; Unknown registry key in ResourceKey[minecraft:root / minecraft:item]: hexerei:yellow_dock_leaves; Failed to parse either. First: Not a json array: {"item":"hexerei:mugwort_flowers"}; Second: No key tag in MapLike[{"item":"hexerei:mugwort_flowers"}]; Unknown registry key in ResourceKey[minecraft:root / minecraft:item]: hexerei:mugwort_flowers; Failed to parse either. First: Not a json array: {"item":"hexerei:mandrake_flowers"}; Second: No key tag in MapLike[{"item":"hexerei:mandrake_flowers"}]; Unknown registry key in ResourceKey[minecraft:root / minecraft:item]: hexerei:mandrake_flowers; No ingredients for shapeless recipe
[14May2026 05:24:00.609] [main/ERROR] [net.minecraft.world.item.crafting.RecipeManager/]: Parsing error loading recipe letsdocompat:farm_and_charm/forbiddenandarcanusdelight/tentacle_and_arcane_eggs: com.google.gson.JsonParseException: Unknown registry key in ResourceKey[minecraft:root / minecraft:item]: compatdelight:tentacle_and_arcane_eggs; Failed to parse either. First: Not a json array: {"item":"forbidden_arcanus:cooked_tentacle"}; Second: No key tag in MapLike[{"item":"forbidden_arcanus:cooked_tentacle"}]; Unknown registry key in ResourceKey[minecraft:root / minecraft:item]: forbidden_arcanus:cooked_tentacle; Failed to parse either. First: Not a json array: {"item":"forbidden_arcanus:arcane_dragon_egg"}; Second: No key tag in MapLike[{"item":"forbidden_arcanus:arcane_dragon_egg"}]; Unknown registry key in ResourceKey[minecraft:root / minecraft:item]: forbidden_arcanus:arcane_dragon_egg; Failed to parse either. First: Not a json array: {"item":"forbidden_arcanus:arcane_dragon_egg"}; Second: No key tag in MapLike[{"item":"forbidden_arcanus:arcane_dragon_egg"}]; Unknown registry key in ResourceKey[minecraft:root / minecraft:item]: forbidden_arcanus:arcane_dragon_egg; No ingredients for shapeless recipe
[14May2026 05:24:00.610] [main/ERROR] [net.minecraft.world.item.crafting.RecipeManager/]: Parsing error loading recipe letsdocompat:farm_and_charm/forbiddenandarcanusdelight/wax_jem: com.google.gson.JsonParseException: Unknown registry key in ResourceKey[minecraft:root / minecraft:item]: compatdelight:wax_jem; Failed to parse either. First: Not a json array: {"item":"forbidden_arcanus:wax"}; Second: No key tag in MapLike[{"item":"forbidden_arcanus:wax"}]; Unknown registry key in ResourceKey[minecraft:root / minecraft:item]: forbidden_arcanus:wax; Failed to parse either. First: Not a json array: {"item":"forbidden_arcanus:wax"}; Second: No key tag in MapLike[{"item":"forbidden_arcanus:wax"}]; Unknown registry key in ResourceKey[minecraft:root / minecraft:item]: forbidden_arcanus:wax
[14May2026 05:24:00.612] [main/ERROR] [net.minecraft.world.item.crafting.RecipeManager/]: Parsing error loading recipe letsdocompat:farm_and_charm/toughasdelight/pumpkin_jem: com.google.gson.JsonParseException: Unknown registry key in ResourceKey[minecraft:root / minecraft:item]: compatdelight:pumpkin_jem; Failed to parse either. First: Not a json array: {"item":"toughasnails:pumpkin_juice"}; Second: No key tag in MapLike[{"item":"toughasnails:pumpkin_juice"}]; Unknown registry key in ResourceKey[minecraft:root / minecraft:item]: toughasnails:pumpkin_juice; Failed to parse either. First: Not a json array: {"item":"toughasnails:pumpkin_juice"}; Second: No key tag in MapLike[{"item":"toughasnails:pumpkin_juice"}]; Unknown registry key in ResourceKey[minecraft:root / minecraft:item]: toughasnails:pumpkin_juice
[14May2026 05:24:00.617] [main/ERROR] [net.minecraft.world.item.crafting.RecipeManager/]: Parsing error loading recipe letsdocompat:farm_and_charm/enigmaticlegacydelight/mending_shake: com.google.gson.JsonParseException: Unknown registry key in ResourceKey[minecraft:root / minecraft:item]: compatdelight:mending_shake; Failed to parse either. First: Not a json array: {"item":"enigmaticlegacy:mending_mixture"}; Second: No key tag in MapLike[{"item":"enigmaticlegacy:mending_mixture"}]; Unknown registry key in ResourceKey[minecraft:root / minecraft:item]: enigmaticlegacy:mending_mixture; Failed to parse either. First: Not a json array: {"item":"enigmaticlegacy:mending_mixture"}; Second: No key tag in MapLike[{"item":"enigmaticlegacy:mending_mixture"}]; Unknown registry key in ResourceKey[minecraft:root / minecraft:item]: enigmaticlegacy:mending_mixture
[14May2026 05:24:00.620] [main/ERROR] [net.minecraft.world.item.crafting.RecipeManager/]: Parsing error loading recipe letsdocompat:farm_and_charm/borninchaosdelight/darkatrium_salad: com.google.gson.JsonParseException: Unknown registry key in ResourceKey[minecraft:root / minecraft:item]: compatdelight:darkatrium_salad; Failed to parse either. First: Not a json array: {"item":"born_in_chaos_v1:dark_atrium"}; Second: No key tag in MapLike[{"item":"born_in_chaos_v1:dark_atrium"}]; Unknown registry key in ResourceKey[minecraft:root / minecraft:item]: born_in_chaos_v1:dark_atrium; Failed to parse either. First: Not a json array: {"item":"born_in_chaos_v1:dark_atrium"}; Second: No key tag in MapLike[{"item":"born_in_chaos_v1:dark_atrium"}]; Unknown registry key in ResourceKey[minecraft:root / minecraft:item]: born_in_chaos_v1:dark_atrium; Failed to parse either. First: Not a json array: {"item":"born_in_chaos_v1:dark_atrium"}; Second: No key tag in MapLike[{"item":"born_in_chaos_v1:dark_atrium"}]; Unknown registry key in ResourceKey[minecraft:root / minecraft:item]: born_in_chaos_v1:dark_atrium; No ingredients for shapeless recipe
[14May2026 05:24:00.622] [main/ERROR] [net.minecraft.world.item.crafting.RecipeManager/]: Parsing error loading recipe letsdocompat:farm_and_charm/botaniadelight/ender_air_sauce: com.google.gson.JsonParseException: Unknown registry key in ResourceKey[minecraft:root / minecraft:item]: compatdelight:ender_air_sauce; Failed to parse either. First: Not a json array: {"item":"botania:ender_air_bottle"}; Second: No key tag in MapLike[{"item":"botania:ender_air_bottle"}]; Unknown registry key in ResourceKey[minecraft:root / minecraft:item]: botania:ender_air_bottle; Failed to parse either. First: Not a json array: {"item":"botania:ender_air_bottle"}; Second: No key tag in MapLike[{"item":"botania:ender_air_bottle"}]; Unknown registry key in ResourceKey[minecraft:root / minecraft:item]: botania:ender_air_bottle; No ingredients for shapeless recipe
[14May2026 05:24:00.630] [main/ERROR] [net.minecraft.world.item.crafting.RecipeManager/]: Parsing error loading recipe letsdocompat:farm_and_charm/graveyarddelight/corruption_roll: com.google.gson.JsonParseException: Unknown registry key in ResourceKey[minecraft:root / minecraft:item]: compatdelight:corruption_roll; Failed to parse either. First: Not a json array: {"item":"graveyard:corruption"}; Second: No key tag in MapLike[{"item":"graveyard:corruption"}]; Unknown registry key in ResourceKey[minecraft:root / minecraft:item]: graveyard:corruption
[14May2026 05:24:00.633] [main/ERROR] [net.minecraft.world.item.crafting.RecipeManager/]: Parsing error loading recipe letsdocompat:farm_and_charm/enlightenddelight/azure_berry_custard: com.google.gson.JsonParseException: Unknown registry key in ResourceKey[minecraft:root / minecraft:item]: compatdelight:azure_berry_custard; Failed to parse either. First: Not a json array: {"item":"enlightened_end:azure_berries"}; Second: No key tag in MapLike[{"item":"enlightened_end:azure_berries"}]; Unknown registry key in ResourceKey[minecraft:root / minecraft:item]: enlightened_end:azure_berries; Failed to parse either. First: Not a json array: {"item":"enlightened_end:azure_berries"}; Second: No key tag in MapLike[{"item":"enlightened_end:azure_berries"}]; Unknown registry key in ResourceKey[minecraft:root / minecraft:item]: enlightened_end:azure_berries
[14May2026 05:24:00.635] [main/ERROR] [net.minecraft.world.item.crafting.RecipeManager/]: Parsing error loading recipe letsdocompat:farm_and_charm/enlightenddelight/ancient_root_stew: com.google.gson.JsonParseException: Unknown registry key in ResourceKey[minecraft:root / minecraft:item]: compatdelight:ancient_root_stew; Failed to parse either. First: Not a json array: {"item":"enlightened_end:xenon_jar"}; Second: No key tag in MapLike[{"item":"enlightened_end:xenon_jar"}]; Unknown registry key in ResourceKey[minecraft:root / minecraft:item]: enlightened_end:xenon_jar; Failed to parse either. First: Not a json array: {"item":"enlightened_end:ancient_root"}; Second: No key tag in MapLike[{"item":"enlightened_end:ancient_root"}]; Unknown registry key in ResourceKey[minecraft:root / minecraft:item]: enlightened_end:ancient_root; No ingredients for shapeless recipe
[14May2026 05:24:00.635] [main/ERROR] [net.minecraft.world.item.crafting.RecipeManager/]: Parsing error loading recipe letsdocompat:farm_and_charm/netherificdelight/ectoplasm_jem: com.google.gson.JsonParseException: Unknown registry key in ResourceKey[minecraft:root / minecraft:item]: compatdelight:ectoplasm_jem; Failed to parse either. First: Not a json array: {"item":"nourished_nether:ectoplasm"}; Second: No key tag in MapLike[{"item":"nourished_nether:ectoplasm"}]; Unknown registry key in ResourceKey[minecraft:root / minecraft:item]: nourished_nether:ectoplasm; Failed to parse either. First: Not a json array: {"item":"nourished_nether:ectoplasm"}; Second: No key tag in MapLike[{"item":"nourished_nether:ectoplasm"}]; Unknown registry key in ResourceKey[minecraft:root / minecraft:item]: nourished_nether:ectoplasm
[14May2026 05:24:00.643] [main/ERROR] [net.minecraft.world.item.crafting.RecipeManager/]: Parsing error loading recipe letsdocompat:farm_and_charm/blueskiesdelight/comet_ice_cream: com.google.gson.JsonParseException: Unknown registry key in ResourceKey[minecraft:root / minecraft:item]: compatdelight:comet_ice_cream; Failed to parse either. First: Not a json array: {"item":"blue_skies:comet_berries"}; Second: No key tag in MapLike[{"item":"blue_skies:comet_berries"}]; Unknown registry key in ResourceKey[minecraft:root / minecraft:item]: blue_skies:comet_berries; Failed to parse either. First: Not a json array: {"item":"blue_skies:comet_berries"}; Second: No key tag in MapLike[{"item":"blue_skies:comet_berries"}]; Unknown registry key in ResourceKey[minecraft:root / minecraft:item]: blue_skies:comet_berries
[14May2026 05:24:00.644] [main/ERROR] [net.minecraft.world.item.crafting.RecipeManager/]: Parsing error loading recipe letsdocompat:farm_and_charm/blueskiesdelight/comet_berries_jem: com.google.gson.JsonParseException: Unknown registry key in ResourceKey[minecraft:root / minecraft:item]: compatdelight:comet_berries_jem; Failed to parse either. First: Not a json array: {"item":"blue_skies:comet_berries"}; Second: No key tag in MapLike[{"item":"blue_skies:comet_berries"}]; Unknown registry key in ResourceKey[minecraft:root / minecraft:item]: blue_skies:comet_berries; Failed to parse either. First: Not a json array: {"item":"blue_skies:comet_berries"}; Second: No key tag in MapLike[{"item":"blue_skies:comet_berries"}]; Unknown registry key in ResourceKey[minecraft:root / minecraft:item]: blue_skies:comet_berries
[14May2026 05:24:00.645] [main/ERROR] [net.minecraft.world.item.crafting.RecipeManager/]: Parsing error loading recipe letsdocompat:farm_and_charm/occultismdelight/tallow_bootle: com.google.gson.JsonParseException: Unknown registry key in ResourceKey[minecraft:root / minecraft:item]: compatdelight:tallow_bootle; Failed to parse either. First: Not a json array: {"item":"occultism:tallow"}; Second: No key tag in MapLike[{"item":"occultism:tallow"}]; Unknown registry key in ResourceKey[minecraft:root / minecraft:item]: occultism:tallow; Failed to parse either. First: Not a json array: {"item":"occultism:tallow"}; Second: No key tag in MapLike[{"item":"occultism:tallow"}]; Unknown registry key in ResourceKey[minecraft:root / minecraft:item]: occultism:tallow; Failed to parse either. First: Not a json array: {"item":"occultism:tallow"}; Second: No key tag in MapLike[{"item":"occultism:tallow"}]; Unknown registry key in ResourceKey[minecraft:root / minecraft:item]: occultism:tallow; No ingredients for shapeless recipe
[14May2026 05:24:00.647] [main/ERROR] [net.minecraft.world.item.crafting.RecipeManager/]: Parsing error loading recipe letsdocompat:farm_and_charm/ecologicsdelight/coconut_custard: com.google.gson.JsonParseException: Unknown registry key in ResourceKey[minecraft:root / minecraft:item]: compatdelight:coconut_custard; Failed to parse either. First: Not a json array: {"item":"ecologics:coconut_slice"}; Second: No key tag in MapLike[{"item":"ecologics:coconut_slice"}]; Unknown registry key in ResourceKey[minecraft:root / minecraft:item]: ecologics:coconut_slice; Failed to parse either. First: Not a json array: {"item":"ecologics:coconut_slice"}; Second: No key tag in MapLike[{"item":"ecologics:coconut_slice"}]; Unknown registry key in ResourceKey[minecraft:root / minecraft:item]: ecologics:coconut_slice
[14May2026 05:24:00.651] [main/ERROR] [net.minecraft.world.item.crafting.RecipeManager/]: Parsing error loading recipe letsdocompat:farm_and_charm/blueskiesdelight/fiery_cider: com.google.gson.JsonParseException: Unknown registry key in ResourceKey[minecraft:root / minecraft:item]: compatdelight:fiery_cider; Failed to parse either. First: Not a json array: {"item":"blue_skies:fiery_beans"}; Second: No key tag in MapLike[{"item":"blue_skies:fiery_beans"}]; Unknown registry key in ResourceKey[minecraft:root / minecraft:item]: blue_skies:fiery_beans; Failed to parse either. First: Not a json array: {"item":"blue_skies:fiery_beans"}; Second: No key tag in MapLike[{"item":"blue_skies:fiery_beans"}]; Unknown registry key in ResourceKey[minecraft:root / minecraft:item]: blue_skies:fiery_beans
[14May2026 05:24:00.654] [main/ERROR] [net.minecraft.world.item.crafting.RecipeManager/]: Parsing error loading recipe letsdocompat:farm_and_charm/forbiddenandarcanusdelight/jem_glazed_arcane_dragon_egg_block: com.google.gson.JsonParseException: Unknown registry key in ResourceKey[minecraft:root / minecraft:item]: compatdelight:jem_glazed_arcane_dragon_egg_block; Failed to parse either. First: Not a json array: {"item":"compatdelight:arcane_crystal_jem"}; Second: No key tag in MapLike[{"item":"compatdelight:arcane_crystal_jem"}]; Unknown registry key in ResourceKey[minecraft:root / minecraft:item]: compatdelight:arcane_crystal_jem; Failed to parse either. First: Not a json array: {"item":"forbidden_arcanus:cooked_tentacle"}; Second: No key tag in MapLike[{"item":"forbidden_arcanus:cooked_tentacle"}]; Unknown registry key in ResourceKey[minecraft:root / minecraft:item]: forbidden_arcanus:cooked_tentacle; Failed to parse either. First: Not a json array: {"item":"forbidden_arcanus:cooked_tentacle"}; Second: No key tag in MapLike[{"item":"forbidden_arcanus:cooked_tentacle"}]; Unknown registry key in ResourceKey[minecraft:root / minecraft:item]: forbidden_arcanus:cooked_tentacle; Failed to parse either. First: Not a json array: {"item":"forbidden_arcanus:arcane_dragon_egg"}; Second: No key tag in MapLike[{"item":"forbidden_arcanus:arcane_dragon_egg"}]; Unknown registry key in ResourceKey[minecraft:root / minecraft:item]: forbidden_arcanus:arcane_dragon_egg; No ingredients for shapeless recipe
[14May2026 05:24:00.657] [main/ERROR] [net.minecraft.world.item.crafting.RecipeManager/]: Parsing error loading recipe letsdocompat:farm_and_charm/otbwgdelight/yucca_juice: com.google.gson.JsonParseException: Unknown registry key in ResourceKey[minecraft:root / minecraft:item]: compatdelight:yucca_juice; Failed to parse either. First: Not a json array: {"item":"biomeswevegone:yucca_fruit"}; Second: No key tag in MapLike[{"item":"biomeswevegone:yucca_fruit"}]; Unknown registry key in ResourceKey[minecraft:root / minecraft:item]: biomeswevegone:yucca_fruit
[14May2026 05:24:00.658] [main/ERROR] [net.minecraft.world.item.crafting.RecipeManager/]: Parsing error loading recipe letsdocompat:farm_and_charm/midnightdelight/dewshroom_cookie: com.google.gson.JsonParseException: Unknown registry key in ResourceKey[minecraft:root / minecraft:item]: compatdelight:dewshroom_cookie; Failed to parse either. First: Not a json array: {"item":"midnight:dewshroom_powder"}; Second: No key tag in MapLike[{"item":"midnight:dewshroom_powder"}]; Unknown registry key in ResourceKey[minecraft:root / minecraft:item]: midnight:dewshroom_powder; No ingredients for shapeless recipe
[14May2026 05:24:00.658] [main/ERROR] [net.minecraft.world.item.crafting.RecipeManager/]: Parsing error loading recipe letsdocompat:farm_and_charm/cavebiomesdelight/glazed_frost_lily: com.google.gson.JsonParseException: Unknown registry key in ResourceKey[minecraft:root / minecraft:item]: compatdelight:glazed_frost_lily_block; Failed to parse either. First: Not a json array: {"item":"compatdelight:prickly_peach_juice"}; Second: No key tag in MapLike[{"item":"compatdelight:prickly_peach_juice"}]; Unknown registry key in ResourceKey[minecraft:root / minecraft:item]: compatdelight:prickly_peach_juice; Failed to parse either. First: Not a json array: {"item":"yungscavebiomes:icicle"}; Second: No key tag in MapLike[{"item":"yungscavebiomes:icicle"}]; Unknown registry key in ResourceKey[minecraft:root / minecraft:item]: yungscavebiomes:icicle; Failed to parse either. First: Not a json array: {"item":"yungscavebiomes:frost_lily"}; Second: No key tag in MapLike[{"item":"yungscavebiomes:frost_lily"}]; Unknown registry key in ResourceKey[minecraft:root / minecraft:item]: yungscavebiomes:frost_lily
[14May2026 05:24:00.669] [main/ERROR] [net.minecraft.world.item.crafting.RecipeManager/]: Parsing error loading recipe letsdocompat:farm_and_charm/legendarycreaturesdelight/colorful_berry_salad: com.google.gson.JsonParseException: Unknown registry key in ResourceKey[minecraft:root / minecraft:item]: compatdelight:colorful_berry_salad; Failed to parse either. First: Not a json array: {"item":"compatdelight:yellow_berry"}; Second: No key tag in MapLike[{"item":"compatdelight:yellow_berry"}]; Unknown registry key in ResourceKey[minecraft:root / minecraft:item]: compatdelight:yellow_berry; Failed to parse either. First: Not a json array: {"item":"compatdelight:purple_berry"}; Second: No key tag in MapLike[{"item":"compatdelight:purple_berry"}]; Unknown registry key in ResourceKey[minecraft:root / minecraft:item]: compatdelight:purple_berry; Failed to parse either. First: Not a json array: {"item":"compatdelight:green_berry"}; Second: No key tag in MapLike[{"item":"compatdelight:green_berry"}]; Unknown registry key in ResourceKey[minecraft:root / minecraft:item]: compatdelight:green_berry; No ingredients for shapeless recipe
[14May2026 05:24:00.672] [main/ERROR] [net.minecraft.world.item.crafting.RecipeManager/]: Parsing error loading recipe letsdocompat:farm_and_charm/naturesauradelight/gold_powder_shake: com.google.gson.JsonParseException: Unknown registry key in ResourceKey[minecraft:root / minecraft:item]: compatdelight:gold_powder_shake; Failed to parse either. First: Not a json array: {"item":"naturesaura:gold_powder"}; Second: No key tag in MapLike[{"item":"naturesaura:gold_powder"}]; Unknown registry key in ResourceKey[minecraft:root / minecraft:item]: naturesaura:gold_powder; Failed to parse either. First: Not a json array: {"item":"naturesaura:gold_powder"}; Second: No key tag in MapLike[{"item":"naturesaura:gold_powder"}]; Unknown registry key in ResourceKey[minecraft:root / minecraft:item]: naturesaura:gold_powder
[14May2026 05:24:00.674] [main/ERROR] [net.minecraft.world.item.crafting.RecipeManager/]: Parsing error loading recipe letsdocompat:farm_and_charm/ecologicsdelight/coconut_husk/beetroot_soup: com.google.gson.JsonParseException: Unknown registry key in ResourceKey[minecraft:root / minecraft:item]: ecologics:coconut_husk
[14May2026 05:24:00.674] [main/ERROR] [net.minecraft.world.item.crafting.RecipeManager/]: Parsing error loading recipe letsdocompat:farm_and_charm/palegardendelight/resin_shake: com.google.gson.JsonParseException: Unknown registry key in ResourceKey[minecraft:root / minecraft:item]: compatdelight:resin_shake; Failed to parse either. First: Not a json array: {"item":"palegarden:resin_clump"}; Second: No key tag in MapLike[{"item":"palegarden:resin_clump"}]; Unknown registry key in ResourceKey[minecraft:root / minecraft:item]: palegarden:resin_clump; Failed to parse either. First: Not a json array: {"item":"palegarden:resin_clump"}; Second: No key tag in MapLike[{"item":"palegarden:resin_clump"}]; Unknown registry key in ResourceKey[minecraft:root / minecraft:item]: palegarden:resin_clump
[14May2026 05:24:00.676] [main/ERROR] [net.minecraft.world.item.crafting.RecipeManager/]: Parsing error loading recipe letsdocompat:farm_and_charm/midnightdelight/moonshroom_ice_cream: com.google.gson.JsonParseException: Unknown registry key in ResourceKey[minecraft:root / minecraft:item]: compatdelight:moonshroom_ice_cream; Failed to parse either. First: Not a json array: {"item":"midnight:moonshroom_powder"}; Second: No key tag in MapLike[{"item":"midnight:moonshroom_powder"}]; Unknown registry key in ResourceKey[minecraft:root / minecraft:item]: midnight:moonshroom_powder; Failed to parse either. First: Not a json array: {"item":"midnight:moonshroom_powder"}; Second: No key tag in MapLike[{"item":"midnight:moonshroom_powder"}]; Unknown registry key in ResourceKey[minecraft:root / minecraft:item]: midnight:moonshroom_powder
[14May2026 05:24:00.676] [main/ERROR] [net.minecraft.world.item.crafting.RecipeManager/]: Parsing error loading recipe letsdocompat:farm_and_charm/midnightdelight/viridshroom_shake: com.google.gson.JsonParseException: Unknown registry key in ResourceKey[minecraft:root / minecraft:item]: compatdelight:viridshroom_shake; Failed to parse either. First: Not a json array: {"item":"midnight:viridshroom_powder"}; Second: No key tag in MapLike[{"item":"midnight:viridshroom_powder"}]; Unknown registry key in ResourceKey[minecraft:root / minecraft:item]: midnight:viridshroom_powder; Failed to parse either. First: Not a json array: {"item":"midnight:viridshroom_powder"}; Second: No key tag in MapLike[{"item":"midnight:viridshroom_powder"}]; Unknown registry key in ResourceKey[minecraft:root / minecraft:item]: midnight:viridshroom_powder
[14May2026 05:24:00.683] [main/ERROR] [net.minecraft.world.item.crafting.RecipeManager/]: Parsing error loading recipe letsdocompat:farm_and_charm/evilcraftdelight/garmonbozia_ice_cream: com.google.gson.JsonParseException: Unknown registry key in ResourceKey[minecraft:root / minecraft:item]: compatdelight:garmonbozia_ice_cream; Failed to parse either. First: Not a json array: {"item":"evilcraft:garmonbozia"}; Second: No key tag in MapLike[{"item":"evilcraft:garmonbozia"}]; Unknown registry key in ResourceKey[minecraft:root / minecraft:item]: evilcraft:garmonbozia; Failed to parse either. First: Not a json array: {"item":"evilcraft:garmonbozia"}; Second: No key tag in MapLike[{"item":"evilcraft:garmonbozia"}]; Unknown registry key in ResourceKey[minecraft:root / minecraft:item]: evilcraft:garmonbozia
[14May2026 05:24:00.683] [main/ERROR] [net.minecraft.world.item.crafting.RecipeManager/]: Parsing error loading recipe letsdocompat:farm_and_charm/legendarycreaturesdelight/ender_wisp_pollen_cookie: com.google.gson.JsonParseException: Unknown registry key in ResourceKey[minecraft:root / minecraft:item]: compatdelight:ender_wisp_pollen_cookie; Failed to parse either. First: Not a json array: {"item":"compatdelight:ender_wisp_pollen"}; Second: No key tag in MapLike[{"item":"compatdelight:ender_wisp_pollen"}]; Unknown registry key in ResourceKey[minecraft:root / minecraft:item]: compatdelight:ender_wisp_pollen; No ingredients for shapeless recipe
[14May2026 05:24:00.686] [main/ERROR] [net.minecraft.world.item.crafting.RecipeManager/]: Parsing error loading recipe letsdocompat:farm_and_charm/midnightdelight/bogshroom_stew: com.google.gson.JsonParseException: Unknown registry key in ResourceKey[minecraft:root / minecraft:item]: compatdelight:bogshroom_stew; Failed to parse either. First: Not a json array: {"item":"midnight:bogshroom_powder"}; Second: No key tag in MapLike[{"item":"midnight:bogshroom_powder"}]; Unknown registry key in ResourceKey[minecraft:root / minecraft:item]: midnight:bogshroom_powder; Failed to parse either. First: Not a json array: {"item":"midnight:bogshroom_powder"}; Second: No key tag in MapLike[{"item":"midnight:bogshroom_powder"}]; Unknown registry key in ResourceKey[minecraft:root / minecraft:item]: midnight:bogshroom_powder; No ingredients for shapeless recipe
[14May2026 05:24:00.689] [main/ERROR] [net.minecraft.world.item.crafting.RecipeManager/]: Parsing error loading recipe letsdocompat:farm_and_charm/outerenddelight/cobalt_crystalline_berries_jem: com.google.gson.JsonParseException: Unknown registry key in ResourceKey[minecraft:root / minecraft:item]: compatdelight:cobalt_crystalline_berries_jem; Failed to parse either. First: Not a json array: {"item":"outer_end:cobalt_crystalline_berries"}; Second: No key tag in MapLike[{"item":"outer_end:cobalt_crystalline_berries"}]; Unknown registry key in ResourceKey[minecraft:root / minecraft:item]: outer_end:cobalt_crystalline_berries; Failed to parse either. First: Not a json array: {"item":"outer_end:cobalt_crystalline_berries"}; Second: No key tag in MapLike[{"item":"outer_end:cobalt_crystalline_berries"}]; Unknown registry key in ResourceKey[minecraft:root / minecraft:item]: outer_end:cobalt_crystalline_berries
[14May2026 05:24:00.690] [main/ERROR] [net.minecraft.world.item.crafting.RecipeManager/]: Parsing error loading recipe letsdocompat:farm_and_charm/tropicraftdelight/coconut_juice: com.google.gson.JsonParseException: Unknown registry key in ResourceKey[minecraft:root / minecraft:item]: compatdelight:coconut_juice; Failed to parse either. First: Not a json array: {"item":"tropicraft:coconut_chunk"}; Second: No key tag in MapLike[{"item":"tropicraft:coconut_chunk"}]; Unknown registry key in ResourceKey[minecraft:root / minecraft:item]: tropicraft:coconut_chunk; Failed to parse either. First: Not a json array: {"item":"tropicraft:coconut_chunk"}; Second: No key tag in MapLike[{"item":"tropicraft:coconut_chunk"}]; Unknown registry key in ResourceKey[minecraft:root / minecraft:item]: tropicraft:coconut_chunk
[14May2026 05:24:00.694] [main/ERROR] [net.minecraft.world.item.crafting.RecipeManager/]: Parsing error loading recipe letsdocompat:farm_and_charm/bumblezonedelight/pollen_apple: com.google.gson.JsonParseException: Unknown registry key in ResourceKey[minecraft:root / minecraft:item]: compatdelight:pollen_apple; Failed to parse either. First: Not a json array: {"item":"the_bumblezone:pollen_puff"}; Second: No key tag in MapLike[{"item":"the_bumblezone:pollen_puff"}]; Unknown registry key in ResourceKey[minecraft:root / minecraft:item]: the_bumblezone:pollen_puff; No ingredients for shapeless recipe
[14May2026 05:24:00.696] [main/ERROR] [net.minecraft.world.item.crafting.RecipeManager/]: Parsing error loading recipe letsdocompat:farm_and_charm/arsnouveaudelight/mendosteen_yougurt: com.google.gson.JsonParseException: Unknown registry key in ResourceKey[minecraft:root / minecraft:item]: compatdelight:mendosteen_yougurt; Failed to parse either. First: Not a json array: {"item":"compatdelight:mendosteen_jem"}; Second: No key tag in MapLike[{"item":"compatdelight:mendosteen_jem"}]; Unknown registry key in ResourceKey[minecraft:root / minecraft:item]: compatdelight:mendosteen_jem; Failed to parse either. First: Not a json array: {"item":"compatdelight:mendosteen_jem"}; Second: No key tag in MapLike[{"item":"compatdelight:mendosteen_jem"}]; Unknown registry key in ResourceKey[minecraft:root / minecraft:item]: compatdelight:mendosteen_jem
[14May2026 05:24:00.698] [main/ERROR] [net.minecraft.world.item.crafting.RecipeManager/]: Parsing error loading recipe letsdocompat:farm_and_charm/tropicraftdelight/marlin_stew: com.google.gson.JsonParseException: Unknown registry key in ResourceKey[minecraft:root / minecraft:item]: compatdelight:marlin_stew; Failed to parse either. First: Not a json array: {"item":"tropicraft:fresh_marlin"}; Second: No key tag in MapLike[{"item":"tropicraft:fresh_marlin"}]; Unknown registry key in ResourceKey[minecraft:root / minecraft:item]: tropicraft:fresh_marlin; Failed to parse either. First: Not a json array: {"item":"tropicraft:fresh_marlin"}; Second: No key tag in MapLike[{"item":"tropicraft:fresh_marlin"}]; Unknown registry key in ResourceKey[minecraft:root / minecraft:item]: tropicraft:fresh_marlin
[14May2026 05:24:00.699] [main/ERROR] [net.minecraft.world.item.crafting.RecipeManager/]: Parsing error loading recipe letsdocompat:farm_and_charm/enigmaticlegacydelight/forbidden_ice_cream: com.google.gson.JsonParseException: Unknown registry key in ResourceKey[minecraft:root / minecraft:item]: compatdelight:forbidden_ice_cream; Failed to parse either. First: Not a json array: {"item":"enigmaticlegacy:forbidden_fruit"}; Second: No key tag in MapLike[{"item":"enigmaticlegacy:forbidden_fruit"}]; Unknown registry key in ResourceKey[minecraft:root / minecraft:item]: enigmaticlegacy:forbidden_fruit; Failed to parse either. First: Not a json array: {"item":"enigmaticlegacy:forbidden_fruit"}; Second: No key tag in MapLike[{"item":"enigmaticlegacy:forbidden_fruit"}]; Unknown registry key in ResourceKey[minecraft:root / minecraft:item]: enigmaticlegacy:forbidden_fruit
[14May2026 05:24:00.700] [main/ERROR] [net.minecraft.world.item.crafting.RecipeManager/]: Parsing error loading recipe letsdocompat:farm_and_charm/naturesauradelight/crimson_aura_stew: com.google.gson.JsonParseException: Unknown registry key in ResourceKey[minecraft:root / minecraft:item]: compatdelight:crimson_aura_stew; Failed to parse either. First: Not a json array: {"item":"naturesaura:crimson_aura_mushroom"}; Second: No key tag in MapLike[{"item":"naturesaura:crimson_aura_mushroom"}]; Unknown registry key in ResourceKey[minecraft:root / minecraft:item]: naturesaura:crimson_aura_mushroom
[14May2026 05:24:00.702] [main/ERROR] [net.minecraft.world.item.crafting.RecipeManager/]: Parsing error loading recipe letsdocompat:farm_and_charm/occultismdelight/datura_jem: com.google.gson.JsonParseException: Unknown registry key in ResourceKey[minecraft:root / minecraft:item]: compatdelight:datura_jem; Failed to parse either. First: Not a json array: {"item":"occultism:datura"}; Second: No key tag in MapLike[{"item":"occultism:datura"}]; Unknown registry key in ResourceKey[minecraft:root / minecraft:item]: occultism:datura; Failed to parse either. First: Not a json array: {"item":"occultism:datura"}; Second: No key tag in MapLike[{"item":"occultism:datura"}]; Unknown registry key in ResourceKey[minecraft:root / minecraft:item]: occultism:datura
[14May2026 05:24:00.706] [main/ERROR] [net.minecraft.world.item.crafting.RecipeManager/]: Parsing error loading recipe letsdocompat:farm_and_charm/blueskiesdelight/snowcap_mushroom_stew: com.google.gson.JsonParseException: Unknown registry key in ResourceKey[minecraft:root / minecraft:item]: compatdelight:snowcap_mushroom_stew; Failed to parse either. First: Not a json array: {"item":"blue_skies:snowcap_mushroom"}; Second: No key tag in MapLike[{"item":"blue_skies:snowcap_mushroom"}]; Unknown registry key in ResourceKey[minecraft:root / minecraft:item]: blue_skies:snowcap_mushroom; Failed to parse either. First: Not a json array: {"item":"blue_skies:snowcap_mushroom"}; Second: No key tag in MapLike[{"item":"blue_skies:snowcap_mushroom"}]; Unknown registry key in ResourceKey[minecraft:root / minecraft:item]: blue_skies:snowcap_mushroom; No ingredients for shapeless recipe
[14May2026 05:24:00.709] [main/ERROR] [net.minecraft.world.item.crafting.RecipeManager/]: Parsing error loading recipe letsdocompat:farm_and_charm/naturesauradelight/gold_powder_ice_cream: com.google.gson.JsonParseException: Unknown registry key in ResourceKey[minecraft:root / minecraft:item]: compatdelight:gold_powder_ice_cream; Failed to parse either. First: Not a json array: {"item":"naturesaura:gold_powder"}; Second: No key tag in MapLike[{"item":"naturesaura:gold_powder"}]; Unknown registry key in ResourceKey[minecraft:root / minecraft:item]: naturesaura:gold_powder; Failed to parse either. First: Not a json array: {"item":"naturesaura:gold_powder"}; Second: No key tag in MapLike[{"item":"naturesaura:gold_powder"}]; Unknown registry key in ResourceKey[minecraft:root / minecraft:item]: naturesaura:gold_powder
[14May2026 05:24:00.714] [main/ERROR] [net.minecraft.world.item.crafting.RecipeManager/]: Parsing error loading recipe letsdocompat:farm_and_charm/ecologicsdelight/ice_shake: com.google.gson.JsonParseException: Unknown registry key in ResourceKey[minecraft:root / minecraft:item]: compatdelight:ice_shake; Failed to parse either. First: Not a json array: {"item":"ecologics:ice_bricks"}; Second: No key tag in MapLike[{"item":"ecologics:ice_bricks"}]; Unknown registry key in ResourceKey[minecraft:root / minecraft:item]: ecologics:ice_bricks; Failed to parse either. First: Not a json array: {"item":"ecologics:ice_bricks"}; Second: No key tag in MapLike[{"item":"ecologics:ice_bricks"}]; Unknown registry key in ResourceKey[minecraft:root / minecraft:item]: ecologics:ice_bricks; No ingredients for shapeless recipe
[14May2026 05:24:00.717] [main/ERROR] [net.minecraft.world.item.crafting.RecipeManager/]: Parsing error loading recipe letsdocompat:farm_and_charm/outerenddelight/mint_crystalline_berries_jem: com.google.gson.JsonParseException: Unknown registry key in ResourceKey[minecraft:root / minecraft:item]: compatdelight:mint_crystalline_berries_jem; Failed to parse either. First: Not a json array: {"item":"outer_end:mint_crystalline_berries"}; Second: No key tag in MapLike[{"item":"outer_end:mint_crystalline_berries"}]; Unknown registry key in ResourceKey[minecraft:root / minecraft:item]: outer_end:mint_crystalline_berries; Failed to parse either. First: Not a json array: {"item":"outer_end:mint_crystalline_berries"}; Second: No key tag in MapLike[{"item":"outer_end:mint_crystalline_berries"}]; Unknown registry key in ResourceKey[minecraft:root / minecraft:item]: outer_end:mint_crystalline_berries
[14May2026 05:24:00.719] [main/ERROR] [net.minecraft.world.item.crafting.RecipeManager/]: Parsing error loading recipe letsdocompat:farm_and_charm/toughasdelight/chorus_fruit_shake: com.google.gson.JsonParseException: Unknown registry key in ResourceKey[minecraft:root / minecraft:item]: compatdelight:chorus_fruit_shake; Failed to parse either. First: Not a json array: {"item":"compatdelight:chorus_fruit_jem"}; Second: No key tag in MapLike[{"item":"compatdelight:chorus_fruit_jem"}]; Unknown registry key in ResourceKey[minecraft:root / minecraft:item]: compatdelight:chorus_fruit_jem; Failed to parse either. First: Not a json array: {"item":"compatdelight:chorus_fruit_jem"}; Second: No key tag in MapLike[{"item":"compatdelight:chorus_fruit_jem"}]; Unknown registry key in ResourceKey[minecraft:root / minecraft:item]: compatdelight:chorus_fruit_jem
[14May2026 05:24:00.724] [main/ERROR] [net.minecraft.world.item.crafting.RecipeManager/]: Parsing error loading recipe letsdocompat:farm_and_charm/borninchaosdelight/chocolate_heart_shake: com.google.gson.JsonParseException: Unknown registry key in ResourceKey[minecraft:root / minecraft:item]: compatdelight:chocolate_heart_shake; Failed to parse either. First: Not a json array: {"item":"born_in_chaos_v1:chocolate_heart"}; Second: No key tag in MapLike[{"item":"born_in_chaos_v1:chocolate_heart"}]; Unknown registry key in ResourceKey[minecraft:root / minecraft:item]: born_in_chaos_v1:chocolate_heart; Failed to parse either. First: Not a json array: {"item":"born_in_chaos_v1:chocolate_heart"}; Second: No key tag in MapLike[{"item":"born_in_chaos_v1:chocolate_heart"}]; Unknown registry key in ResourceKey[minecraft:root / minecraft:item]: born_in_chaos_v1:chocolate_heart
[14May2026 05:24:00.724] [main/ERROR] [net.minecraft.world.item.crafting.RecipeManager/]: Parsing error loading recipe letsdocompat:farm_and_charm/conjurerdelight/bouncy_ball_and_card: com.google.gson.JsonParseException: Unknown registry key in ResourceKey[minecraft:root / minecraft:item]: compatdelight:bouncy_ball_and_card; Failed to parse either. First: Not a json array: {"item":"conjurer_illager:throwable_ball"}; Second: No key tag in MapLike[{"item":"conjurer_illager:throwable_ball"}]; Unknown registry key in ResourceKey[minecraft:root / minecraft:item]: conjurer_illager:throwable_ball
[14May2026 05:24:00.726] [main/ERROR] [net.minecraft.world.item.crafting.RecipeManager/]: Parsing error loading recipe letsdocompat:farm_and_charm/supplementariesdelight/lumisene_stew: com.google.gson.JsonParseException: Unknown registry key in ResourceKey[minecraft:root / minecraft:item]: compatdelight:lumisene_stew; Failed to parse either. First: Not a json array: {"item":"supplementaries:lumisene_bottle"}; Second: No key tag in MapLike[{"item":"supplementaries:lumisene_bottle"}]; Unknown registry key in ResourceKey[minecraft:root / minecraft:item]: supplementaries:lumisene_bottle; Failed to parse either. First: Not a json array: {"item":"supplementaries:lumisene_bottle"}; Second: No key tag in MapLike[{"item":"supplementaries:lumisene_bottle"}]; Unknown registry key in ResourceKey[minecraft:root / minecraft:item]: supplementaries:lumisene_bottle; No ingredients for shapeless recipe
[14May2026 05:24:00.727] [main/ERROR] [net.minecraft.world.item.crafting.RecipeManager/]: Parsing error loading recipe letsdocompat:farm_and_charm/appliedenergisticsdelight/ender_dust_sauce: com.google.gson.JsonParseException: Unknown registry key in ResourceKey[minecraft:root / minecraft:item]: compatdelight:ender_dust_sauce; Failed to parse either. First: Not a json array: {"item":"ae2:ender_dust"}; Second: No key tag in MapLike[{"item":"ae2:ender_dust"}]; Unknown registry key in ResourceKey[minecraft:root / minecraft:item]: ae2:ender_dust; Failed to parse either. First: Not a json array: {"item":"ae2:ender_dust"}; Second: No key tag in MapLike[{"item":"ae2:ender_dust"}]; Unknown registry key in ResourceKey[minecraft:root / minecraft:item]: ae2:ender_dust; No ingredients for shapeless recipe
[14May2026 05:24:00.734] [main/ERROR] [net.minecraft.world.item.crafting.RecipeManager/]: Parsing error loading recipe letsdocompat:farm_and_charm/otbwgdelight/hydrangea_shake: com.google.gson.JsonParseException: Unknown registry key in ResourceKey[minecraft:root / minecraft:item]: compatdelight:hydrangea_shake; Failed to parse either. First: Not a json array: {"item":"biomeswevegone:hydrangea_bush"}; Second: No key tag in MapLike[{"item":"biomeswevegone:hydrangea_bush"}]; Unknown registry key in ResourceKey[minecraft:root / minecraft:item]: biomeswevegone:hydrangea_bush; Failed to parse either. First: Not a json array: {"item":"biomeswevegone:hydrangea_bush"}; Second: No key tag in MapLike[{"item":"biomeswevegone:hydrangea_bush"}]; Unknown registry key in ResourceKey[minecraft:root / minecraft:item]: biomeswevegone:hydrangea_bush
[14May2026 05:24:00.738] [main/ERROR] [net.minecraft.world.item.crafting.RecipeManager/]: Parsing error loading recipe letsdocompat:farm_and_charm/enigmaticlegacydelight/ichor_stew: com.google.gson.JsonParseException: Unknown registry key in ResourceKey[minecraft:root / minecraft:item]: compatdelight:ichor_stew; Failed to parse either. First: Not a json array: {"item":"enigmaticlegacy:ichor_bottle"}; Second: No key tag in MapLike[{"item":"enigmaticlegacy:ichor_bottle"}]; Unknown registry key in ResourceKey[minecraft:root / minecraft:item]: enigmaticlegacy:ichor_bottle; Failed to parse either. First: Not a json array: {"item":"enigmaticlegacy:ichor_bottle"}; Second: No key tag in MapLike[{"item":"enigmaticlegacy:ichor_bottle"}]; Unknown registry key in ResourceKey[minecraft:root / minecraft:item]: enigmaticlegacy:ichor_bottle; No ingredients for shapeless recipe
[14May2026 05:24:00.739] [main/ERROR] [net.minecraft.world.item.crafting.RecipeManager/]: Parsing error loading recipe letsdocompat:farm_and_charm/bumblezonedelight/pollen_pie: com.google.gson.JsonParseException: Unknown registry key in ResourceKey[minecraft:root / minecraft:item]: compatdelight:pollen_pie; Failed to parse either. First: Not a json array: {"item":"the_bumblezone:pollen_puff"}; Second: No key tag in MapLike[{"item":"the_bumblezone:pollen_puff"}]; Unknown registry key in ResourceKey[minecraft:root / minecraft:item]: the_bumblezone:pollen_puff; Failed to parse either. First: Not a json array: {"item":"the_bumblezone:pollen_puff"}; Second: No key tag in MapLike[{"item":"the_bumblezone:pollen_puff"}]; Unknown registry key in ResourceKey[minecraft:root / minecraft:item]: the_bumblezone:pollen_puff; No ingredients for shapeless recipe
[14May2026 05:24:00.742] [main/ERROR] [net.minecraft.world.item.crafting.RecipeManager/]: Parsing error loading recipe letsdocompat:farm_and_charm/enigmaticlegacydelight/mending_stew: com.google.gson.JsonParseException: Unknown registry key in ResourceKey[minecraft:root / minecraft:item]: compatdelight:mending_stew; Failed to parse either. First: Not a json array: {"item":"enigmaticlegacy:mending_mixture"}; Second: No key tag in MapLike[{"item":"enigmaticlegacy:mending_mixture"}]; Unknown registry key in ResourceKey[minecraft:root / minecraft:item]: enigmaticlegacy:mending_mixture; Failed to parse either. First: Not a json array: {"item":"enigmaticlegacy:mending_mixture"}; Second: No key tag in MapLike[{"item":"enigmaticlegacy:mending_mixture"}]; Unknown registry key in ResourceKey[minecraft:root / minecraft:item]: enigmaticlegacy:mending_mixture; No ingredients for shapeless recipe
[14May2026 05:24:00.745] [main/ERROR] [net.minecraft.world.item.crafting.RecipeManager/]: Parsing error loading recipe letsdocompat:farm_and_charm/supplementariesdelight/lumisene_ice_cream: com.google.gson.JsonParseException: Unknown registry key in ResourceKey[minecraft:root / minecraft:item]: compatdelight:lumisene_ice_cream; Failed to parse either. First: Not a json array: {"item":"supplementaries:lumisene_bottle"}; Second: No key tag in MapLike[{"item":"supplementaries:lumisene_bottle"}]; Unknown registry key in ResourceKey[minecraft:root / minecraft:item]: supplementaries:lumisene_bottle; Failed to parse either. First: Not a json array: {"item":"supplementaries:lumisene_bottle"}; Second: No key tag in MapLike[{"item":"supplementaries:lumisene_bottle"}]; Unknown registry key in ResourceKey[minecraft:root / minecraft:item]: supplementaries:lumisene_bottle
[14May2026 05:24:00.748] [main/ERROR] [net.minecraft.world.item.crafting.RecipeManager/]: Parsing error loading recipe letsdocompat:farm_and_charm/tropicraftdelight/lime_jem: com.google.gson.JsonParseException: Unknown registry key in ResourceKey[minecraft:root / minecraft:item]: compatdelight:lime_jem; Failed to parse either. First: Not a json array: {"item":"tropicraft:lime"}; Second: No key tag in MapLike[{"item":"tropicraft:lime"}]; Unknown registry key in ResourceKey[minecraft:root / minecraft:item]: tropicraft:lime; Failed to parse either. First: Not a json array: {"item":"tropicraft:lime"}; Second: No key tag in MapLike[{"item":"tropicraft:lime"}]; Unknown registry key in ResourceKey[minecraft:root / minecraft:item]: tropicraft:lime
[14May2026 05:24:00.748] [main/ERROR] [net.minecraft.world.item.crafting.RecipeManager/]: Parsing error loading recipe letsdocompat:farm_and_charm/evilcraftdelight/dull_dust_stew: com.google.gson.JsonParseException: Unknown registry key in ResourceKey[minecraft:root / minecraft:item]: compatdelight:dull_dust_stew; Failed to parse either. First: Not a json array: {"item":"evilcraft:dull_dust"}; Second: No key tag in MapLike[{"item":"evilcraft:dull_dust"}]; Unknown registry key in ResourceKey[minecraft:root / minecraft:item]: evilcraft:dull_dust; Failed to parse either. First: Not a json array: {"item":"evilcraft:dull_dust"}; Second: No key tag in MapLike[{"item":"evilcraft:dull_dust"}]; Unknown registry key in ResourceKey[minecraft:root / minecraft:item]: evilcraft:dull_dust; Failed to parse either. First: Not a json array: {"item":"evilcraft:dull_dust"}; Second: No key tag in MapLike[{"item":"evilcraft:dull_dust"}]; Unknown registry key in ResourceKey[minecraft:root / minecraft:item]: evilcraft:dull_dust; No ingredients for shapeless recipe
[14May2026 05:24:00.753] [main/ERROR] [net.minecraft.world.item.crafting.RecipeManager/]: Parsing error loading recipe letsdocompat:farm_and_charm/bumblezonedelight/pollen_ice_cream: com.google.gson.JsonParseException: Unknown registry key in ResourceKey[minecraft:root / minecraft:item]: compatdelight:pollen_ice_cream; Failed to parse either. First: Not a json array: {"item":"the_bumblezone:pollen_puff"}; Second: No key tag in MapLike[{"item":"the_bumblezone:pollen_puff"}]; Unknown registry key in ResourceKey[minecraft:root / minecraft:item]: the_bumblezone:pollen_puff; Failed to parse either. First: Not a json array: {"item":"the_bumblezone:pollen_puff"}; Second: No key tag in MapLike[{"item":"the_bumblezone:pollen_puff"}]; Unknown registry key in ResourceKey[minecraft:root / minecraft:item]: the_bumblezone:pollen_puff
[14May2026 05:24:00.753] [main/ERROR] [net.minecraft.world.item.crafting.RecipeManager/]: Parsing error loading recipe letsdocompat:farm_and_charm/tropicraftdelight/pineapple_jem: com.google.gson.JsonParseException: Unknown registry key in ResourceKey[minecraft:root / minecraft:item]: compatdelight:pineapple_jem; Failed to parse either. First: Not a json array: {"item":"compatdelight:pineapple_slice"}; Second: No key tag in MapLike[{"item":"compatdelight:pineapple_slice"}]; Unknown registry key in ResourceKey[minecraft:root / minecraft:item]: compatdelight:pineapple_slice; Failed to parse either. First: Not a json array: {"item":"compatdelight:pineapple_slice"}; Second: No key tag in MapLike[{"item":"compatdelight:pineapple_slice"}]; Unknown registry key in ResourceKey[minecraft:root / minecraft:item]: compatdelight:pineapple_slice
[14May2026 05:24:00.754] [main/ERROR] [net.minecraft.world.item.crafting.RecipeManager/]: Parsing error loading recipe letsdocompat:farm_and_charm/tropicraftdelight/grapefruit_jem: com.google.gson.JsonParseException: Unknown registry key in ResourceKey[minecraft:root / minecraft:item]: compatdelight:grapefruit_jem; Failed to parse either. First: Not a json array: {"item":"tropicraft:grapefruit"}; Second: No key tag in MapLike[{"item":"tropicraft:grapefruit"}]; Unknown registry key in ResourceKey[minecraft:root / minecraft:item]: tropicraft:grapefruit; Failed to parse either. First: Not a json array: {"item":"tropicraft:grapefruit"}; Second: No key tag in MapLike[{"item":"tropicraft:grapefruit"}]; Unknown registry key in ResourceKey[minecraft:root / minecraft:item]: tropicraft:grapefruit
[14May2026 05:24:00.759] [main/ERROR] [net.minecraft.world.item.crafting.RecipeManager/]: Parsing error loading recipe letsdocompat:farm_and_charm/toughasdelight/melon_jem: com.google.gson.JsonParseException: Unknown registry key in ResourceKey[minecraft:root / minecraft:item]: compatdelight:melon_jem; Failed to parse either. First: Not a json array: {"item":"toughasnails:melon_juice"}; Second: No key tag in MapLike[{"item":"toughasnails:melon_juice"}]; Unknown registry key in ResourceKey[minecraft:root / minecraft:item]: toughasnails:melon_juice; Failed to parse either. First: Not a json array: {"item":"toughasnails:melon_juice"}; Second: No key tag in MapLike[{"item":"toughasnails:melon_juice"}]; Unknown registry key in ResourceKey[minecraft:root / minecraft:item]: toughasnails:melon_juice
[14May2026 05:24:00.765] [main/ERROR] [net.minecraft.world.item.crafting.RecipeManager/]: Parsing error loading recipe letsdocompat:farm_and_charm/ironsspellsdelight/cinder_essence_stew: com.google.gson.JsonParseException: Unknown registry key in ResourceKey[minecraft:root / minecraft:item]: compatdelight:cinder_essence_stew; Failed to parse either. First: Not a json array: {"item":"irons_spellbooks:cinder_essence"}; Second: No key tag in MapLike[{"item":"irons_spellbooks:cinder_essence"}]; Unknown registry key in ResourceKey[minecraft:root / minecraft:item]: irons_spellbooks:cinder_essence; Failed to parse either. First: Not a json array: {"item":"irons_spellbooks:cinder_essence"}; Second: No key tag in MapLike[{"item":"irons_spellbooks:cinder_essence"}]; Unknown registry key in ResourceKey[minecraft:root / minecraft:item]: irons_spellbooks:cinder_essence; Failed to parse either. First: Not a json array: {"item":"irons_spellbooks:cinder_essence"}; Second: No key tag in MapLike[{"item":"irons_spellbooks:cinder_essence"}]; Unknown registry key in ResourceKey[minecraft:root / minecraft:item]: irons_spellbooks:cinder_essence; No ingredients for shapeless recipe
[14May2026 05:24:00.766] [main/ERROR] [net.minecraft.world.item.crafting.RecipeManager/]: Parsing error loading recipe letsdocompat:farm_and_charm/arsnouveaudelight/source_berry_ice_cream: com.google.gson.JsonParseException: Unknown registry key in ResourceKey[minecraft:root / minecraft:item]: compatdelight:source_berry_ice_cream; Failed to parse either. First: Not a json array: {"item":"ars_nouveau:sourceberry_bush"}; Second: No key tag in MapLike[{"item":"ars_nouveau:sourceberry_bush"}]; Unknown registry key in ResourceKey[minecraft:root / minecraft:item]: ars_nouveau:sourceberry_bush; Failed to parse either. First: Not a json array: {"item":"ars_nouveau:sourceberry_bush"}; Second: No key tag in MapLike[{"item":"ars_nouveau:sourceberry_bush"}]; Unknown registry key in ResourceKey[minecraft:root / minecraft:item]: ars_nouveau:sourceberry_bush
[14May2026 05:24:00.770] [main/ERROR] [net.minecraft.world.item.crafting.RecipeManager/]: Parsing error loading recipe letsdocompat:farm_and_charm/ironsspellsdelight/arcane_dragonskin_stew: com.google.gson.JsonParseException: Unknown registry key in ResourceKey[minecraft:root / minecraft:item]: compatdelight:arcane_dragonskin_stew; Unknown registry key in ResourceKey[minecraft:root / minecraft:item]: compatdelight:dragonskin_bowl; Failed to parse either. First: Not a json array: {"item":"irons_spellbooks:arcane_essence"}; Second: No key tag in MapLike[{"item":"irons_spellbooks:arcane_essence"}]; Unknown registry key in ResourceKey[minecraft:root / minecraft:item]: irons_spellbooks:arcane_essence; Failed to parse either. First: Not a json array: {"item":"irons_spellbooks:arcane_essence"}; Second: No key tag in MapLike[{"item":"irons_spellbooks:arcane_essence"}]; Unknown registry key in ResourceKey[minecraft:root / minecraft:item]: irons_spellbooks:arcane_essence; Failed to parse either. First: Not a json array: {"item":"irons_spellbooks:arcane_essence"}; Second: No key tag in MapLike[{"item":"irons_spellbooks:arcane_essence"}]; Unknown registry key in ResourceKey[minecraft:root / minecraft:item]: irons_spellbooks:arcane_essence; No ingredients for shapeless recipe
[14May2026 05:24:00.773] [main/ERROR] [net.minecraft.world.item.crafting.RecipeManager/]: Parsing error loading recipe letsdocompat:farm_and_charm/ecologicsdelight/penguin_stuffed_potato: com.google.gson.JsonParseException: Unknown registry key in ResourceKey[minecraft:root / minecraft:item]: compatdelight:penguin_stuffed_potato; Failed to parse either. First: Not a json array: {"item":"compatdelight:cooked_penguin"}; Second: No key tag in MapLike[{"item":"compatdelight:cooked_penguin"}]; Unknown registry key in ResourceKey[minecraft:root / minecraft:item]: compatdelight:cooked_penguin
[14May2026 05:24:00.773] [main/ERROR] [net.minecraft.world.item.crafting.RecipeManager/]: Parsing error loading recipe letsdocompat:farm_and_charm/toughasdelight/ice_cream_shake: com.google.gson.JsonParseException: Unknown registry key in ResourceKey[minecraft:root / minecraft:item]: compatdelight:ice_cream_shake; Failed to parse either. First: Not a json array: {"item":"toughasnails:ice_cream"}; Second: No key tag in MapLike[{"item":"toughasnails:ice_cream"}]; Unknown registry key in ResourceKey[minecraft:root / minecraft:item]: toughasnails:ice_cream; Failed to parse either. First: Not a json array: {"item":"toughasnails:ice_cream"}; Second: No key tag in MapLike[{"item":"toughasnails:ice_cream"}]; Unknown registry key in ResourceKey[minecraft:root / minecraft:item]: toughasnails:ice_cream
[14May2026 05:24:00.776] [main/ERROR] [net.minecraft.world.item.crafting.RecipeManager/]: Parsing error loading recipe letsdocompat:farm_and_charm/evilcraftdelight/garmonbozia_custard: com.google.gson.JsonParseException: Unknown registry key in ResourceKey[minecraft:root / minecraft:item]: compatdelight:garmonbozia_custard; Failed to parse either. First: Not a json array: {"item":"compatdelight:garmonbozia_jem"}; Second: No key tag in MapLike[{"item":"compatdelight:garmonbozia_jem"}]; Unknown registry key in ResourceKey[minecraft:root / minecraft:item]: compatdelight:garmonbozia_jem; Failed to parse either. First: Not a json array: {"item":"compatdelight:garmonbozia_jem"}; Second: No key tag in MapLike[{"item":"compatdelight:garmonbozia_jem"}]; Unknown registry key in ResourceKey[minecraft:root / minecraft:item]: compatdelight:garmonbozia_jem
[14May2026 05:24:00.776] [main/ERROR] [net.minecraft.world.item.crafting.RecipeManager/]: Parsing error loading recipe letsdocompat:farm_and_charm/occultismdelight/otherworld_essence_shake: com.google.gson.JsonParseException: Unknown registry key in ResourceKey[minecraft:root / minecraft:item]: compatdelight:otherworld_essence_shake; Failed to parse either. First: Not a json array: {"item":"occultism:otherworld_essence"}; Second: No key tag in MapLike[{"item":"occultism:otherworld_essence"}]; Unknown registry key in ResourceKey[minecraft:root / minecraft:item]: occultism:otherworld_essence; Failed to parse either. First: Not a json array: {"item":"occultism:otherworld_essence"}; Second: No key tag in MapLike[{"item":"occultism:otherworld_essence"}]; Unknown registry key in ResourceKey[minecraft:root / minecraft:item]: occultism:otherworld_essence; Failed to parse either. First: Not a json array: {"item":"occultism:otherworld_essence"}; Second: No key tag in MapLike[{"item":"occultism:otherworld_essence"}]; Unknown registry key in ResourceKey[minecraft:root / minecraft:item]: occultism:otherworld_essence
[14May2026 05:24:00.778] [main/ERROR] [net.minecraft.world.item.crafting.RecipeManager/]: Parsing error loading recipe letsdocompat:farm_and_charm/blueskiesdelight/pine_cider: com.google.gson.JsonParseException: Unknown registry key in ResourceKey[minecraft:root / minecraft:item]: compatdelight:pine_cider; Failed to parse either. First: Not a json array: {"item":"blue_skies:pine_fruit"}; Second: No key tag in MapLike[{"item":"blue_skies:pine_fruit"}]; Unknown registry key in ResourceKey[minecraft:root / minecraft:item]: blue_skies:pine_fruit; Failed to parse either. First: Not a json array: {"item":"blue_skies:pine_fruit"}; Second: No key tag in MapLike[{"item":"blue_skies:pine_fruit"}]; Unknown registry key in ResourceKey[minecraft:root / minecraft:item]: blue_skies:pine_fruit
[14May2026 05:24:00.780] [main/ERROR] [net.minecraft.world.item.crafting.RecipeManager/]: Parsing error loading recipe letsdocompat:farm_and_charm/supplementariesdelight/soap_ice_cream: com.google.gson.JsonParseException: Unknown registry key in ResourceKey[minecraft:root / minecraft:item]: compatdelight:soap_ice_cream; Failed to parse either. First: Not a json array: {"item":"supplementaries:soap"}; Second: No key tag in MapLike[{"item":"supplementaries:soap"}]; Unknown registry key in ResourceKey[minecraft:root / minecraft:item]: supplementaries:soap; Failed to parse either. First: Not a json array: {"item":"supplementaries:soap"}; Second: No key tag in MapLike[{"item":"supplementaries:soap"}]; Unknown registry key in ResourceKey[minecraft:root / minecraft:item]: supplementaries:soap
[14May2026 05:24:00.781] [main/ERROR] [net.minecraft.world.item.crafting.RecipeManager/]: Parsing error loading recipe letsdocompat:farm_and_charm/occultismdelight/demons_dream_ice_cream: com.google.gson.JsonParseException: Unknown registry key in ResourceKey[minecraft:root / minecraft:item]: compatdelight:demons_dream_ice_cream; Failed to parse either. First: Not a json array: {"item":"occultism:demons_dream_essence"}; Second: No key tag in MapLike[{"item":"occultism:demons_dream_essence"}]; Unknown registry key in ResourceKey[minecraft:root / minecraft:item]: occultism:demons_dream_essence; Failed to parse either. First: Not a json array: {"item":"occultism:demons_dream_essence"}; Second: No key tag in MapLike[{"item":"occultism:demons_dream_essence"}]; Unknown registry key in ResourceKey[minecraft:root / minecraft:item]: occultism:demons_dream_essence
[14May2026 05:24:00.782] [main/ERROR] [net.minecraft.world.item.crafting.RecipeManager/]: Parsing error loading recipe letsdocompat:farm_and_charm/stalwartdungeonsdelight/armor_scrap_juice: com.google.gson.JsonParseException: Unknown registry key in ResourceKey[minecraft:root / minecraft:item]: compatdelight:armor_scrap_juice; Failed to parse either. First: Not a json array: {"item":"stalwart_dungeons:blaze_armor_scrap"}; Second: No key tag in MapLike[{"item":"stalwart_dungeons:blaze_armor_scrap"}]; Unknown registry key in ResourceKey[minecraft:root / minecraft:item]: stalwart_dungeons:blaze_armor_scrap; Failed to parse either. First: Not a json array: {"item":"stalwart_dungeons:blaze_armor_scrap"}; Second: No key tag in MapLike[{"item":"stalwart_dungeons:blaze_armor_scrap"}]; Unknown registry key in ResourceKey[minecraft:root / minecraft:item]: stalwart_dungeons:blaze_armor_scrap
[14May2026 05:24:00.786] [main/ERROR] [net.minecraft.world.item.crafting.RecipeManager/]: Parsing error loading recipe letsdocompat:farm_and_charm/refinedstoragedelight/silicon_stew: com.google.gson.JsonParseException: Unknown registry key in ResourceKey[minecraft:root / minecraft:item]: compatdelight:silicon_stew; Failed to parse either. First: Not a json array: {"item":"refinedstorage:silicon"}; Second: No key tag in MapLike[{"item":"refinedstorage:silicon"}]; Unknown registry key in ResourceKey[minecraft:root / minecraft:item]: refinedstorage:silicon; Failed to parse either. First: Not a json array: {"item":"refinedstorage:silicon"}; Second: No key tag in MapLike[{"item":"refinedstorage:silicon"}]; Unknown registry key in ResourceKey[minecraft:root / minecraft:item]: refinedstorage:silicon; Failed to parse either. First: Not a json array: {"item":"refinedstorage:silicon"}; Second: No key tag in MapLike[{"item":"refinedstorage:silicon"}]; Unknown registry key in ResourceKey[minecraft:root / minecraft:item]: refinedstorage:silicon; No ingredients for shapeless recipe
[14May2026 05:24:00.791] [main/ERROR] [net.minecraft.world.item.crafting.RecipeManager/]: Parsing error loading recipe letsdocompat:farm_and_charm/bumblezonedelight/royal_jelly_shake: com.google.gson.JsonParseException: Unknown registry key in ResourceKey[minecraft:root / minecraft:item]: compatdelight:royal_jelly_shake; Failed to parse either. First: Not a json array: {"item":"the_bumblezone:royal_jelly_bottle"}; Second: No key tag in MapLike[{"item":"the_bumblezone:royal_jelly_bottle"}]; Unknown registry key in ResourceKey[minecraft:root / minecraft:item]: the_bumblezone:royal_jelly_bottle
[14May2026 05:24:00.792] [main/ERROR] [net.minecraft.world.item.crafting.RecipeManager/]: Parsing error loading recipe letsdocompat:farm_and_charm/ratsdelight/contaminated_food_ice_cream: com.google.gson.JsonParseException: Unknown registry key in ResourceKey[minecraft:root / minecraft:item]: compatdelight:contaminated_food_ice_cream; Failed to parse either. First: Not a json array: {"item":"rats:contaminated_food"}; Second: No key tag in MapLike[{"item":"rats:contaminated_food"}]; Unknown registry key in ResourceKey[minecraft:root / minecraft:item]: rats:contaminated_food; Failed to parse either. First: Not a json array: {"item":"rats:contaminated_food"}; Second: No key tag in MapLike[{"item":"rats:contaminated_food"}]; Unknown registry key in ResourceKey[minecraft:root / minecraft:item]: rats:contaminated_food
[14May2026 05:24:00.795] [main/ERROR] [net.minecraft.world.item.crafting.RecipeManager/]: Parsing error loading recipe letsdocompat:farm_and_charm/ecologicsdelight/coconut_husk/rabbit_stew: com.google.gson.JsonParseException: Unknown registry key in ResourceKey[minecraft:root / minecraft:item]: ecologics:coconut_husk
[14May2026 05:24:00.799] [main/ERROR] [net.minecraft.world.item.crafting.RecipeManager/]: Parsing error loading recipe letsdocompat:farm_and_charm/malumdelight/warp_flux_ice_cream: com.google.gson.JsonParseException: Unknown registry key in ResourceKey[minecraft:root / minecraft:item]: compatdelight:warp_flux_ice_cream; Failed to parse either. First: Not a json array: {"item":"malum:warp_flux"}; Second: No key tag in MapLike[{"item":"malum:warp_flux"}]; Unknown registry key in ResourceKey[minecraft:root / minecraft:item]: malum:warp_flux; Failed to parse either. First: Not a json array: {"item":"malum:warp_flux"}; Second: No key tag in MapLike[{"item":"malum:warp_flux"}]; Unknown registry key in ResourceKey[minecraft:root / minecraft:item]: malum:warp_flux
[14May2026 05:24:00.801] [main/ERROR] [net.minecraft.world.item.crafting.RecipeManager/]: Parsing error loading recipe letsdocompat:farm_and_charm/occultismdelight/beaver_stew: com.google.gson.JsonParseException: Unknown registry key in ResourceKey[minecraft:root / minecraft:item]: compatdelight:beaver_stew; Failed to parse either. First: Not a json array: {"item":"occultism:beaver_nugget"}; Second: No key tag in MapLike[{"item":"occultism:beaver_nugget"}]; Unknown registry key in ResourceKey[minecraft:root / minecraft:item]: occultism:beaver_nugget; Failed to parse either. First: Not a json array: {"item":"occultism:beaver_nugget"}; Second: No key tag in MapLike[{"item":"occultism:beaver_nugget"}]; Unknown registry key in ResourceKey[minecraft:root / minecraft:item]: occultism:beaver_nugget; Failed to parse either. First: Not a json array: {"item":"occultism:beaver_nugget"}; Second: No key tag in MapLike[{"item":"occultism:beaver_nugget"}]; Unknown registry key in ResourceKey[minecraft:root / minecraft:item]: occultism:beaver_nugget; No ingredients for shapeless recipe
[14May2026 05:24:00.803] [main/ERROR] [net.minecraft.world.item.crafting.RecipeManager/]: Parsing error loading recipe letsdocompat:farm_and_charm/cavebiomesdelight/prickly_peach_juice: com.google.gson.JsonParseException: Unknown registry key in ResourceKey[minecraft:root / minecraft:item]: compatdelight:prickly_peach_juice; Failed to parse either. First: Not a json array: {"item":"yungscavebiomes:prickly_peach"}; Second: No key tag in MapLike[{"item":"yungscavebiomes:prickly_peach"}]; Unknown registry key in ResourceKey[minecraft:root / minecraft:item]: yungscavebiomes:prickly_peach; Failed to parse either. First: Not a json array: {"item":"yungscavebiomes:prickly_peach"}; Second: No key tag in MapLike[{"item":"yungscavebiomes:prickly_peach"}]; Unknown registry key in ResourceKey[minecraft:root / minecraft:item]: yungscavebiomes:prickly_peach; Failed to parse either. First: Not a json array: {"item":"yungscavebiomes:prickly_peach"}; Second: No key tag in MapLike[{"item":"yungscavebiomes:prickly_peach"}]; Unknown registry key in ResourceKey[minecraft:root / minecraft:item]: yungscavebiomes:prickly_peach
[14May2026 05:24:00.811] [main/ERROR] [net.minecraft.world.item.crafting.RecipeManager/]: Parsing error loading recipe letsdocompat:farm_and_charm/netherificdelight/strange_elixir_shake: com.google.gson.JsonParseException: Unknown registry key in ResourceKey[minecraft:root / minecraft:item]: compatdelight:strange_elixir_shake; Failed to parse either. First: Not a json array: {"item":"nourished_nether:strange_elixir"}; Second: No key tag in MapLike[{"item":"nourished_nether:strange_elixir"}]; Unknown registry key in ResourceKey[minecraft:root / minecraft:item]: nourished_nether:strange_elixir; Failed to parse either. First: Not a json array: {"item":"nourished_nether:strange_elixir"}; Second: No key tag in MapLike[{"item":"nourished_nether:strange_elixir"}]; Unknown registry key in ResourceKey[minecraft:root / minecraft:item]: nourished_nether:strange_elixir
[14May2026 05:24:00.814] [main/ERROR] [net.minecraft.world.item.crafting.RecipeManager/]: Parsing error loading recipe letsdocompat:farm_and_charm/ecologicsdelight/coconut_husk/mushroom_stew: com.google.gson.JsonParseException: Unknown registry key in ResourceKey[minecraft:root / minecraft:item]: ecologics:coconut_husk
[14May2026 05:24:00.826] [main/ERROR] [net.minecraft.world.item.crafting.RecipeManager/]: Parsing error loading recipe letsdocompat:farm_and_charm/bumblezonedelight/cooked_sticky_honey: com.google.gson.JsonParseException: Unknown registry key in ResourceKey[minecraft:root / minecraft:item]: compatdelight:cooked_sticky_honey; Failed to parse either. First: Not a json array: {"item":"the_bumblezone:sticky_honey_residue"}; Second: No key tag in MapLike[{"item":"the_bumblezone:sticky_honey_residue"}]; Unknown registry key in ResourceKey[minecraft:root / minecraft:item]: the_bumblezone:sticky_honey_residue; Failed to parse either. First: Not a json array: {"item":"the_bumblezone:sticky_honey_residue"}; Second: No key tag in MapLike[{"item":"the_bumblezone:sticky_honey_residue"}]; Unknown registry key in ResourceKey[minecraft:root / minecraft:item]: the_bumblezone:sticky_honey_residue; No ingredients for shapeless recipe
[14May2026 05:24:00.836] [main/ERROR] [net.minecraft.world.item.crafting.RecipeManager/]: Parsing error loading recipe letsdocompat:farm_and_charm/forbiddenandarcanusdelight/purifying_soap_sauce: com.google.gson.JsonParseException: Unknown registry key in ResourceKey[minecraft:root / minecraft:item]: compatdelight:purifying_soap_sauce; Failed to parse either. First: Not a json array: {"item":"forbidden_arcanus:purifying_soap"}; Second: No key tag in MapLike[{"item":"forbidden_arcanus:purifying_soap"}]; Unknown registry key in ResourceKey[minecraft:root / minecraft:item]: forbidden_arcanus:purifying_soap; Failed to parse either. First: Not a json array: {"item":"forbidden_arcanus:purifying_soap"}; Second: No key tag in MapLike[{"item":"forbidden_arcanus:purifying_soap"}]; Unknown registry key in ResourceKey[minecraft:root / minecraft:item]: forbidden_arcanus:purifying_soap; No ingredients for shapeless recipe
[14May2026 05:24:00.838] [main/ERROR] [net.minecraft.world.item.crafting.RecipeManager/]: Parsing error loading recipe letsdocompat:farm_and_charm/ironsspellsdelight/fire_ale_juice: com.google.gson.JsonParseException: Unknown registry key in ResourceKey[minecraft:root / minecraft:item]: compatdelight:fire_ale_juice; Failed to parse either. First: Not a json array: {"item":"irons_spellbooks:fire_ale"}; Second: No key tag in MapLike[{"item":"irons_spellbooks:fire_ale"}]; Unknown registry key in ResourceKey[minecraft:root / minecraft:item]: irons_spellbooks:fire_ale; Failed to parse either. First: Not a json array: {"item":"irons_spellbooks:fire_ale"}; Second: No key tag in MapLike[{"item":"irons_spellbooks:fire_ale"}]; Unknown registry key in ResourceKey[minecraft:root / minecraft:item]: irons_spellbooks:fire_ale
[14May2026 05:24:00.843] [main/ERROR] [net.minecraft.world.item.crafting.RecipeManager/]: Parsing error loading recipe letsdocompat:farm_and_charm/apotheosisdelight/gem_juice: com.google.gson.JsonParseException: Unknown registry key in ResourceKey[minecraft:root / minecraft:item]: compatdelight:gem_juice; Failed to parse either. First: Not a json array: {"item":"apotheosis:gem_dust"}; Second: No key tag in MapLike[{"item":"apotheosis:gem_dust"}]; Unknown registry key in ResourceKey[minecraft:root / minecraft:item]: apotheosis:gem_dust; Failed to parse either. First: Not a json array: {"item":"apotheosis:gem_dust"}; Second: No key tag in MapLike[{"item":"apotheosis:gem_dust"}]; Unknown registry key in ResourceKey[minecraft:root / minecraft:item]: apotheosis:gem_dust
[14May2026 05:24:00.844] [main/ERROR] [net.minecraft.world.item.crafting.RecipeManager/]: Parsing error loading recipe letsdocompat:farm_and_charm/midnightdelight/viridshroom_cookie: com.google.gson.JsonParseException: Unknown registry key in ResourceKey[minecraft:root / minecraft:item]: compatdelight:viridshroom_cookie; Failed to parse either. First: Not a json array: {"item":"midnight:viridshroom_powder"}; Second: No key tag in MapLike[{"item":"midnight:viridshroom_powder"}]; Unknown registry key in ResourceKey[minecraft:root / minecraft:item]: midnight:viridshroom_powder; No ingredients for shapeless recipe
[14May2026 05:24:00.845] [main/ERROR] [net.minecraft.world.item.crafting.RecipeManager/]: Parsing error loading recipe letsdocompat:farm_and_charm/blueskiesdelight/brewberry_salad: com.google.gson.JsonParseException: Unknown registry key in ResourceKey[minecraft:root / minecraft:item]: compatdelight:brewberry_salad; Failed to parse either. First: Not a json array: {"item":"blue_skies:black_brewberry"}; Second: No key tag in MapLike[{"item":"blue_skies:black_brewberry"}]; Unknown registry key in ResourceKey[minecraft:root / minecraft:item]: blue_skies:black_brewberry; Failed to parse either. First: Not a json array: {"item":"blue_skies:pink_brewberry"}; Second: No key tag in MapLike[{"item":"blue_skies:pink_brewberry"}]; Unknown registry key in ResourceKey[minecraft:root / minecraft:item]: blue_skies:pink_brewberry; Failed to parse either. First: Not a json array: {"item":"blue_skies:brewberry"}; Second: No key tag in MapLike[{"item":"blue_skies:brewberry"}]; Unknown registry key in ResourceKey[minecraft:root / minecraft:item]: blue_skies:brewberry; No ingredients for shapeless recipe
[14May2026 05:24:00.847] [main/ERROR] [net.minecraft.world.item.crafting.RecipeManager/]: Parsing error loading recipe letsdocompat:farm_and_charm/otbwgdelight/baked_hydrangea: com.google.gson.JsonParseException: Unknown registry key in ResourceKey[minecraft:root / minecraft:item]: compatdelight:baked_hydrangea; Failed to parse either. First: Not a json array: {"item":"biomeswevegone:hydrangea_bush"}; Second: No key tag in MapLike[{"item":"biomeswevegone:hydrangea_bush"}]; Unknown registry key in ResourceKey[minecraft:root / minecraft:item]: biomeswevegone:hydrangea_bush; Failed to parse either. First: Not a json array: {"item":"biomeswevegone:hydrangea_bush"}; Second: No key tag in MapLike[{"item":"biomeswevegone:hydrangea_bush"}]; Unknown registry key in ResourceKey[minecraft:root / minecraft:item]: biomeswevegone:hydrangea_bush; Failed to parse either. First: Not a json array: {"item":"biomeswevegone:hydrangea_bush"}; Second: No key tag in MapLike[{"item":"biomeswevegone:hydrangea_bush"}]; Unknown registry key in ResourceKey[minecraft:root / minecraft:item]: biomeswevegone:hydrangea_bush; No ingredients for shapeless recipe
[14May2026 05:24:00.848] [main/ERROR] [net.minecraft.world.item.crafting.RecipeManager/]: Parsing error loading recipe letsdocompat:farm_and_charm/blueskiesdelight/comet_berries_custard: com.google.gson.JsonParseException: Unknown registry key in ResourceKey[minecraft:root / minecraft:item]: compatdelight:comet_berries_custard; Failed to parse either. First: Not a json array: {"item":"compatdelight:comet_berries_jem"}; Second: No key tag in MapLike[{"item":"compatdelight:comet_berries_jem"}]; Unknown registry key in ResourceKey[minecraft:root / minecraft:item]: compatdelight:comet_berries_jem; Failed to parse either. First: Not a json array: {"item":"compatdelight:comet_berries_jem"}; Second: No key tag in MapLike[{"item":"compatdelight:comet_berries_jem"}]; Unknown registry key in ResourceKey[minecraft:root / minecraft:item]: compatdelight:comet_berries_jem
[14May2026 05:24:00.851] [main/ERROR] [net.minecraft.world.item.crafting.RecipeManager/]: Parsing error loading recipe letsdocompat:farm_and_charm/borninchaosdelight/holiday_candy_ice_cream: com.google.gson.JsonParseException: Unknown registry key in ResourceKey[minecraft:root / minecraft:item]: compatdelight:holiday_candy_ice_cream; Failed to parse either. First: Not a json array: {"item":"born_in_chaos_v1:holiday_candy"}; Second: No key tag in MapLike[{"item":"born_in_chaos_v1:holiday_candy"}]; Unknown registry key in ResourceKey[minecraft:root / minecraft:item]: born_in_chaos_v1:holiday_candy; Failed to parse either. First: Not a json array: {"item":"born_in_chaos_v1:holiday_candy"}; Second: No key tag in MapLike[{"item":"born_in_chaos_v1:holiday_candy"}]; Unknown registry key in ResourceKey[minecraft:root / minecraft:item]: born_in_chaos_v1:holiday_candy
[14May2026 05:24:00.851] [main/ERROR] [net.minecraft.world.item.crafting.RecipeManager/]: Parsing error loading recipe letsdocompat:farm_and_charm/apotheosisdelight/gem_dust_stew: com.google.gson.JsonParseException: Unknown registry key in ResourceKey[minecraft:root / minecraft:item]: compatdelight:gem_dust_stew; Failed to parse either. First: Not a json array: {"item":"apotheosis:gem_dust"}; Second: No key tag in MapLike[{"item":"apotheosis:gem_dust"}]; Unknown registry key in ResourceKey[minecraft:root / minecraft:item]: apotheosis:gem_dust; Failed to parse either. First: Not a json array: {"item":"apotheosis:gem_dust"}; Second: No key tag in MapLike[{"item":"apotheosis:gem_dust"}]; Unknown registry key in ResourceKey[minecraft:root / minecraft:item]: apotheosis:gem_dust; No ingredients for shapeless recipe
[14May2026 05:24:00.852] [main/ERROR] [net.minecraft.world.item.crafting.RecipeManager/]: Parsing error loading recipe letsdocompat:farm_and_charm/supplementariesdelight/lumisene_shake: com.google.gson.JsonParseException: Unknown registry key in ResourceKey[minecraft:root / minecraft:item]: compatdelight:lumisene_shake; Failed to parse either. First: Not a json array: {"item":"supplementaries:lumisene_bottle"}; Second: No key tag in MapLike[{"item":"supplementaries:lumisene_bottle"}]; Unknown registry key in ResourceKey[minecraft:root / minecraft:item]: supplementaries:lumisene_bottle; Failed to parse either. First: Not a json array: {"item":"supplementaries:lumisene_bottle"}; Second: No key tag in MapLike[{"item":"supplementaries:lumisene_bottle"}]; Unknown registry key in ResourceKey[minecraft:root / minecraft:item]: supplementaries:lumisene_bottle
[14May2026 05:24:00.860] [main/ERROR] [net.minecraft.world.item.crafting.RecipeManager/]: Parsing error loading recipe letsdocompat:farm_and_charm/malumdelight/cursed_sapball_cookie: com.google.gson.JsonParseException: Unknown registry key in ResourceKey[minecraft:root / minecraft:item]: compatdelight:cursed_sapball_cookie; Failed to parse either. First: Not a json array: {"item":"compatdelight:cursed_sapball_jam"}; Second: No key tag in MapLike[{"item":"compatdelight:cursed_sapball_jam"}]; Unknown registry key in ResourceKey[minecraft:root / minecraft:item]: compatdelight:cursed_sapball_jam; No ingredients for shapeless recipe
[14May2026 05:24:00.861] [main/ERROR] [net.minecraft.world.item.crafting.RecipeManager/]: Parsing error loading recipe letsdocompat:farm_and_charm/cyclicdelight/chorus_flight_custard: com.google.gson.JsonParseException: Unknown registry key in ResourceKey[minecraft:root / minecraft:item]: compatdelight:chorus_flight_custard; Failed to parse either. First: Not a json array: {"item":"cyclic:chorus_flight"}; Second: No key tag in MapLike[{"item":"cyclic:chorus_flight"}]; Unknown registry key in ResourceKey[minecraft:root / minecraft:item]: cyclic:chorus_flight
[14May2026 05:24:00.866] [main/ERROR] [net.minecraft.world.item.crafting.RecipeManager/]: Parsing error loading recipe letsdocompat:farm_and_charm/toughasdelight/apple_shake: com.google.gson.JsonParseException: Unknown registry key in ResourceKey[minecraft:root / minecraft:item]: compatdelight:apple_shake; Failed to parse either. First: Not a json array: {"item":"compatdelight:apple_jem"}; Second: No key tag in MapLike[{"item":"compatdelight:apple_jem"}]; Unknown registry key in ResourceKey[minecraft:root / minecraft:item]: compatdelight:apple_jem; Failed to parse either. First: Not a json array: {"item":"compatdelight:apple_jem"}; Second: No key tag in MapLike[{"item":"compatdelight:apple_jem"}]; Unknown registry key in ResourceKey[minecraft:root / minecraft:item]: compatdelight:apple_jem
[14May2026 05:24:00.871] [main/ERROR] [net.minecraft.world.item.crafting.RecipeManager/]: Parsing error loading recipe letsdocompat:farm_and_charm/forbiddenandarcanusdelight/smelter_prism_ice_cream: com.google.gson.JsonParseException: Unknown registry key in ResourceKey[minecraft:root / minecraft:item]: compatdelight:smelter_prism_ice_cream; Failed to parse either. First: Not a json array: {"item":"forbidden_arcanus:smelter_prism"}; Second: No key tag in MapLike[{"item":"forbidden_arcanus:smelter_prism"}]; Unknown registry key in ResourceKey[minecraft:root / minecraft:item]: forbidden_arcanus:smelter_prism; Failed to parse either. First: Not a json array: {"item":"forbidden_arcanus:smelter_prism"}; Second: No key tag in MapLike[{"item":"forbidden_arcanus:smelter_prism"}]; Unknown registry key in ResourceKey[minecraft:root / minecraft:item]: forbidden_arcanus:smelter_prism
[14May2026 05:24:00.875] [main/ERROR] [net.minecraft.world.item.crafting.RecipeManager/]: Parsing error loading recipe letsdocompat:farm_and_charm/stalwartdungeonsdelight/void_ice_cream: com.google.gson.JsonParseException: Unknown registry key in ResourceKey[minecraft:root / minecraft:item]: compatdelight:void_ice_cream1; Failed to parse either. First: Not a json array: {"item":"stalwart_dungeons:void_crystal"}; Second: No key tag in MapLike[{"item":"stalwart_dungeons:void_crystal"}]; Unknown registry key in ResourceKey[minecraft:root / minecraft:item]: stalwart_dungeons:void_crystal; Failed to parse either. First: Not a json array: {"item":"stalwart_dungeons:void_crystal"}; Second: No key tag in MapLike[{"item":"stalwart_dungeons:void_crystal"}]; Unknown registry key in ResourceKey[minecraft:root / minecraft:item]: stalwart_dungeons:void_crystal
[14May2026 05:24:00.877] [main/ERROR] [net.minecraft.world.item.crafting.RecipeManager/]: Parsing error loading recipe letsdocompat:farm_and_charm/legendarycreaturesdelight/cooked_ender_wisp_pollen: com.google.gson.JsonParseException: Unknown registry key in ResourceKey[minecraft:root / minecraft:item]: compatdelight:cooked_ender_wisp_pollen; Failed to parse either. First: Not a json array: {"item":"compatdelight:ender_wisp_pollen"}; Second: No key tag in MapLike[{"item":"compatdelight:ender_wisp_pollen"}]; Unknown registry key in ResourceKey[minecraft:root / minecraft:item]: compatdelight:ender_wisp_pollen; No ingredients for shapeless recipe
[14May2026 05:24:00.881] [main/ERROR] [net.minecraft.world.item.crafting.RecipeManager/]: Parsing error loading recipe letsdocompat:farm_and_charm/cavebiomesdelight/icicle_juice: com.google.gson.JsonParseException: Unknown registry key in ResourceKey[minecraft:root / minecraft:item]: compatdelight:icicle_juice; Failed to parse either. First: Not a json array: {"item":"yungscavebiomes:icicle"}; Second: No key tag in MapLike[{"item":"yungscavebiomes:icicle"}]; Unknown registry key in ResourceKey[minecraft:root / minecraft:item]: yungscavebiomes:icicle; Failed to parse either. First: Not a json array: {"item":"yungscavebiomes:icicle"}; Second: No key tag in MapLike[{"item":"yungscavebiomes:icicle"}]; Unknown registry key in ResourceKey[minecraft:root / minecraft:item]: yungscavebiomes:icicle; Failed to parse either. First: Not a json array: {"item":"yungscavebiomes:icicle"}; Second: No key tag in MapLike[{"item":"yungscavebiomes:icicle"}]; Unknown registry key in ResourceKey[minecraft:root / minecraft:item]: yungscavebiomes:icicle
[14May2026 05:24:00.894] [main/ERROR] [net.minecraft.world.item.crafting.RecipeManager/]: Parsing error loading recipe letsdocompat:farm_and_charm/forbiddenandarcanusdelight/bat_tentacle_stew: com.google.gson.JsonParseException: Unknown registry key in ResourceKey[minecraft:root / minecraft:item]: compatdelight:bat_tentacle_stew; Failed to parse either. First: Not a json array: {"item":"forbidden_arcanus:bat_wing"}; Second: No key tag in MapLike[{"item":"forbidden_arcanus:bat_wing"}]; Unknown registry key in ResourceKey[minecraft:root / minecraft:item]: forbidden_arcanus:bat_wing; Failed to parse either. First: Not a json array: {"item":"forbidden_arcanus:tentacle"}; Second: No key tag in MapLike[{"item":"forbidden_arcanus:tentacle"}]; Unknown registry key in ResourceKey[minecraft:root / minecraft:item]: forbidden_arcanus:tentacle; No ingredients for shapeless recipe
[14May2026 05:24:00.895] [main/ERROR] [net.minecraft.world.item.crafting.RecipeManager/]: Parsing error loading recipe letsdocompat:farm_and_charm/cyclicdelight/lapis_apple_custard: com.google.gson.JsonParseException: Unknown registry key in ResourceKey[minecraft:root / minecraft:item]: compatdelight:lapis_apple_custard
[14May2026 05:24:00.897] [main/ERROR] [net.minecraft.world.item.crafting.RecipeManager/]: Parsing error loading recipe letsdocompat:farm_and_charm/mowziesdelight/glowing_jelly_ice_cream: com.google.gson.JsonParseException: Unknown registry key in ResourceKey[minecraft:root / minecraft:item]: compatdelight:glowing_jelly_ice_cream; Failed to parse either. First: Not a json array: {"item":"mowziesmobs:glowing_jelly"}; Second: No key tag in MapLike[{"item":"mowziesmobs:glowing_jelly"}]; Unknown registry key in ResourceKey[minecraft:root / minecraft:item]: mowziesmobs:glowing_jelly; Failed to parse either. First: Not a json array: {"item":"mowziesmobs:glowing_jelly"}; Second: No key tag in MapLike[{"item":"mowziesmobs:glowing_jelly"}]; Unknown registry key in ResourceKey[minecraft:root / minecraft:item]: mowziesmobs:glowing_jelly
[14May2026 05:24:00.898] [main/ERROR] [net.minecraft.world.item.crafting.RecipeManager/]: Parsing error loading recipe letsdocompat:farm_and_charm/bumblezonedelight/rice_in_honeycomb_block: com.google.gson.JsonParseException: Unknown registry key in ResourceKey[minecraft:root / minecraft:item]: compatdelight:rice_in_honeycomb_block; Unknown registry key in ResourceKey[minecraft:root / minecraft:item]: the_bumblezone:honey_cocoon
[14May2026 05:24:00.900] [main/ERROR] [net.minecraft.world.item.crafting.RecipeManager/]: Parsing error loading recipe letsdocompat:farm_and_charm/forbiddenandarcanusdelight/tentacle_stew: com.google.gson.JsonParseException: Unknown registry key in ResourceKey[minecraft:root / minecraft:item]: compatdelight:tentacle_stew; Failed to parse either. First: Not a json array: {"item":"forbidden_arcanus:cooked_tentacle"}; Second: No key tag in MapLike[{"item":"forbidden_arcanus:cooked_tentacle"}]; Unknown registry key in ResourceKey[minecraft:root / minecraft:item]: forbidden_arcanus:cooked_tentacle; Failed to parse either. First: Not a json array: {"item":"forbidden_arcanus:cooked_tentacle"}; Second: No key tag in MapLike[{"item":"forbidden_arcanus:cooked_tentacle"}]; Unknown registry key in ResourceKey[minecraft:root / minecraft:item]: forbidden_arcanus:cooked_tentacle; No ingredients for shapeless recipe
[14May2026 05:24:00.900] [main/ERROR] [net.minecraft.world.item.crafting.RecipeManager/]: Parsing error loading recipe letsdocompat:farm_and_charm/outerenddelight/spectragel_ice_cream: com.google.gson.JsonParseException: Unknown registry key in ResourceKey[minecraft:root / minecraft:item]: compatdelight:spectragel_ice_cream; Failed to parse either. First: Not a json array: {"item":"outer_end:spectragel"}; Second: No key tag in MapLike[{"item":"outer_end:spectragel"}]; Unknown registry key in ResourceKey[minecraft:root / minecraft:item]: outer_end:spectragel; Failed to parse either. First: Not a json array: {"item":"outer_end:spectragel"}; Second: No key tag in MapLike[{"item":"outer_end:spectragel"}]; Unknown registry key in ResourceKey[minecraft:root / minecraft:item]: outer_end:spectragel
[14May2026 05:24:00.903] [main/ERROR] [net.minecraft.world.item.crafting.RecipeManager/]: Parsing error loading recipe letsdocompat:farm_and_charm/evilcraftdelight/lightning_grenade_shake: com.google.gson.JsonParseException: Unknown registry key in ResourceKey[minecraft:root / minecraft:item]: compatdelight:lightning_grenade_shake; Failed to parse either. First: Not a json array: {"item":"compatdelight:lightning_crenade_jem"}; Second: No key tag in MapLike[{"item":"compatdelight:lightning_crenade_jem"}]; Unknown registry key in ResourceKey[minecraft:root / minecraft:item]: compatdelight:lightning_crenade_jem; Failed to parse either. First: Not a json array: {"item":"compatdelight:lightning_crenade_jem"}; Second: No key tag in MapLike[{"item":"compatdelight:lightning_crenade_jem"}]; Unknown registry key in ResourceKey[minecraft:root / minecraft:item]: compatdelight:lightning_crenade_jem
[14May2026 05:24:00.905] [main/ERROR] [net.minecraft.world.item.crafting.RecipeManager/]: Parsing error loading recipe letsdocompat:farm_and_charm/bumblezonedelight/pollen_carrot: com.google.gson.JsonParseException: Unknown registry key in ResourceKey[minecraft:root / minecraft:item]: compatdelight:pollen_carrot; Failed to parse either. First: Not a json array: {"item":"the_bumblezone:pollen_puff"}; Second: No key tag in MapLike[{"item":"the_bumblezone:pollen_puff"}]; Unknown registry key in ResourceKey[minecraft:root / minecraft:item]: the_bumblezone:pollen_puff; No ingredients for shapeless recipe
[14May2026 05:24:00.907] [main/ERROR] [net.minecraft.world.item.crafting.RecipeManager/]: Parsing error loading recipe letsdocompat:farm_and_charm/apotheosisdelight/warden_pasta_with_rare_material: com.google.gson.JsonParseException: Unknown registry key in ResourceKey[minecraft:root / minecraft:item]: compatdelight:warden_pasta_with_rare_material; Failed to parse either. First: Not a json array: {"item":"compatdelight:warden_pasta"}; Second: No key tag in MapLike[{"item":"compatdelight:warden_pasta"}]; Unknown registry key in ResourceKey[minecraft:root / minecraft:item]: compatdelight:warden_pasta; Failed to parse either. First: Not a json array: {"item":"compatdelight:warden_pasta"}; Second: No key tag in MapLike[{"item":"compatdelight:warden_pasta"}]; Unknown registry key in ResourceKey[minecraft:root / minecraft:item]: compatdelight:warden_pasta; Failed to parse either. First: Not a json array: {"item":"apotheosis:rare_material"}; Second: No key tag in MapLike[{"item":"apotheosis:rare_material"}]; Unknown registry key in ResourceKey[minecraft:root / minecraft:item]: apotheosis:rare_material; No ingredients for shapeless recipe
[14May2026 05:24:00.908] [main/ERROR] [net.minecraft.world.item.crafting.RecipeManager/]: Parsing error loading recipe letsdocompat:farm_and_charm/forbiddenandarcanusdelight/wax_shake: com.google.gson.JsonParseException: Unknown registry key in ResourceKey[minecraft:root / minecraft:item]: compatdelight:wax_shake; Failed to parse either. First: Not a json array: {"item":"forbidden_arcanus:wax"}; Second: No key tag in MapLike[{"item":"forbidden_arcanus:wax"}]; Unknown registry key in ResourceKey[minecraft:root / minecraft:item]: forbidden_arcanus:wax; Failed to parse either. First: Not a json array: {"item":"forbidden_arcanus:wax"}; Second: No key tag in MapLike[{"item":"forbidden_arcanus:wax"}]; Unknown registry key in ResourceKey[minecraft:root / minecraft:item]: forbidden_arcanus:wax; No ingredients for shapeless recipe
[14May2026 05:24:00.910] [main/ERROR] [net.minecraft.world.item.crafting.RecipeManager/]: Parsing error loading recipe letsdocompat:farm_and_charm/tropicraftdelight/papaya_jem: com.google.gson.JsonParseException: Unknown registry key in ResourceKey[minecraft:root / minecraft:item]: compatdelight:papaya_jem; Failed to parse either. First: Not a json array: {"item":"tropicraft:papaya"}; Second: No key tag in MapLike[{"item":"tropicraft:papaya"}]; Unknown registry key in ResourceKey[minecraft:root / minecraft:item]: tropicraft:papaya; Failed to parse either. First: Not a json array: {"item":"tropicraft:papaya"}; Second: No key tag in MapLike[{"item":"tropicraft:papaya"}]; Unknown registry key in ResourceKey[minecraft:root / minecraft:item]: tropicraft:papaya
[14May2026 05:24:00.914] [main/ERROR] [net.minecraft.world.item.crafting.RecipeManager/]: Parsing error loading recipe letsdocompat:farm_and_charm/tropicraftdelight/coconut_milk: com.google.gson.JsonParseException: Unknown registry key in ResourceKey[minecraft:root / minecraft:item]: compatdelight:coconut_milk; Failed to parse either. First: Not a json array: {"item":"tropicraft:coconut_chunk"}; Second: No key tag in MapLike[{"item":"tropicraft:coconut_chunk"}]; Unknown registry key in ResourceKey[minecraft:root / minecraft:item]: tropicraft:coconut_chunk
[14May2026 05:24:00.916] [main/ERROR] [net.minecraft.world.item.crafting.RecipeManager/]: Parsing error loading recipe letsdocompat:farm_and_charm/palegardendelight/resin_jem: com.google.gson.JsonParseException: Unknown registry key in ResourceKey[minecraft:root / minecraft:item]: compatdelight:resin_jem; Failed to parse either. First: Not a json array: {"item":"palegarden:resin_clump"}; Second: No key tag in MapLike[{"item":"palegarden:resin_clump"}]; Unknown registry key in ResourceKey[minecraft:root / minecraft:item]: palegarden:resin_clump; Failed to parse either. First: Not a json array: {"item":"palegarden:resin_clump"}; Second: No key tag in MapLike[{"item":"palegarden:resin_clump"}]; Unknown registry key in ResourceKey[minecraft:root / minecraft:item]: palegarden:resin_clump; No ingredients for shapeless recipe
[14May2026 05:24:00.917] [main/ERROR] [net.minecraft.world.item.crafting.RecipeManager/]: Parsing error loading recipe letsdocompat:farm_and_charm/borninchaosdelight/holiday_candy_jem: com.google.gson.JsonParseException: Unknown registry key in ResourceKey[minecraft:root / minecraft:item]: compatdelight:holiday_candy_jem; Failed to parse either. First: Not a json array: {"item":"born_in_chaos_v1:holiday_candy"}; Second: No key tag in MapLike[{"item":"born_in_chaos_v1:holiday_candy"}]; Unknown registry key in ResourceKey[minecraft:root / minecraft:item]: born_in_chaos_v1:holiday_candy; Failed to parse either. First: Not a json array: {"item":"born_in_chaos_v1:holiday_candy"}; Second: No key tag in MapLike[{"item":"born_in_chaos_v1:holiday_candy"}]; Unknown registry key in ResourceKey[minecraft:root / minecraft:item]: born_in_chaos_v1:holiday_candy
[14May2026 05:24:00.919] [main/ERROR] [net.minecraft.world.item.crafting.RecipeManager/]: Parsing error loading recipe letsdocompat:farm_and_charm/occultismdelight/demons_dream_jem: com.google.gson.JsonParseException: Unknown registry key in ResourceKey[minecraft:root / minecraft:item]: compatdelight:demons_dream_jem; Failed to parse either. First: Not a json array: {"item":"occultism:demons_dream_essence"}; Second: No key tag in MapLike[{"item":"occultism:demons_dream_essence"}]; Unknown registry key in ResourceKey[minecraft:root / minecraft:item]: occultism:demons_dream_essence; Failed to parse either. First: Not a json array: {"item":"occultism:demons_dream_essence"}; Second: No key tag in MapLike[{"item":"occultism:demons_dream_essence"}]; Unknown registry key in ResourceKey[minecraft:root / minecraft:item]: occultism:demons_dream_essence
[14May2026 05:24:00.921] [main/ERROR] [net.minecraft.world.item.crafting.RecipeManager/]: Parsing error loading recipe letsdocompat:farm_and_charm/borninchaosdelight/honey_glazed_monster_flesh: com.google.gson.JsonParseException: Unknown registry key in ResourceKey[minecraft:root / minecraft:item]: compatdelight:honey_glazed_monster_flesh_block; Failed to parse either. First: Not a json array: {"item":"born_in_chaos_v1:caramel_pepper"}; Second: No key tag in MapLike[{"item":"born_in_chaos_v1:caramel_pepper"}]; Unknown registry key in ResourceKey[minecraft:root / minecraft:item]: born_in_chaos_v1:caramel_pepper; Failed to parse either. First: Not a json array: {"item":"born_in_chaos_v1:smoked_monster_flesh"}; Second: No key tag in MapLike[{"item":"born_in_chaos_v1:smoked_monster_flesh"}]; Unknown registry key in ResourceKey[minecraft:root / minecraft:item]: born_in_chaos_v1:smoked_monster_flesh
[14May2026 05:24:00.926] [main/ERROR] [net.minecraft.world.item.crafting.RecipeManager/]: Parsing error loading recipe letsdocompat:farm_and_charm/toughasdelight/chorus_fruit_jem: com.google.gson.JsonParseException: Unknown registry key in ResourceKey[minecraft:root / minecraft:item]: compatdelight:chorus_fruit_jem; Failed to parse either. First: Not a json array: {"item":"toughasnails:chorus_fruit_juice"}; Second: No key tag in MapLike[{"item":"toughasnails:chorus_fruit_juice"}]; Unknown registry key in ResourceKey[minecraft:root / minecraft:item]: toughasnails:chorus_fruit_juice; Failed to parse either. First: Not a json array: {"item":"toughasnails:chorus_fruit_juice"}; Second: No key tag in MapLike[{"item":"toughasnails:chorus_fruit_juice"}]; Unknown registry key in ResourceKey[minecraft:root / minecraft:item]: toughasnails:chorus_fruit_juice
[14May2026 05:24:00.927] [main/ERROR] [net.minecraft.world.item.crafting.RecipeManager/]: Parsing error loading recipe letsdocompat:farm_and_charm/graveyarddelight/corruotion_ice_cream: com.google.gson.JsonParseException: Unknown registry key in ResourceKey[minecraft:root / minecraft:item]: compatdelight:corruotion_ice_cream; Failed to parse either. First: Not a json array: {"item":"graveyard:corruption"}; Second: No key tag in MapLike[{"item":"graveyard:corruption"}]; Unknown registry key in ResourceKey[minecraft:root / minecraft:item]: graveyard:corruption; Failed to parse either. First: Not a json array: {"item":"graveyard:corruption"}; Second: No key tag in MapLike[{"item":"graveyard:corruption"}]; Unknown registry key in ResourceKey[minecraft:root / minecraft:item]: graveyard:corruption
[14May2026 05:24:00.929] [main/ERROR] [net.minecraft.world.item.crafting.RecipeManager/]: Parsing error loading recipe letsdocompat:farm_and_charm/arsnouveaudelight/bastion_yougurt: com.google.gson.JsonParseException: Unknown registry key in ResourceKey[minecraft:root / minecraft:item]: compatdelight:bastion_yougurt; Failed to parse either. First: Not a json array: {"item":"compatdelight:bastion_jem"}; Second: No key tag in MapLike[{"item":"compatdelight:bastion_jem"}]; Unknown registry key in ResourceKey[minecraft:root / minecraft:item]: compatdelight:bastion_jem; Failed to parse either. First: Not a json array: {"item":"compatdelight:bastion_jem"}; Second: No key tag in MapLike[{"item":"compatdelight:bastion_jem"}]; Unknown registry key in ResourceKey[minecraft:root / minecraft:item]: compatdelight:bastion_jem
[14May2026 05:24:00.930] [main/ERROR] [net.minecraft.world.item.crafting.RecipeManager/]: Parsing error loading recipe letsdocompat:farm_and_charm/arsnouveaudelight/bombegranate_doughnut: com.google.gson.JsonParseException: Unknown registry key in ResourceKey[minecraft:root / minecraft:item]: compatdelight:bombegranate_doughnut; Failed to parse either. First: Not a json array: {"item":"ars_nouveau:bombegranate_pod"}; Second: No key tag in MapLike[{"item":"ars_nouveau:bombegranate_pod"}]; Unknown registry key in ResourceKey[minecraft:root / minecraft:item]: ars_nouveau:bombegranate_pod; No ingredients for shapeless recipe
[14May2026 05:24:00.935] [main/ERROR] [net.minecraft.world.item.crafting.RecipeManager/]: Parsing error loading recipe letsdocompat:farm_and_charm/enlightenddelight/berries_salad: com.google.gson.JsonParseException: Unknown registry key in ResourceKey[minecraft:root / minecraft:item]: compatdelight:berries_salad; Failed to parse either. First: Not a json array: {"item":"enlightened_end:frost_fruit"}; Second: No key tag in MapLike[{"item":"enlightened_end:frost_fruit"}]; Unknown registry key in ResourceKey[minecraft:root / minecraft:item]: enlightened_end:frost_fruit; Failed to parse either. First: Not a json array: {"item":"enlightened_end:elevibloom"}; Second: No key tag in MapLike[{"item":"enlightened_end:elevibloom"}]; Unknown registry key in ResourceKey[minecraft:root / minecraft:item]: enlightened_end:elevibloom; Failed to parse either. First: Not a json array: {"item":"enlightened_end:azure_berries"}; Second: No key tag in MapLike[{"item":"enlightened_end:azure_berries"}]; Unknown registry key in ResourceKey[minecraft:root / minecraft:item]: enlightened_end:azure_berries; No ingredients for shapeless recipe
[14May2026 05:24:00.936] [main/ERROR] [net.minecraft.world.item.crafting.RecipeManager/]: Parsing error loading recipe letsdocompat:farm_and_charm/otbwgdelight/baked_skyris_vine: com.google.gson.JsonParseException: Unknown registry key in ResourceKey[minecraft:root / minecraft:item]: compatdelight:baked_skyris_vine; Failed to parse either. First: Not a json array: {"item":"biomeswevegone:skyris_vine"}; Second: No key tag in MapLike[{"item":"biomeswevegone:skyris_vine"}]; Unknown registry key in ResourceKey[minecraft:root / minecraft:item]: biomeswevegone:skyris_vine; Failed to parse either. First: Not a json array: {"item":"compatdelight:skyris_vine_pasta"}; Second: No key tag in MapLike[{"item":"compatdelight:skyris_vine_pasta"}]; Unknown registry key in ResourceKey[minecraft:root / minecraft:item]: compatdelight:skyris_vine_pasta; Failed to parse either. First: Not a json array: {"item":"compatdelight:skyris_vine_pasta"}; Second: No key tag in MapLike[{"item":"compatdelight:skyris_vine_pasta"}]; Unknown registry key in ResourceKey[minecraft:root / minecraft:item]: compatdelight:skyris_vine_pasta; No ingredients for shapeless recipe
[14May2026 05:24:00.937] [main/ERROR] [net.minecraft.world.item.crafting.RecipeManager/]: Parsing error loading recipe letsdocompat:farm_and_charm/ecologicsdelight/prickly_pear_glazed_coconut_block: com.google.gson.JsonParseException: Unknown registry key in ResourceKey[minecraft:root / minecraft:item]: compatdelight:prickly_pear_glazed_coconut_block; Failed to parse either. First: Not a json array: {"item":"ecologics:walnut"}; Second: No key tag in MapLike[{"item":"ecologics:walnut"}]; Unknown registry key in ResourceKey[minecraft:root / minecraft:item]: ecologics:walnut; Failed to parse either. First: Not a json array: {"item":"ecologics:walnut"}; Second: No key tag in MapLike[{"item":"ecologics:walnut"}]; Unknown registry key in ResourceKey[minecraft:root / minecraft:item]: ecologics:walnut; Failed to parse either. First: Not a json array: {"item":"ecologics:walnut"}; Second: No key tag in MapLike[{"item":"ecologics:walnut"}]; Unknown registry key in ResourceKey[minecraft:root / minecraft:item]: ecologics:walnut; Failed to parse either. First: Not a json array: {"item":"ecologics:walnut"}; Second: No key tag in MapLike[{"item":"ecologics:walnut"}]; Unknown registry key in ResourceKey[minecraft:root / minecraft:item]: ecologics:walnut; Failed to parse either. First: Not a json array: {"item":"compatdelight:prickly_pear_jem"}; Second: No key tag in MapLike[{"item":"compatdelight:prickly_pear_jem"}]; Unknown registry key in ResourceKey[minecraft:root / minecraft:item]: compatdelight:prickly_pear_jem; Failed to parse either. First: Not a json array: {"item":"ecologics:coconut"}; Second: No key tag in MapLike[{"item":"ecologics:coconut"}]; Unknown registry key in ResourceKey[minecraft:root / minecraft:item]: ecologics:coconut; No ingredients for shapeless recipe
[14May2026 05:24:00.939] [main/ERROR] [net.minecraft.world.item.crafting.RecipeManager/]: Parsing error loading recipe letsdocompat:farm_and_charm/ironsspellsdelight/permafrost_ice_cream: com.google.gson.JsonParseException: Unknown registry key in ResourceKey[minecraft:root / minecraft:item]: compatdelight:permafrost_ice_cream; Failed to parse either. First: Not a json array: {"item":"irons_spellbooks:permafrost_shard"}; Second: No key tag in MapLike[{"item":"irons_spellbooks:permafrost_shard"}]; Unknown registry key in ResourceKey[minecraft:root / minecraft:item]: irons_spellbooks:permafrost_shard; Failed to parse either. First: Not a json array: {"item":"irons_spellbooks:permafrost_shard"}; Second: No key tag in MapLike[{"item":"irons_spellbooks:permafrost_shard"}]; Unknown registry key in ResourceKey[minecraft:root / minecraft:item]: irons_spellbooks:permafrost_shard
[14May2026 05:24:00.940] [main/ERROR] [net.minecraft.world.item.crafting.RecipeManager/]: Parsing error loading recipe letsdocompat:farm_and_charm/tropicraftdelight/coffee_berry_jem: com.google.gson.JsonParseException: Unknown registry key in ResourceKey[minecraft:root / minecraft:item]: compatdelight:coffee_berry_jem; Failed to parse either. First: Not a json array: {"item":"tropicraft:coffee_berry"}; Second: No key tag in MapLike[{"item":"tropicraft:coffee_berry"}]; Unknown registry key in ResourceKey[minecraft:root / minecraft:item]: tropicraft:coffee_berry; Failed to parse either. First: Not a json array: {"item":"tropicraft:coffee_berry"}; Second: No key tag in MapLike[{"item":"tropicraft:coffee_berry"}]; Unknown registry key in ResourceKey[minecraft:root / minecraft:item]: tropicraft:coffee_berry
[14May2026 05:24:00.945] [main/ERROR] [net.minecraft.world.item.crafting.RecipeManager/]: Parsing error loading recipe letsdocompat:farm_and_charm/blueskiesdelight/crescent_ice_cream: com.google.gson.JsonParseException: Unknown registry key in ResourceKey[minecraft:root / minecraft:item]: compatdelight:crescent_ice_cream; Failed to parse either. First: Not a json array: {"item":"blue_skies:crescent_fruit"}; Second: No key tag in MapLike[{"item":"blue_skies:crescent_fruit"}]; Unknown registry key in ResourceKey[minecraft:root / minecraft:item]: blue_skies:crescent_fruit; Failed to parse either. First: Not a json array: {"item":"blue_skies:crescent_fruit"}; Second: No key tag in MapLike[{"item":"blue_skies:crescent_fruit"}]; Unknown registry key in ResourceKey[minecraft:root / minecraft:item]: blue_skies:crescent_fruit
[14May2026 05:24:00.946] [main/ERROR] [net.minecraft.world.item.crafting.RecipeManager/]: Parsing error loading recipe letsdocompat:farm_and_charm/ecologicsdelight/crab_stew: com.google.gson.JsonParseException: Unknown registry key in ResourceKey[minecraft:root / minecraft:item]: compatdelight:crab_stew; Failed to parse either. First: Not a json array: {"item":"ecologics:crab_meat"}; Second: No key tag in MapLike[{"item":"ecologics:crab_meat"}]; Unknown registry key in ResourceKey[minecraft:root / minecraft:item]: ecologics:crab_meat; Failed to parse either. First: Not a json array: {"item":"ecologics:crab_meat"}; Second: No key tag in MapLike[{"item":"ecologics:crab_meat"}]; Unknown registry key in ResourceKey[minecraft:root / minecraft:item]: ecologics:crab_meat
[14May2026 05:24:00.951] [main/ERROR] [net.minecraft.world.item.crafting.RecipeManager/]: Parsing error loading recipe letsdocompat:farm_and_charm/occultismdelight/otherworld_essence_ice_cream: com.google.gson.JsonParseException: Unknown registry key in ResourceKey[minecraft:root / minecraft:item]: compatdelight:otherworld_essence_ice_cream; Failed to parse either. First: Not a json array: {"item":"occultism:otherworld_essence"}; Second: No key tag in MapLike[{"item":"occultism:otherworld_essence"}]; Unknown registry key in ResourceKey[minecraft:root / minecraft:item]: occultism:otherworld_essence; Failed to parse either. First: Not a json array: {"item":"occultism:otherworld_essence"}; Second: No key tag in MapLike[{"item":"occultism:otherworld_essence"}]; Unknown registry key in ResourceKey[minecraft:root / minecraft:item]: occultism:otherworld_essence
[14May2026 05:24:00.952] [main/ERROR] [net.minecraft.world.item.crafting.RecipeManager/]: Parsing error loading recipe letsdocompat:farm_and_charm/outerenddelight/azure_pasta: com.google.gson.JsonParseException: Unknown registry key in ResourceKey[minecraft:root / minecraft:item]: compatdelight:azure_pasta; Failed to parse either. First: Not a json array: {"item":"outer_end:ender_roots"}; Second: No key tag in MapLike[{"item":"outer_end:ender_roots"}]; Unknown registry key in ResourceKey[minecraft:root / minecraft:item]: outer_end:ender_roots
[14May2026 05:24:00.957] [main/ERROR] [net.minecraft.world.item.crafting.RecipeManager/]: Parsing error loading recipe letsdocompat:farm_and_charm/tropicraftdelight/pineapple_shake: com.google.gson.JsonParseException: Unknown registry key in ResourceKey[minecraft:root / minecraft:item]: compatdelight:pineapple_shake; Failed to parse either. First: Not a json array: {"item":"compatdelight:pineapple_jem"}; Second: No key tag in MapLike[{"item":"compatdelight:pineapple_jem"}]; Unknown registry key in ResourceKey[minecraft:root / minecraft:item]: compatdelight:pineapple_jem; Failed to parse either. First: Not a json array: {"item":"compatdelight:pineapple_slice"}; Second: No key tag in MapLike[{"item":"compatdelight:pineapple_slice"}]; Unknown registry key in ResourceKey[minecraft:root / minecraft:item]: compatdelight:pineapple_slice
[14May2026 05:24:00.958] [main/ERROR] [net.minecraft.world.item.crafting.RecipeManager/]: Parsing error loading recipe letsdocompat:farm_and_charm/ratsdelight/blue_cheese_sauce: com.google.gson.JsonParseException: Unknown registry key in ResourceKey[minecraft:root / minecraft:item]: compatdelight:blue_cheese_sauce; Failed to parse either. First: Not a json array: {"item":"rats:blue_cheese"}; Second: No key tag in MapLike[{"item":"rats:blue_cheese"}]; Unknown registry key in ResourceKey[minecraft:root / minecraft:item]: rats:blue_cheese; Failed to parse either. First: Not a json array: {"item":"rats:blue_cheese"}; Second: No key tag in MapLike[{"item":"rats:blue_cheese"}]; Unknown registry key in ResourceKey[minecraft:root / minecraft:item]: rats:blue_cheese; No ingredients for shapeless recipe
[14May2026 05:24:00.959] [main/ERROR] [net.minecraft.world.item.crafting.RecipeManager/]: Parsing error loading recipe letsdocompat:farm_and_charm/otbwgdelight/baked_firecracker: com.google.gson.JsonParseException: Unknown registry key in ResourceKey[minecraft:root / minecraft:item]: compatdelight:baked_firecracker; Failed to parse either. First: Not a json array: {"item":"biomeswevegone:firecracker_flower_bush"}; Second: No key tag in MapLike[{"item":"biomeswevegone:firecracker_flower_bush"}]; Unknown registry key in ResourceKey[minecraft:root / minecraft:item]: biomeswevegone:firecracker_flower_bush; Failed to parse either. First: Not a json array: {"item":"biomeswevegone:firecracker_flower_bush"}; Second: No key tag in MapLike[{"item":"biomeswevegone:firecracker_flower_bush"}]; Unknown registry key in ResourceKey[minecraft:root / minecraft:item]: biomeswevegone:firecracker_flower_bush; Failed to parse either. First: Not a json array: {"item":"biomeswevegone:firecracker_flower_bush"}; Second: No key tag in MapLike[{"item":"biomeswevegone:firecracker_flower_bush"}]; Unknown registry key in ResourceKey[minecraft:root / minecraft:item]: biomeswevegone:firecracker_flower_bush; No ingredients for shapeless recipe
[14May2026 05:24:00.960] [main/ERROR] [net.minecraft.world.item.crafting.RecipeManager/]: Parsing error loading recipe letsdocompat:farm_and_charm/cavebiomesdelight/frost_lily_punch: com.google.gson.JsonParseException: Unknown registry key in ResourceKey[minecraft:root / minecraft:item]: compatdelight:frost_lily_punch; Failed to parse either. First: Not a json array: {"item":"yungscavebiomes:icicle"}; Second: No key tag in MapLike[{"item":"yungscavebiomes:icicle"}]; Unknown registry key in ResourceKey[minecraft:root / minecraft:item]: yungscavebiomes:icicle; Failed to parse either. First: Not a json array: {"item":"yungscavebiomes:frost_lily"}; Second: No key tag in MapLike[{"item":"yungscavebiomes:frost_lily"}]; Unknown registry key in ResourceKey[minecraft:root / minecraft:item]: yungscavebiomes:frost_lily
[14May2026 05:24:00.963] [main/ERROR] [net.minecraft.world.item.crafting.RecipeManager/]: Parsing error loading recipe letsdocompat:farm_and_charm/legendarycreaturesdelight/colorful_berry_cookie: com.google.gson.JsonParseException: Unknown registry key in ResourceKey[minecraft:root / minecraft:item]: compatdelight:colorful_berry_cookie; Failed to parse either. First: Not a json array: {"item":"compatdelight:yellow_berry"}; Second: No key tag in MapLike[{"item":"compatdelight:yellow_berry"}]; Unknown registry key in ResourceKey[minecraft:root / minecraft:item]: compatdelight:yellow_berry; Failed to parse either. First: Not a json array: {"item":"compatdelight:purple_berry"}; Second: No key tag in MapLike[{"item":"compatdelight:purple_berry"}]; Unknown registry key in ResourceKey[minecraft:root / minecraft:item]: compatdelight:purple_berry; Failed to parse either. First: Not a json array: {"item":"compatdelight:green_berry"}; Second: No key tag in MapLike[{"item":"compatdelight:green_berry"}]; Unknown registry key in ResourceKey[minecraft:root / minecraft:item]: compatdelight:green_berry; No ingredients for shapeless recipe
[14May2026 05:24:00.967] [main/ERROR] [net.minecraft.world.item.crafting.RecipeManager/]: Parsing error loading recipe letsdocompat:farm_and_charm/hexereidelight/belladonna_berries_ice_cream: com.google.gson.JsonParseException: Unknown registry key in ResourceKey[minecraft:root / minecraft:item]: compatdelight:belladonna_berries_ice_cream; Failed to parse either. First: Not a json array: {"item":"hexerei:belladonna_berries"}; Second: No key tag in MapLike[{"item":"hexerei:belladonna_berries"}]; Unknown registry key in ResourceKey[minecraft:root / minecraft:item]: hexerei:belladonna_berries; Failed to parse either. First: Not a json array: {"item":"hexerei:belladonna_berries"}; Second: No key tag in MapLike[{"item":"hexerei:belladonna_berries"}]; Unknown registry key in ResourceKey[minecraft:root / minecraft:item]: hexerei:belladonna_berries
[14May2026 05:24:00.968] [main/ERROR] [net.minecraft.world.item.crafting.RecipeManager/]: Parsing error loading recipe letsdocompat:farm_and_charm/hexereidelight/yellow_dock_stew: com.google.gson.JsonParseException: Unknown registry key in ResourceKey[minecraft:root / minecraft:item]: compatdelight:yellow_dock_stew; Failed to parse either. First: Not a json array: {"item":"hexerei:yellow_dock_leaves"}; Second: No key tag in MapLike[{"item":"hexerei:yellow_dock_leaves"}]; Unknown registry key in ResourceKey[minecraft:root / minecraft:item]: hexerei:yellow_dock_leaves
[14May2026 05:24:00.971] [main/ERROR] [net.minecraft.world.item.crafting.RecipeManager/]: Parsing error loading recipe letsdocompat:farm_and_charm/mutantmonstersdelight/mutant_creeper_and_potatoes: com.google.gson.JsonParseException: Unknown registry key in ResourceKey[minecraft:root / minecraft:item]: compatdelight:mutant_creeper_and_potatoes; Failed to parse either. First: Not a json array: {"item":"compatdelight:mutant_enderman_meat"}; Second: No key tag in MapLike[{"item":"compatdelight:mutant_enderman_meat"}]; Unknown registry key in ResourceKey[minecraft:root / minecraft:item]: compatdelight:mutant_enderman_meat
[14May2026 05:24:00.971] [main/ERROR] [net.minecraft.world.item.crafting.RecipeManager/]: Parsing error loading recipe letsdocompat:farm_and_charm/arsnouveaudelight/source_berry_yougurt: com.google.gson.JsonParseException: Unknown registry key in ResourceKey[minecraft:root / minecraft:item]: compatdelight:source_berry_yougurt; Failed to parse either. First: Not a json array: {"item":"compatdelight:source_berry_jem"}; Second: No key tag in MapLike[{"item":"compatdelight:source_berry_jem"}]; Unknown registry key in ResourceKey[minecraft:root / minecraft:item]: compatdelight:source_berry_jem; Failed to parse either. First: Not a json array: {"item":"compatdelight:source_berry_jem"}; Second: No key tag in MapLike[{"item":"compatdelight:source_berry_jem"}]; Unknown registry key in ResourceKey[minecraft:root / minecraft:item]: compatdelight:source_berry_jem
[14May2026 05:24:00.971] [main/ERROR] [net.minecraft.world.item.crafting.RecipeManager/]: Parsing error loading recipe letsdocompat:farm_and_charm/outerenddelight/azure_berries_in_sauce: com.google.gson.JsonParseException: Unknown registry key in ResourceKey[minecraft:root / minecraft:item]: compatdelight:azure_berries_in_sauce; Failed to parse either. First: Not a json array: {"item":"outer_end:azure_berries"}; Second: No key tag in MapLike[{"item":"outer_end:azure_berries"}]; Unknown registry key in ResourceKey[minecraft:root / minecraft:item]: outer_end:azure_berries; Failed to parse either. First: Not a json array: {"item":"outer_end:azure_berries"}; Second: No key tag in MapLike[{"item":"outer_end:azure_berries"}]; Unknown registry key in ResourceKey[minecraft:root / minecraft:item]: outer_end:azure_berries; No ingredients for shapeless recipe
[14May2026 05:24:00.972] [main/ERROR] [net.minecraft.world.item.crafting.RecipeManager/]: Parsing error loading recipe letsdocompat:farm_and_charm/ecologicsdelight/prickly_pear_jem: com.google.gson.JsonParseException: Unknown registry key in ResourceKey[minecraft:root / minecraft:item]: compatdelight:prickly_pear_jem; Failed to parse either. First: Not a json array: {"item":"ecologics:cooked_prickly_pear"}; Second: No key tag in MapLike[{"item":"ecologics:cooked_prickly_pear"}]; Unknown registry key in ResourceKey[minecraft:root / minecraft:item]: ecologics:cooked_prickly_pear; Failed to parse either. First: Not a json array: {"item":"ecologics:cooked_prickly_pear"}; Second: No key tag in MapLike[{"item":"ecologics:cooked_prickly_pear"}]; Unknown registry key in ResourceKey[minecraft:root / minecraft:item]: ecologics:cooked_prickly_pear
[14May2026 05:24:00.975] [main/ERROR] [net.minecraft.world.item.crafting.RecipeManager/]: Parsing error loading recipe letsdocompat:farm_and_charm/tropicraftdelight/papaya_shake: com.google.gson.JsonParseException: Unknown registry key in ResourceKey[minecraft:root / minecraft:item]: compatdelight:papaya_shake; Failed to parse either. First: Not a json array: {"item":"compatdelight:papaya_jem"}; Second: No key tag in MapLike[{"item":"compatdelight:papaya_jem"}]; Unknown registry key in ResourceKey[minecraft:root / minecraft:item]: compatdelight:papaya_jem; Failed to parse either. First: Not a json array: {"item":"tropicraft:papaya"}; Second: No key tag in MapLike[{"item":"tropicraft:papaya"}]; Unknown registry key in ResourceKey[minecraft:root / minecraft:item]: tropicraft:papaya
[14May2026 05:24:00.976] [main/ERROR] [net.minecraft.world.item.crafting.RecipeManager/]: Parsing error loading recipe letsdocompat:farm_and_charm/mutantmonstersdelight/grilled_mutant_enderman: com.google.gson.JsonParseException: Unknown registry key in ResourceKey[minecraft:root / minecraft:item]: compatdelight:grilled_mutant_enderman; Failed to parse either. First: Not a json array: {"item":"compatdelight:mutant_enderman_meat"}; Second: No key tag in MapLike[{"item":"compatdelight:mutant_enderman_meat"}]; Unknown registry key in ResourceKey[minecraft:root / minecraft:item]: compatdelight:mutant_enderman_meat
[14May2026 05:24:00.980] [main/ERROR] [net.minecraft.world.item.crafting.RecipeManager/]: Parsing error loading recipe letsdocompat:farm_and_charm/blueskiesdelight/pine_fruit_jem: com.google.gson.JsonParseException: Unknown registry key in ResourceKey[minecraft:root / minecraft:item]: compatdelight:pine_fruit_jem; Failed to parse either. First: Not a json array: {"item":"blue_skies:pine_fruit"}; Second: No key tag in MapLike[{"item":"blue_skies:pine_fruit"}]; Unknown registry key in ResourceKey[minecraft:root / minecraft:item]: blue_skies:pine_fruit; Failed to parse either. First: Not a json array: {"item":"blue_skies:pine_fruit"}; Second: No key tag in MapLike[{"item":"blue_skies:pine_fruit"}]; Unknown registry key in ResourceKey[minecraft:root / minecraft:item]: blue_skies:pine_fruit; No ingredients for shapeless recipe
[14May2026 05:24:00.980] [main/ERROR] [net.minecraft.world.item.crafting.RecipeManager/]: Parsing error loading recipe create:smelting/silver_ingot_compat_galosphere: com.google.gson.JsonParseException: Unknown registry key in ResourceKey[minecraft:root / minecraft:item]: galosphere:silver_ingot
[14May2026 05:24:00.982] [main/ERROR] [net.minecraft.world.item.crafting.RecipeManager/]: Parsing error loading recipe letsdocompat:farm_and_charm/midnightdelight/suavis_and_stinger_egg: com.google.gson.JsonParseException: Unknown registry key in ResourceKey[minecraft:root / minecraft:item]: compatdelight:suavis_and_stinger_egg; Failed to parse either. First: Not a json array: {"item":"midnight:cooked_suavis"}; Second: No key tag in MapLike[{"item":"midnight:cooked_suavis"}]; Unknown registry key in ResourceKey[minecraft:root / minecraft:item]: midnight:cooked_suavis; Failed to parse either. First: Not a json array: {"item":"midnight:cooked_stinger_egg"}; Second: No key tag in MapLike[{"item":"midnight:cooked_stinger_egg"}]; Unknown registry key in ResourceKey[minecraft:root / minecraft:item]: midnight:cooked_stinger_egg; Failed to parse either. First: Not a json array: {"item":"midnight:cooked_stinger_egg"}; Second: No key tag in MapLike[{"item":"midnight:cooked_stinger_egg"}]; Unknown registry key in ResourceKey[minecraft:root / minecraft:item]: midnight:cooked_stinger_egg; No ingredients for shapeless recipe
[14May2026 05:24:00.983] [main/ERROR] [net.minecraft.world.item.crafting.RecipeManager/]: Parsing error loading recipe letsdocompat:farm_and_charm/bumblezonedelight/milk_in_honeycomb_block: com.google.gson.JsonParseException: Unknown registry key in ResourceKey[minecraft:root / minecraft:item]: compatdelight:milk_in_honeycomb_block; Unknown registry key in ResourceKey[minecraft:root / minecraft:item]: the_bumblezone:honey_cocoon
[14May2026 05:24:00.987] [main/ERROR] [net.minecraft.world.item.crafting.RecipeManager/]: Parsing error loading recipe letsdocompat:farm_and_charm/toughasdelight/sweet_berry_jem: com.google.gson.JsonParseException: Unknown registry key in ResourceKey[minecraft:root / minecraft:item]: compatdelight:sweet_berry_jem; Failed to parse either. First: Not a json array: {"item":"toughasnails:sweet_berry_juice"}; Second: No key tag in MapLike[{"item":"toughasnails:sweet_berry_juice"}]; Unknown registry key in ResourceKey[minecraft:root / minecraft:item]: toughasnails:sweet_berry_juice; Failed to parse either. First: Not a json array: {"item":"toughasnails:sweet_berry_juice"}; Second: No key tag in MapLike[{"item":"toughasnails:sweet_berry_juice"}]; Unknown registry key in ResourceKey[minecraft:root / minecraft:item]: toughasnails:sweet_berry_juice
[14May2026 05:24:00.989] [main/ERROR] [net.minecraft.world.item.crafting.RecipeManager/]: Parsing error loading recipe letsdocompat:farm_and_charm/mowziesdelight/frostmaw_potato: com.google.gson.JsonParseException: Unknown registry key in ResourceKey[minecraft:root / minecraft:item]: compatdelight:frostmaw_potato; Failed to parse either. First: Not a json array: {"item":"compatdelight:frostmaw_steak"}; Second: No key tag in MapLike[{"item":"compatdelight:frostmaw_steak"}]; Unknown registry key in ResourceKey[minecraft:root / minecraft:item]: compatdelight:frostmaw_steak; No ingredients for shapeless recipe
[14May2026 05:24:00.990] [main/ERROR] [net.minecraft.world.item.crafting.RecipeManager/]: Parsing error loading recipe letsdocompat:farm_and_charm/malumdelight/flux_shake: com.google.gson.JsonParseException: Unknown registry key in ResourceKey[minecraft:root / minecraft:item]: compatdelight:flux_shake; Failed to parse either. First: Not a json array: {"item":"malum:warp_flux"}; Second: No key tag in MapLike[{"item":"malum:warp_flux"}]; Unknown registry key in ResourceKey[minecraft:root / minecraft:item]: malum:warp_flux; Failed to parse either. First: Not a json array: {"item":"malum:warp_flux"}; Second: No key tag in MapLike[{"item":"malum:warp_flux"}]; Unknown registry key in ResourceKey[minecraft:root / minecraft:item]: malum:warp_flux
[14May2026 05:24:00.991] [main/ERROR] [net.minecraft.world.item.crafting.RecipeManager/]: Parsing error loading recipe letsdocompat:farm_and_charm/malumdelight/runic_jam_glazed_living_flesh: com.google.gson.JsonParseException: Unknown registry key in ResourceKey[minecraft:root / minecraft:item]: compatdelight:runic_jam_glazed_living_flesh; Failed to parse either. First: Not a json array: {"item":"compatdelight:soulwood_leaf"}; Second: No key tag in MapLike[{"item":"compatdelight:soulwood_leaf"}]; Unknown registry key in ResourceKey[minecraft:root / minecraft:item]: compatdelight:soulwood_leaf; Failed to parse either. First: Not a json array: {"item":"compatdelight:runic_sapball_jam"}; Second: No key tag in MapLike[{"item":"compatdelight:runic_sapball_jam"}]; Unknown registry key in ResourceKey[minecraft:root / minecraft:item]: compatdelight:runic_sapball_jam; Failed to parse either. First: Not a json array: {"item":"malum:living_flesh"}; Second: No key tag in MapLike[{"item":"malum:living_flesh"}]; Unknown registry key in ResourceKey[minecraft:root / minecraft:item]: malum:living_flesh; No ingredients for shapeless recipe
[14May2026 05:24:00.992] [main/ERROR] [net.minecraft.world.item.crafting.RecipeManager/]: Parsing error loading recipe letsdocompat:farm_and_charm/enlightenddelight/stalker_roll: com.google.gson.JsonParseException: Unknown registry key in ResourceKey[minecraft:root / minecraft:item]: compatdelight:stalker_roll; Failed to parse either. First: Not a json array: {"item":"enlightened_end:raw_stalker"}; Second: No key tag in MapLike[{"item":"enlightened_end:raw_stalker"}]; Unknown registry key in ResourceKey[minecraft:root / minecraft:item]: enlightened_end:raw_stalker
[14May2026 05:24:00.994] [main/ERROR] [net.minecraft.world.item.crafting.RecipeManager/]: Parsing error loading recipe letsdocompat:farm_and_charm/palegardendelight/resin_dumplings: com.google.gson.JsonParseException: Unknown registry key in ResourceKey[minecraft:root / minecraft:item]: compatdelight:resin_dumplings; Failed to parse either. First: Not a json array: {"item":"compatdelight:resin_jem"}; Second: No key tag in MapLike[{"item":"compatdelight:resin_jem"}]; Unknown registry key in ResourceKey[minecraft:root / minecraft:item]: compatdelight:resin_jem
[14May2026 05:24:00.997] [main/ERROR] [net.minecraft.world.item.crafting.RecipeManager/]: Parsing error loading recipe letsdocompat:farm_and_charm/draconicevolutiondelight/draconium_sauce: com.google.gson.JsonParseException: Unknown registry key in ResourceKey[minecraft:root / minecraft:item]: compatdelight:draconium_sauce; Failed to parse either. First: Not a json array: {"item":"draconicevolution:draconium_dust"}; Second: No key tag in MapLike[{"item":"draconicevolution:draconium_dust"}]; Unknown registry key in ResourceKey[minecraft:root / minecraft:item]: draconicevolution:draconium_dust; Failed to parse either. First: Not a json array: {"item":"draconicevolution:draconium_dust"}; Second: No key tag in MapLike[{"item":"draconicevolution:draconium_dust"}]; Unknown registry key in ResourceKey[minecraft:root / minecraft:item]: draconicevolution:draconium_dust; No ingredients for shapeless recipe
[14May2026 05:24:01.000] [main/ERROR] [net.minecraft.world.item.crafting.RecipeManager/]: Parsing error loading recipe letsdocompat:farm_and_charm/occultismdelight/datura_oil: com.google.gson.JsonParseException: Unknown registry key in ResourceKey[minecraft:root / minecraft:item]: compatdelight:datura_oil; Failed to parse either. First: Not a json array: {"item":"occultism:datura_seeds"}; Second: No key tag in MapLike[{"item":"occultism:datura_seeds"}]; Unknown registry key in ResourceKey[minecraft:root / minecraft:item]: occultism:datura_seeds; Failed to parse either. First: Not a json array: {"item":"occultism:datura_seeds"}; Second: No key tag in MapLike[{"item":"occultism:datura_seeds"}]; Unknown registry key in ResourceKey[minecraft:root / minecraft:item]: occultism:datura_seeds; No ingredients for shapeless recipe
[14May2026 05:24:01.004] [main/ERROR] [net.minecraft.world.item.crafting.RecipeManager/]: Parsing error loading recipe letsdocompat:farm_and_charm/blueskiesdelight/crescent_jem: com.google.gson.JsonParseException: Unknown registry key in ResourceKey[minecraft:root / minecraft:item]: compatdelight:crescent_jem; Failed to parse either. First: Not a json array: {"item":"blue_skies:crescent_fruit"}; Second: No key tag in MapLike[{"item":"blue_skies:crescent_fruit"}]; Unknown registry key in ResourceKey[minecraft:root / minecraft:item]: blue_skies:crescent_fruit; Failed to parse either. First: Not a json array: {"item":"blue_skies:crescent_fruit"}; Second: No key tag in MapLike[{"item":"blue_skies:crescent_fruit"}]; Unknown registry key in ResourceKey[minecraft:root / minecraft:item]: blue_skies:crescent_fruit
[14May2026 05:24:01.007] [main/ERROR] [net.minecraft.world.item.crafting.RecipeManager/]: Parsing error loading recipe letsdocompat:farm_and_charm/netherificdelight/ectoplasm_stew: com.google.gson.JsonParseException: Unknown registry key in ResourceKey[minecraft:root / minecraft:item]: compatdelight:ectoplasm_stew; Failed to parse either. First: Not a json array: {"item":"compatdelight:ectoplasm_jem"}; Second: No key tag in MapLike[{"item":"compatdelight:ectoplasm_jem"}]; Unknown registry key in ResourceKey[minecraft:root / minecraft:item]: compatdelight:ectoplasm_jem; Failed to parse either. First: Not a json array: {"item":"compatdelight:ectoplasm_jem"}; Second: No key tag in MapLike[{"item":"compatdelight:ectoplasm_jem"}]; Unknown registry key in ResourceKey[minecraft:root / minecraft:item]: compatdelight:ectoplasm_jem; No ingredients for shapeless recipe
[14May2026 05:24:01.010] [main/ERROR] [net.minecraft.world.item.crafting.RecipeManager/]: Parsing error loading recipe letsdocompat:farm_and_charm/conjurerdelight/bouncy_shake: com.google.gson.JsonParseException: Unknown registry key in ResourceKey[minecraft:root / minecraft:item]: compatdelight:bouncy_shake; Failed to parse either. First: Not a json array: {"item":"conjurer_illager:throwable_ball"}; Second: No key tag in MapLike[{"item":"conjurer_illager:throwable_ball"}]; Unknown registry key in ResourceKey[minecraft:root / minecraft:item]: conjurer_illager:throwable_ball
[14May2026 05:24:01.011] [main/ERROR] [net.minecraft.world.item.crafting.RecipeManager/]: Parsing error loading recipe letsdocompat:farm_and_charm/enigmaticlegacydelight/astral_ice_cream: com.google.gson.JsonParseException: Unknown registry key in ResourceKey[minecraft:root / minecraft:item]: compatdelight:astral_ice_cream; Failed to parse either. First: Not a json array: {"item":"enigmaticlegacy:astral_dust"}; Second: No key tag in MapLike[{"item":"enigmaticlegacy:astral_dust"}]; Unknown registry key in ResourceKey[minecraft:root / minecraft:item]: enigmaticlegacy:astral_dust; Failed to parse either. First: Not a json array: {"item":"enigmaticlegacy:astral_dust"}; Second: No key tag in MapLike[{"item":"enigmaticlegacy:astral_dust"}]; Unknown registry key in ResourceKey[minecraft:root / minecraft:item]: enigmaticlegacy:astral_dust
[14May2026 05:24:01.014] [main/ERROR] [net.minecraft.world.item.crafting.RecipeManager/]: Parsing error loading recipe letsdocompat:farm_and_charm/tropicraftdelight/grapefruit_juice: com.google.gson.JsonParseException: Unknown registry key in ResourceKey[minecraft:root / minecraft:item]: compatdelight:grapefruit_juice; Failed to parse either. First: Not a json array: {"item":"compatdelight:grapefruit_jem"}; Second: No key tag in MapLike[{"item":"compatdelight:grapefruit_jem"}]; Unknown registry key in ResourceKey[minecraft:root / minecraft:item]: compatdelight:grapefruit_jem; Failed to parse either. First: Not a json array: {"item":"compatdelight:grapefruit_jem"}; Second: No key tag in MapLike[{"item":"compatdelight:grapefruit_jem"}]; Unknown registry key in ResourceKey[minecraft:root / minecraft:item]: compatdelight:grapefruit_jem
[14May2026 05:24:01.018] [main/ERROR] [net.minecraft.world.item.crafting.RecipeManager/]: Parsing error loading recipe letsdocompat:farm_and_charm/legendarycreaturesdelight/cooked_nether_wisp_pollen: com.google.gson.JsonParseException: Unknown registry key in ResourceKey[minecraft:root / minecraft:item]: compatdelight:cooked_nether_wisp_pollen; Failed to parse either. First: Not a json array: {"item":"compatdelight:nether_wisp_pollen"}; Second: No key tag in MapLike[{"item":"compatdelight:nether_wisp_pollen"}]; Unknown registry key in ResourceKey[minecraft:root / minecraft:item]: compatdelight:nether_wisp_pollen; No ingredients for shapeless recipe
[14May2026 05:24:01.019] [main/ERROR] [net.minecraft.world.item.crafting.RecipeManager/]: Parsing error loading recipe letsdocompat:farm_and_charm/midnightdelight/nightshroom_apple: com.google.gson.JsonParseException: Unknown registry key in ResourceKey[minecraft:root / minecraft:item]: compatdelight:nightshroom_apple; Failed to parse either. First: Not a json array: {"item":"midnight:nightshroom_powder"}; Second: No key tag in MapLike[{"item":"midnight:nightshroom_powder"}]; Unknown registry key in ResourceKey[minecraft:root / minecraft:item]: midnight:nightshroom_powder; No ingredients for shapeless recipe
[14May2026 05:24:01.020] [main/ERROR] [net.minecraft.world.item.crafting.RecipeManager/]: Parsing error loading recipe letsdocompat:farm_and_charm/ecologicsdelight/prickly_pear_pie: com.google.gson.JsonParseException: Unknown registry key in ResourceKey[minecraft:root / minecraft:item]: compatdelight:prickly_pear_pie; Failed to parse either. First: Not a json array: {"item":"compatdelight:prickly_pear_jem"}; Second: No key tag in MapLike[{"item":"compatdelight:prickly_pear_jem"}]; Unknown registry key in ResourceKey[minecraft:root / minecraft:item]: compatdelight:prickly_pear_jem; No ingredients for shapeless recipe
[14May2026 05:24:01.022] [main/ERROR] [net.minecraft.world.item.crafting.RecipeManager/]: Parsing error loading recipe letsdocompat:farm_and_charm/ironsspellsdelight/cinder_dragonskin_stew: com.google.gson.JsonParseException: Unknown registry key in ResourceKey[minecraft:root / minecraft:item]: compatdelight:cinder_dragonskin_stew; Unknown registry key in ResourceKey[minecraft:root / minecraft:item]: compatdelight:dragonskin_bowl; Failed to parse either. First: Not a json array: {"item":"irons_spellbooks:cinder_essence"}; Second: No key tag in MapLike[{"item":"irons_spellbooks:cinder_essence"}]; Unknown registry key in ResourceKey[minecraft:root / minecraft:item]: irons_spellbooks:cinder_essence; Failed to parse either. First: Not a json array: {"item":"irons_spellbooks:cinder_essence"}; Second: No key tag in MapLike[{"item":"irons_spellbooks:cinder_essence"}]; Unknown registry key in ResourceKey[minecraft:root / minecraft:item]: irons_spellbooks:cinder_essence; Failed to parse either. First: Not a json array: {"item":"irons_spellbooks:cinder_essence"}; Second: No key tag in MapLike[{"item":"irons_spellbooks:cinder_essence"}]; Unknown registry key in ResourceKey[minecraft:root / minecraft:item]: irons_spellbooks:cinder_essence; No ingredients for shapeless recipe
[14May2026 05:24:01.023] [main/ERROR] [net.minecraft.world.item.crafting.RecipeManager/]: Parsing error loading recipe letsdocompat:farm_and_charm/evilcraftdelight/dark_jem: com.google.gson.JsonParseException: Unknown registry key in ResourceKey[minecraft:root / minecraft:item]: compatdelight:dark_jem; Failed to parse either. First: Not a json array: {"item":"evilcraft:dark_gem_crushed"}; Second: No key tag in MapLike[{"item":"evilcraft:dark_gem_crushed"}]; Unknown registry key in ResourceKey[minecraft:root / minecraft:item]: evilcraft:dark_gem_crushed; Failed to parse either. First: Not a json array: {"item":"evilcraft:dark_gem_crushed"}; Second: No key tag in MapLike[{"item":"evilcraft:dark_gem_crushed"}]; Unknown registry key in ResourceKey[minecraft:root / minecraft:item]: evilcraft:dark_gem_crushed
[14May2026 05:24:01.023] [main/ERROR] [net.minecraft.world.item.crafting.RecipeManager/]: Parsing error loading recipe letsdocompat:farm_and_charm/biomesoplentydelight/rose_quartz_shake: com.google.gson.JsonParseException: Unknown registry key in ResourceKey[minecraft:root / minecraft:item]: compatdelight:rose_quartz_shake; Failed to parse either. First: Not a json array: {"item":"biomesoplenty:rose_quartz_chunk"}; Second: No key tag in MapLike[{"item":"biomesoplenty:rose_quartz_chunk"}]; Unknown registry key in ResourceKey[minecraft:root / minecraft:item]: biomesoplenty:rose_quartz_chunk; Failed to parse either. First: Not a json array: {"item":"biomesoplenty:rose_quartz_chunk"}; Second: No key tag in MapLike[{"item":"biomesoplenty:rose_quartz_chunk"}]; Unknown registry key in ResourceKey[minecraft:root / minecraft:item]: biomesoplenty:rose_quartz_chunk
[14May2026 05:24:01.023] [main/ERROR] [net.minecraft.world.item.crafting.RecipeManager/]: Parsing error loading recipe letsdocompat:farm_and_charm/blueskiesdelight/cryo_root_jem: com.google.gson.JsonParseException: Unknown registry key in ResourceKey[minecraft:root / minecraft:item]: compatdelight:cryo_root_jem; Failed to parse either. First: Not a json array: {"item":"blue_skies:cryo_root"}; Second: No key tag in MapLike[{"item":"blue_skies:cryo_root"}]; Unknown registry key in ResourceKey[minecraft:root / minecraft:item]: blue_skies:cryo_root; Failed to parse either. First: Not a json array: {"item":"blue_skies:cryo_root"}; Second: No key tag in MapLike[{"item":"blue_skies:cryo_root"}]; Unknown registry key in ResourceKey[minecraft:root / minecraft:item]: blue_skies:cryo_root
[14May2026 05:24:01.025] [main/ERROR] [net.minecraft.world.item.crafting.RecipeManager/]: Parsing error loading recipe letsdocompat:farm_and_charm/supplementariesdelight/candy_jem: com.google.gson.JsonParseException: Unknown registry key in ResourceKey[minecraft:root / minecraft:item]: compatdelight:candy_jem; Failed to parse either. First: Not a json array: {"item":"supplementaries:candy"}; Second: No key tag in MapLike[{"item":"supplementaries:candy"}]; Unknown registry key in ResourceKey[minecraft:root / minecraft:item]: supplementaries:candy; Failed to parse either. First: Not a json array: {"item":"supplementaries:candy"}; Second: No key tag in MapLike[{"item":"supplementaries:candy"}]; Unknown registry key in ResourceKey[minecraft:root / minecraft:item]: supplementaries:candy
[14May2026 05:24:01.031] [main/ERROR] [net.minecraft.world.item.crafting.RecipeManager/]: Parsing error loading recipe letsdocompat:farm_and_charm/legendarycreaturesdelight/nether_wisp_pollen_cookie: com.google.gson.JsonParseException: Unknown registry key in ResourceKey[minecraft:root / minecraft:item]: compatdelight:nether_wisp_pollen_cookie; Failed to parse either. First: Not a json array: {"item":"compatdelight:nether_wisp_pollen"}; Second: No key tag in MapLike[{"item":"compatdelight:nether_wisp_pollen"}]; Unknown registry key in ResourceKey[minecraft:root / minecraft:item]: compatdelight:nether_wisp_pollen; No ingredients for shapeless recipe
[14May2026 05:24:01.032] [main/ERROR] [net.minecraft.world.item.crafting.RecipeManager/]: Parsing error loading recipe letsdocompat:farm_and_charm/adastradelight/aeronos_mushroom_stew: com.google.gson.JsonParseException: Unknown registry key in ResourceKey[minecraft:root / minecraft:item]: compatdelight:aeronos_mushroom_stew; Failed to parse either. First: Not a json array: {"item":"ad_astra:aeronos_mushroom"}; Second: No key tag in MapLike[{"item":"ad_astra:aeronos_mushroom"}]; Unknown registry key in ResourceKey[minecraft:root / minecraft:item]: ad_astra:aeronos_mushroom; Failed to parse either. First: Not a json array: {"item":"ad_astra:aeronos_mushroom"}; Second: No key tag in MapLike[{"item":"ad_astra:aeronos_mushroom"}]; Unknown registry key in ResourceKey[minecraft:root / minecraft:item]: ad_astra:aeronos_mushroom
[14May2026 05:24:01.033] [main/ERROR] [net.minecraft.world.item.crafting.RecipeManager/]: Parsing error loading recipe letsdocompat:farm_and_charm/evilcraftdelight/lightning_crenade_jem: com.google.gson.JsonParseException: Unknown registry key in ResourceKey[minecraft:root / minecraft:item]: compatdelight:lightning_crenade_jem; Failed to parse either. First: Not a json array: {"item":"evilcraft:lightning_grenade"}; Second: No key tag in MapLike[{"item":"evilcraft:lightning_grenade"}]; Unknown registry key in ResourceKey[minecraft:root / minecraft:item]: evilcraft:lightning_grenade; Failed to parse either. First: Not a json array: {"item":"evilcraft:lightning_grenade"}; Second: No key tag in MapLike[{"item":"evilcraft:lightning_grenade"}]; Unknown registry key in ResourceKey[minecraft:root / minecraft:item]: evilcraft:lightning_grenade
[14May2026 05:24:01.041] [main/ERROR] [net.minecraft.world.item.crafting.RecipeManager/]: Parsing error loading recipe letsdocompat:farm_and_charm/outerenddelight/mint_crystalline_berries_shake: com.google.gson.JsonParseException: Unknown registry key in ResourceKey[minecraft:root / minecraft:item]: compatdelight:mint_crystalline_berries_shake; Failed to parse either. First: Not a json array: {"item":"compatdelight:mint_crystalline_berries_jem"}; Second: No key tag in MapLike[{"item":"compatdelight:mint_crystalline_berries_jem"}]; Unknown registry key in ResourceKey[minecraft:root / minecraft:item]: compatdelight:mint_crystalline_berries_jem; Failed to parse either. First: Not a json array: {"item":"compatdelight:mint_crystalline_berries_jem"}; Second: No key tag in MapLike[{"item":"compatdelight:mint_crystalline_berries_jem"}]; Unknown registry key in ResourceKey[minecraft:root / minecraft:item]: compatdelight:mint_crystalline_berries_jem
[14May2026 05:24:01.042] [main/ERROR] [net.minecraft.world.item.crafting.RecipeManager/]: Parsing error loading recipe letsdocompat:farm_and_charm/outerenddelight/rose_crystalline_berries_shake: com.google.gson.JsonParseException: Unknown registry key in ResourceKey[minecraft:root / minecraft:item]: compatdelight:rose_crystalline_berries_shake; Failed to parse either. First: Not a json array: {"item":"compatdelight:rose_crystalline_berries_jem"}; Second: No key tag in MapLike[{"item":"compatdelight:rose_crystalline_berries_jem"}]; Unknown registry key in ResourceKey[minecraft:root / minecraft:item]: compatdelight:rose_crystalline_berries_jem; Failed to parse either. First: Not a json array: {"item":"compatdelight:rose_crystalline_berries_jem"}; Second: No key tag in MapLike[{"item":"compatdelight:rose_crystalline_berries_jem"}]; Unknown registry key in ResourceKey[minecraft:root / minecraft:item]: compatdelight:rose_crystalline_berries_jem
[14May2026 05:24:01.046] [main/ERROR] [net.minecraft.world.item.crafting.RecipeManager/]: Parsing error loading recipe letsdocompat:farm_and_charm/otbwgdelight/firecracker_ice_cream: com.google.gson.JsonParseException: Unknown registry key in ResourceKey[minecraft:root / minecraft:item]: compatdelight:firecracker_ice_cream; Failed to parse either. First: Not a json array: {"item":"biomeswevegone:firecracker_flower_bush"}; Second: No key tag in MapLike[{"item":"biomeswevegone:firecracker_flower_bush"}]; Unknown registry key in ResourceKey[minecraft:root / minecraft:item]: biomeswevegone:firecracker_flower_bush; Failed to parse either. First: Not a json array: {"item":"biomeswevegone:firecracker_flower_bush"}; Second: No key tag in MapLike[{"item":"biomeswevegone:firecracker_flower_bush"}]; Unknown registry key in ResourceKey[minecraft:root / minecraft:item]: biomeswevegone:firecracker_flower_bush
[14May2026 05:24:01.047] [main/ERROR] [net.minecraft.world.item.crafting.RecipeManager/]: Parsing error loading recipe letsdocompat:farm_and_charm/enlightenddelight/stalker_stew: com.google.gson.JsonParseException: Unknown registry key in ResourceKey[minecraft:root / minecraft:item]: compatdelight:stalker_stew; Failed to parse either. First: Not a json array: {"item":"enlightened_end:cooked_stalker"}; Second: No key tag in MapLike[{"item":"enlightened_end:cooked_stalker"}]; Unknown registry key in ResourceKey[minecraft:root / minecraft:item]: enlightened_end:cooked_stalker
[14May2026 05:24:01.048] [main/ERROR] [net.minecraft.world.item.crafting.RecipeManager/]: Parsing error loading recipe letsdocompat:farm_and_charm/apotheosisdelight/gem_ice_cream: com.google.gson.JsonParseException: Unknown registry key in ResourceKey[minecraft:root / minecraft:item]: compatdelight:gem_ice_cream; Failed to parse either. First: Not a json array: {"item":"apotheosis:warden_tendril"}; Second: No key tag in MapLike[{"item":"apotheosis:warden_tendril"}]; Unknown registry key in ResourceKey[minecraft:root / minecraft:item]: apotheosis:warden_tendril; Failed to parse either. First: Not a json array: {"item":"apotheosis:warden_tendril"}; Second: No key tag in MapLike[{"item":"apotheosis:warden_tendril"}]; Unknown registry key in ResourceKey[minecraft:root / minecraft:item]: apotheosis:warden_tendril
[14May2026 05:24:01.049] [main/ERROR] [net.minecraft.world.item.crafting.RecipeManager/]: Parsing error loading recipe letsdocompat:farm_and_charm/ironsspellsdelight/lightning_shake: com.google.gson.JsonParseException: Unknown registry key in ResourceKey[minecraft:root / minecraft:item]: compatdelight:lightning_shake; Failed to parse either. First: Not a json array: {"item":"compatdelight:lightning_jem"}; Second: No key tag in MapLike[{"item":"compatdelight:lightning_jem"}]; Unknown registry key in ResourceKey[minecraft:root / minecraft:item]: compatdelight:lightning_jem
[14May2026 05:24:01.051] [main/ERROR] [net.minecraft.world.item.crafting.RecipeManager/]: Parsing error loading recipe letsdocompat:farm_and_charm/ironsspellsdelight/arcane_shake: com.google.gson.JsonParseException: Unknown registry key in ResourceKey[minecraft:root / minecraft:item]: compatdelight:arcane_shake; Failed to parse either. First: Not a json array: {"item":"irons_spellbooks:arcane_essence"}; Second: No key tag in MapLike[{"item":"irons_spellbooks:arcane_essence"}]; Unknown registry key in ResourceKey[minecraft:root / minecraft:item]: irons_spellbooks:arcane_essence; Failed to parse either. First: Not a json array: {"item":"irons_spellbooks:arcane_essence"}; Second: No key tag in MapLike[{"item":"irons_spellbooks:arcane_essence"}]; Unknown registry key in ResourceKey[minecraft:root / minecraft:item]: irons_spellbooks:arcane_essence
[14May2026 05:24:01.051] [main/ERROR] [net.minecraft.world.item.crafting.RecipeManager/]: Parsing error loading recipe letsdocompat:farm_and_charm/adastradelight/mix_astra_block: com.google.gson.JsonParseException: Unknown registry key in ResourceKey[minecraft:root / minecraft:item]: compatdelight:mix_astra_block; Failed to parse either. First: Not a json array: {"item":"ad_astra:ice_shard"}; Second: No key tag in MapLike[{"item":"ad_astra:ice_shard"}]; Unknown registry key in ResourceKey[minecraft:root / minecraft:item]: ad_astra:ice_shard; Failed to parse either. First: Not a json array: {"item":"ad_astra:strophar_mushroom"}; Second: No key tag in MapLike[{"item":"ad_astra:strophar_mushroom"}]; Unknown registry key in ResourceKey[minecraft:root / minecraft:item]: ad_astra:strophar_mushroom; Failed to parse either. First: Not a json array: {"item":"compatdelight:cheese_cube"}; Second: No key tag in MapLike[{"item":"compatdelight:cheese_cube"}]; Unknown registry key in ResourceKey[minecraft:root / minecraft:item]: compatdelight:cheese_cube; Failed to parse either. First: Not a json array: {"item":"compatdelight:cooked_martian_raptor_meat"}; Second: No key tag in MapLike[{"item":"compatdelight:cooked_martian_raptor_meat"}]; Unknown registry key in ResourceKey[minecraft:root / minecraft:item]: compatdelight:cooked_martian_raptor_meat; Failed to parse either. First: Not a json array: {"item":"compatdelight:cooked_martian_raptor_meat"}; Second: No key tag in MapLike[{"item":"compatdelight:cooked_martian_raptor_meat"}]; Unknown registry key in ResourceKey[minecraft:root / minecraft:item]: compatdelight:cooked_martian_raptor_meat; No ingredients for shapeless recipe
[14May2026 05:24:01.053] [main/ERROR] [net.minecraft.world.item.crafting.RecipeManager/]: Parsing error loading recipe letsdocompat:farm_and_charm/apotheosisdelight/infused_pumpkin_block: com.google.gson.JsonParseException: Unknown registry key in ResourceKey[minecraft:root / minecraft:item]: compatdelight:infused_pumpkin_block; Failed to parse either. First: Not a json array: {"item":"apotheosis:infused_breath"}; Second: No key tag in MapLike[{"item":"apotheosis:infused_breath"}]; Unknown registry key in ResourceKey[minecraft:root / minecraft:item]: apotheosis:infused_breath; Failed to parse either. First: Not a json array: {"item":"apotheosis:infused_breath"}; Second: No key tag in MapLike[{"item":"apotheosis:infused_breath"}]; Unknown registry key in ResourceKey[minecraft:root / minecraft:item]: apotheosis:infused_breath; Failed to parse either. First: Not a json array: {"item":"apotheosis:infused_breath"}; Second: No key tag in MapLike[{"item":"apotheosis:infused_breath"}]; Unknown registry key in ResourceKey[minecraft:root / minecraft:item]: apotheosis:infused_breath; No ingredients for shapeless recipe
[14May2026 05:24:01.060] [main/ERROR] [net.minecraft.world.item.crafting.RecipeManager/]: Parsing error loading recipe letsdocompat:farm_and_charm/hexereidelight/mandrake_root_rice: com.google.gson.JsonParseException: Unknown registry key in ResourceKey[minecraft:root / minecraft:item]: compatdelight:mandrake_root_rice; Failed to parse either. First: Not a json array: {"item":"hexerei:mandrake_root"}; Second: No key tag in MapLike[{"item":"hexerei:mandrake_root"}]; Unknown registry key in ResourceKey[minecraft:root / minecraft:item]: hexerei:mandrake_root; Failed to parse either. First: Not a json array: {"item":"hexerei:mandrake_root"}; Second: No key tag in MapLike[{"item":"hexerei:mandrake_root"}]; Unknown registry key in ResourceKey[minecraft:root / minecraft:item]: hexerei:mandrake_root; Failed to parse either. First: Not a json array: {"item":"hexerei:mandrake_root"}; Second: No key tag in MapLike[{"item":"hexerei:mandrake_root"}]; Unknown registry key in ResourceKey[minecraft:root / minecraft:item]: hexerei:mandrake_root
[14May2026 05:24:01.062] [main/ERROR] [net.minecraft.world.item.crafting.RecipeManager/]: Parsing error loading recipe brewinandchewin:fermenting/ghast_sourdough: com.google.gson.JsonParseException: Unknown registry key in ResourceKey[minecraft:root / minecraft:recipe_serializer]: brewinandchewin:fermenting
[14May2026 05:24:01.068] [main/ERROR] [net.minecraft.world.item.crafting.RecipeManager/]: Parsing error loading recipe letsdocompat:farm_and_charm/enigmaticlegacydelight/astral_fruit_cider: com.google.gson.JsonParseException: Unknown registry key in ResourceKey[minecraft:root / minecraft:item]: compatdelight:astral_fruit_cider; Failed to parse either. First: Not a json array: {"item":"enigmaticlegacy:astral_fruit"}; Second: No key tag in MapLike[{"item":"enigmaticlegacy:astral_fruit"}]; Unknown registry key in ResourceKey[minecraft:root / minecraft:item]: enigmaticlegacy:astral_fruit; Failed to parse either. First: Not a json array: {"item":"enigmaticlegacy:astral_fruit"}; Second: No key tag in MapLike[{"item":"enigmaticlegacy:astral_fruit"}]; Unknown registry key in ResourceKey[minecraft:root / minecraft:item]: enigmaticlegacy:astral_fruit
[14May2026 05:24:01.070] [main/ERROR] [net.minecraft.world.item.crafting.RecipeManager/]: Parsing error loading recipe letsdocompat:farm_and_charm/ironsspellsdelight/permafrost_stew: com.google.gson.JsonParseException: Unknown registry key in ResourceKey[minecraft:root / minecraft:item]: compatdelight:permafrost_stew; Failed to parse either. First: Not a json array: {"item":"irons_spellbooks:permafrost_shard"}; Second: No key tag in MapLike[{"item":"irons_spellbooks:permafrost_shard"}]; Unknown registry key in ResourceKey[minecraft:root / minecraft:item]: irons_spellbooks:permafrost_shard; Failed to parse either. First: Not a json array: {"item":"irons_spellbooks:permafrost_shard"}; Second: No key tag in MapLike[{"item":"irons_spellbooks:permafrost_shard"}]; Unknown registry key in ResourceKey[minecraft:root / minecraft:item]: irons_spellbooks:permafrost_shard
[14May2026 05:24:01.075] [main/ERROR] [net.minecraft.world.item.crafting.RecipeManager/]: Parsing error loading recipe letsdocompat:farm_and_charm/ironsspellsdelight/lightning_jem: com.google.gson.JsonParseException: Unknown registry key in ResourceKey[minecraft:root / minecraft:item]: compatdelight:lightning_jem; Failed to parse either. First: Not a json array: {"item":"irons_spellbooks:lightning_bottle"}; Second: No key tag in MapLike[{"item":"irons_spellbooks:lightning_bottle"}]; Unknown registry key in ResourceKey[minecraft:root / minecraft:item]: irons_spellbooks:lightning_bottle
[14May2026 05:24:01.081] [main/ERROR] [net.minecraft.world.item.crafting.RecipeManager/]: Parsing error loading recipe letsdocompat:farm_and_charm/otbwgdelight/cattails_custard: com.google.gson.JsonParseException: Unknown registry key in ResourceKey[minecraft:root / minecraft:item]: compatdelight:cattails_custard; Failed to parse either. First: Not a json array: {"item":"biomeswevegone:cattail_sprout"}; Second: No key tag in MapLike[{"item":"biomeswevegone:cattail_sprout"}]; Unknown registry key in ResourceKey[minecraft:root / minecraft:item]: biomeswevegone:cattail_sprout; Failed to parse either. First: Not a json array: {"item":"biomeswevegone:cattail_sprout"}; Second: No key tag in MapLike[{"item":"biomeswevegone:cattail_sprout"}]; Unknown registry key in ResourceKey[minecraft:root / minecraft:item]: biomeswevegone:cattail_sprout
[14May2026 05:24:01.084] [main/ERROR] [net.minecraft.world.item.crafting.RecipeManager/]: Parsing error loading recipe letsdocompat:farm_and_charm/mowziesdelight/marinated_naga_heart: com.google.gson.JsonParseException: Unknown registry key in ResourceKey[minecraft:root / minecraft:item]: compatdelight:marinated_naga_heart_block; Failed to parse either. First: Not a json array: {"item":"compatdelight:naga_heart"}; Second: No key tag in MapLike[{"item":"compatdelight:naga_heart"}]; Unknown registry key in ResourceKey[minecraft:root / minecraft:item]: compatdelight:naga_heart
[14May2026 05:24:01.086] [main/ERROR] [net.minecraft.world.item.crafting.RecipeManager/]: Parsing error loading recipe letsdocompat:farm_and_charm/cyclicdelight/diamond_carrot_ice_cream: com.google.gson.JsonParseException: Unknown registry key in ResourceKey[minecraft:root / minecraft:item]: compatdelight:diamond_carrot_ice_cream
[14May2026 05:24:01.087] [main/ERROR] [net.minecraft.world.item.crafting.RecipeManager/]: Parsing error loading recipe letsdocompat:farm_and_charm/ironsspellsdelight/arcane_essence_stew: com.google.gson.JsonParseException: Unknown registry key in ResourceKey[minecraft:root / minecraft:item]: compatdelight:arcane_essence_stew; Failed to parse either. First: Not a json array: {"item":"irons_spellbooks:arcane_essence"}; Second: No key tag in MapLike[{"item":"irons_spellbooks:arcane_essence"}]; Unknown registry key in ResourceKey[minecraft:root / minecraft:item]: irons_spellbooks:arcane_essence; Failed to parse either. First: Not a json array: {"item":"irons_spellbooks:arcane_essence"}; Second: No key tag in MapLike[{"item":"irons_spellbooks:arcane_essence"}]; Unknown registry key in ResourceKey[minecraft:root / minecraft:item]: irons_spellbooks:arcane_essence; Failed to parse either. First: Not a json array: {"item":"irons_spellbooks:arcane_essence"}; Second: No key tag in MapLike[{"item":"irons_spellbooks:arcane_essence"}]; Unknown registry key in ResourceKey[minecraft:root / minecraft:item]: irons_spellbooks:arcane_essence; No ingredients for shapeless recipe
[14May2026 05:24:01.092] [main/ERROR] [net.minecraft.world.item.crafting.RecipeManager/]: Parsing error loading recipe letsdocompat:farm_and_charm/outerenddelight/cobalt_crystalline_berries_shake: com.google.gson.JsonParseException: Unknown registry key in ResourceKey[minecraft:root / minecraft:item]: compatdelight:cobalt_crystalline_berries_shake; Failed to parse either. First: Not a json array: {"item":"compatdelight:cobalt_crystalline_berries_jem"}; Second: No key tag in MapLike[{"item":"compatdelight:cobalt_crystalline_berries_jem"}]; Unknown registry key in ResourceKey[minecraft:root / minecraft:item]: compatdelight:cobalt_crystalline_berries_jem; Failed to parse either. First: Not a json array: {"item":"compatdelight:cobalt_crystalline_berries_jem"}; Second: No key tag in MapLike[{"item":"compatdelight:cobalt_crystalline_berries_jem"}]; Unknown registry key in ResourceKey[minecraft:root / minecraft:item]: compatdelight:cobalt_crystalline_berries_jem
[14May2026 05:24:01.093] [main/ERROR] [net.minecraft.world.item.crafting.RecipeManager/]: Parsing error loading recipe letsdocompat:farm_and_charm/mowziesdelight/naga_soup: com.google.gson.JsonParseException: Unknown registry key in ResourceKey[minecraft:root / minecraft:item]: compatdelight:naga_soup; Failed to parse either. First: Not a json array: {"item":"compatdelight:cooked_naga_meat"}; Second: No key tag in MapLike[{"item":"compatdelight:cooked_naga_meat"}]; Unknown registry key in ResourceKey[minecraft:root / minecraft:item]: compatdelight:cooked_naga_meat
[14May2026 05:24:01.096] [main/ERROR] [net.minecraft.world.item.crafting.RecipeManager/]: Parsing error loading recipe compatdelight:regionsunexploreddelight/icicle_knife: com.google.gson.JsonParseException: Unknown registry key in ResourceKey[minecraft:root / minecraft:item]: compatdelight:icicle_knife
[14May2026 05:24:01.097] [main/ERROR] [net.minecraft.world.item.crafting.RecipeManager/]: Parsing error loading recipe letsdocompat:farm_and_charm/outerenddelight/azure_bud_cider: com.google.gson.JsonParseException: Unknown registry key in ResourceKey[minecraft:root / minecraft:item]: compatdelight:azure_bud_cider; Failed to parse either. First: Not a json array: {"item":"outer_end:azure_bud"}; Second: No key tag in MapLike[{"item":"outer_end:azure_bud"}]; Unknown registry key in ResourceKey[minecraft:root / minecraft:item]: outer_end:azure_bud; Failed to parse either. First: Not a json array: {"item":"outer_end:azure_bud"}; Second: No key tag in MapLike[{"item":"outer_end:azure_bud"}]; Unknown registry key in ResourceKey[minecraft:root / minecraft:item]: outer_end:azure_bud; Failed to parse either. First: Not a json array: {"item":"outer_end:azure_bud"}; Second: No key tag in MapLike[{"item":"outer_end:azure_bud"}]; Unknown registry key in ResourceKey[minecraft:root / minecraft:item]: outer_end:azure_bud; No ingredients for shapeless recipe
[14May2026 05:24:01.097] [main/ERROR] [net.minecraft.world.item.crafting.RecipeManager/]: Parsing error loading recipe letsdocompat:farm_and_charm/ironsspellsdelight/magic_dog_food: com.google.gson.JsonParseException: Unknown registry key in ResourceKey[minecraft:root / minecraft:item]: compatdelight:magic_dog_food; Failed to parse either. First: Not a json array: {"item":"irons_spellbooks:fire_ale"}; Second: No key tag in MapLike[{"item":"irons_spellbooks:fire_ale"}]; Unknown registry key in ResourceKey[minecraft:root / minecraft:item]: irons_spellbooks:fire_ale; Failed to parse either. First: Not a json array: {"item":"irons_spellbooks:frozen_bone"}; Second: No key tag in MapLike[{"item":"irons_spellbooks:frozen_bone"}]; Unknown registry key in ResourceKey[minecraft:root / minecraft:item]: irons_spellbooks:frozen_bone
[14May2026 05:24:01.098] [main/ERROR] [net.minecraft.world.item.crafting.RecipeManager/]: Parsing error loading recipe letsdocompat:farm_and_charm/bumblezonedelight/sticky_honey_pasta: com.google.gson.JsonParseException: Unknown registry key in ResourceKey[minecraft:root / minecraft:item]: compatdelight:sticky_honey_pasta; Failed to parse either. First: Not a json array: {"item":"the_bumblezone:sticky_honey_residue"}; Second: No key tag in MapLike[{"item":"the_bumblezone:sticky_honey_residue"}]; Unknown registry key in ResourceKey[minecraft:root / minecraft:item]: the_bumblezone:sticky_honey_residue; Failed to parse either. First: Not a json array: {"item":"the_bumblezone:sticky_honey_residue"}; Second: No key tag in MapLike[{"item":"the_bumblezone:sticky_honey_residue"}]; Unknown registry key in ResourceKey[minecraft:root / minecraft:item]: the_bumblezone:sticky_honey_residue; No ingredients for shapeless recipe
[14May2026 05:24:01.098] [main/ERROR] [net.minecraft.world.item.crafting.RecipeManager/]: Parsing error loading recipe letsdocompat:farm_and_charm/arsnouveaudelight/magic_jem: com.google.gson.JsonParseException: Unknown registry key in ResourceKey[minecraft:root / minecraft:item]: compatdelight:magic_jem; Failed to parse either. First: Not a json array: {"item":"ars_nouveau:bombegranate_pod"}; Second: No key tag in MapLike[{"item":"ars_nouveau:bombegranate_pod"}]; Unknown registry key in ResourceKey[minecraft:root / minecraft:item]: ars_nouveau:bombegranate_pod; Failed to parse either. First: Not a json array: {"item":"ars_nouveau:frostaya_pod"}; Second: No key tag in MapLike[{"item":"ars_nouveau:frostaya_pod"}]; Unknown registry key in ResourceKey[minecraft:root / minecraft:item]: ars_nouveau:frostaya_pod; Failed to parse either. First: Not a json array: {"item":"ars_nouveau:bastion_pod"}; Second: No key tag in MapLike[{"item":"ars_nouveau:bastion_pod"}]; Unknown registry key in ResourceKey[minecraft:root / minecraft:item]: ars_nouveau:bastion_pod; Failed to parse either. First: Not a json array: {"item":"ars_nouveau:mendosteen_pod"}; Second: No key tag in MapLike[{"item":"ars_nouveau:mendosteen_pod"}]; Unknown registry key in ResourceKey[minecraft:root / minecraft:item]: ars_nouveau:mendosteen_pod; Failed to parse either. First: Not a json array: {"item":"ars_nouveau:sourceberry_bush"}; Second: No key tag in MapLike[{"item":"ars_nouveau:sourceberry_bush"}]; Unknown registry key in ResourceKey[minecraft:root / minecraft:item]: ars_nouveau:sourceberry_bush
[14May2026 05:24:01.101] [main/ERROR] [net.minecraft.world.item.crafting.RecipeManager/]: Parsing error loading recipe letsdocompat:farm_and_charm/midnightdelight/dewshroom_stew: com.google.gson.JsonParseException: Unknown registry key in ResourceKey[minecraft:root / minecraft:item]: compatdelight:dewshroom_stew; Failed to parse either. First: Not a json array: {"item":"midnight:dewshroom_powder"}; Second: No key tag in MapLike[{"item":"midnight:dewshroom_powder"}]; Unknown registry key in ResourceKey[minecraft:root / minecraft:item]: midnight:dewshroom_powder; Failed to parse either. First: Not a json array: {"item":"midnight:dewshroom_powder"}; Second: No key tag in MapLike[{"item":"midnight:dewshroom_powder"}]; Unknown registry key in ResourceKey[minecraft:root / minecraft:item]: midnight:dewshroom_powder; No ingredients for shapeless recipe
[14May2026 05:24:01.108] [main/ERROR] [net.minecraft.world.item.crafting.RecipeManager/]: Parsing error loading recipe letsdocompat:farm_and_charm/adastradelight/cheese_sauce: com.google.gson.JsonParseException: Unknown registry key in ResourceKey[minecraft:root / minecraft:item]: compatdelight:cheese_sauce; Failed to parse either. First: Not a json array: {"item":"compatdelight:cheese_cube"}; Second: No key tag in MapLike[{"item":"compatdelight:cheese_cube"}]; Unknown registry key in ResourceKey[minecraft:root / minecraft:item]: compatdelight:cheese_cube; Failed to parse either. First: Not a json array: {"item":"compatdelight:cheese_cube"}; Second: No key tag in MapLike[{"item":"compatdelight:cheese_cube"}]; Unknown registry key in ResourceKey[minecraft:root / minecraft:item]: compatdelight:cheese_cube; No ingredients for shapeless recipe
[14May2026 05:24:01.117] [main/ERROR] [net.minecraft.world.item.crafting.RecipeManager/]: Parsing error loading recipe letsdocompat:farm_and_charm/midnightdelight/stinger_soup: com.google.gson.JsonParseException: Unknown registry key in ResourceKey[minecraft:root / minecraft:item]: compatdelight:stinger_soup; Failed to parse either. First: Not a json array: {"item":"midnight:cooked_suavis"}; Second: No key tag in MapLike[{"item":"midnight:cooked_suavis"}]; Unknown registry key in ResourceKey[minecraft:root / minecraft:item]: midnight:cooked_suavis; Failed to parse either. First: Not a json array: {"item":"midnight:cooked_stinger_egg"}; Second: No key tag in MapLike[{"item":"midnight:cooked_stinger_egg"}]; Unknown registry key in ResourceKey[minecraft:root / minecraft:item]: midnight:cooked_stinger_egg
[14May2026 05:24:01.120] [main/ERROR] [net.minecraft.world.item.crafting.RecipeManager/]: Parsing error loading recipe letsdocompat:farm_and_charm/biomesoplentydelight/rose_quartz_icecream: com.google.gson.JsonParseException: Unknown registry key in ResourceKey[minecraft:root / minecraft:item]: compatdelight:rose_quartz_icecream; Failed to parse either. First: Not a json array: {"item":"biomesoplenty:rose_quartz_chunk"}; Second: No key tag in MapLike[{"item":"biomesoplenty:rose_quartz_chunk"}]; Unknown registry key in ResourceKey[minecraft:root / minecraft:item]: biomesoplenty:rose_quartz_chunk
[14May2026 05:24:01.120] [main/ERROR] [net.minecraft.world.item.crafting.RecipeManager/]: Parsing error loading recipe letsdocompat:farm_and_charm/forbiddenandarcanusdelight/arcane_crystal_jem: com.google.gson.JsonParseException: Unknown registry key in ResourceKey[minecraft:root / minecraft:item]: compatdelight:arcane_crystal_jem; Failed to parse either. First: Not a json array: {"item":"forbidden_arcanus:arcane_crystal_dust"}; Second: No key tag in MapLike[{"item":"forbidden_arcanus:arcane_crystal_dust"}]; Unknown registry key in ResourceKey[minecraft:root / minecraft:item]: forbidden_arcanus:arcane_crystal_dust; Failed to parse either. First: Not a json array: {"item":"forbidden_arcanus:arcane_crystal_dust"}; Second: No key tag in MapLike[{"item":"forbidden_arcanus:arcane_crystal_dust"}]; Unknown registry key in ResourceKey[minecraft:root / minecraft:item]: forbidden_arcanus:arcane_crystal_dust
[14May2026 05:24:01.123] [main/ERROR] [net.minecraft.world.item.crafting.RecipeManager/]: Parsing error loading recipe letsdocompat:farm_and_charm/bumblezonedelight/sugar_water_dough: com.google.gson.JsonParseException: Unknown registry key in ResourceKey[minecraft:root / minecraft:item]: compatdelight:sugar_water_dough; Failed to parse either. First: Not a json array: {"item":"the_bumblezone:sugar_water_bottle"}; Second: No key tag in MapLike[{"item":"the_bumblezone:sugar_water_bottle"}]; Unknown registry key in ResourceKey[minecraft:root / minecraft:item]: the_bumblezone:sugar_water_bottle; No ingredients for shapeless recipe
[14May2026 05:24:01.126] [main/ERROR] [net.minecraft.world.item.crafting.RecipeManager/]: Parsing error loading recipe letsdocompat:farm_and_charm/friendsfoesdelight/crab_potato: com.google.gson.JsonParseException: Unknown registry key in ResourceKey[minecraft:root / minecraft:item]: compatdelight:crab_potato; Failed to parse either. First: Not a json array: {"item":"friendsandfoes:crab_claw"}; Second: No key tag in MapLike[{"item":"friendsandfoes:crab_claw"}]; Unknown registry key in ResourceKey[minecraft:root / minecraft:item]: friendsandfoes:crab_claw
[14May2026 05:24:01.132] [main/ERROR] [net.minecraft.world.item.crafting.RecipeManager/]: Parsing error loading recipe letsdocompat:farm_and_charm/ecologicsdelight/coconut_milk: com.google.gson.JsonParseException: Unknown registry key in ResourceKey[minecraft:root / minecraft:item]: compatdelight:coconut_milk1; Failed to parse either. First: Not a json array: {"item":"ecologics:coconut"}; Second: No key tag in MapLike[{"item":"ecologics:coconut"}]; Unknown registry key in ResourceKey[minecraft:root / minecraft:item]: ecologics:coconut; No ingredients for shapeless recipe
[14May2026 05:24:01.134] [main/ERROR] [net.minecraft.world.item.crafting.RecipeManager/]: Parsing error loading recipe letsdocompat:farm_and_charm/blueskiesdelight/crescent_shake: com.google.gson.JsonParseException: Unknown registry key in ResourceKey[minecraft:root / minecraft:item]: compatdelight:crescent_shake; Failed to parse either. First: Not a json array: {"item":"compatdelight:crescent_jem"}; Second: No key tag in MapLike[{"item":"compatdelight:crescent_jem"}]; Unknown registry key in ResourceKey[minecraft:root / minecraft:item]: compatdelight:crescent_jem; Failed to parse either. First: Not a json array: {"item":"compatdelight:crescent_jem"}; Second: No key tag in MapLike[{"item":"compatdelight:crescent_jem"}]; Unknown registry key in ResourceKey[minecraft:root / minecraft:item]: compatdelight:crescent_jem
[14May2026 05:24:01.139] [main/ERROR] [net.minecraft.world.item.crafting.RecipeManager/]: Parsing error loading recipe letsdocompat:farm_and_charm/forbiddenandarcanusdelight/arcane_crystal_juice: com.google.gson.JsonParseException: Unknown registry key in ResourceKey[minecraft:root / minecraft:item]: compatdelight:arcane_crystal_juice; Failed to parse either. First: Not a json array: {"item":"forbidden_arcanus:arcane_crystal_dust"}; Second: No key tag in MapLike[{"item":"forbidden_arcanus:arcane_crystal_dust"}]; Unknown registry key in ResourceKey[minecraft:root / minecraft:item]: forbidden_arcanus:arcane_crystal_dust; Failed to parse either. First: Not a json array: {"item":"forbidden_arcanus:arcane_crystal_dust"}; Second: No key tag in MapLike[{"item":"forbidden_arcanus:arcane_crystal_dust"}]; Unknown registry key in ResourceKey[minecraft:root / minecraft:item]: forbidden_arcanus:arcane_crystal_dust; No ingredients for shapeless recipe
[14May2026 05:24:01.143] [main/ERROR] [net.minecraft.world.item.crafting.RecipeManager/]: Parsing error loading recipe letsdocompat:farm_and_charm/graveyarddelight/bone_stew: com.google.gson.JsonParseException: Unknown registry key in ResourceKey[minecraft:root / minecraft:item]: compatdelight:bone_stew
[14May2026 05:24:01.144] [main/ERROR] [net.minecraft.world.item.crafting.RecipeManager/]: Parsing error loading recipe letsdocompat:farm_and_charm/borninchaosdelight/coffee_candy_stew: com.google.gson.JsonParseException: Unknown registry key in ResourceKey[minecraft:root / minecraft:item]: compatdelight:coffee_candy_stew; Failed to parse either. First: Not a json array: {"item":"born_in_chaos_v1:coffee_candy"}; Second: No key tag in MapLike[{"item":"born_in_chaos_v1:coffee_candy"}]; Unknown registry key in ResourceKey[minecraft:root / minecraft:item]: born_in_chaos_v1:coffee_candy; Failed to parse either. First: Not a json array: {"item":"born_in_chaos_v1:coffee_candy"}; Second: No key tag in MapLike[{"item":"born_in_chaos_v1:coffee_candy"}]; Unknown registry key in ResourceKey[minecraft:root / minecraft:item]: born_in_chaos_v1:coffee_candy; No ingredients for shapeless recipe
[14May2026 05:24:01.145] [main/ERROR] [net.minecraft.world.item.crafting.RecipeManager/]: Parsing error loading recipe letsdocompat:farm_and_charm/enigmaticlegacydelight/forbidden_fruit_juice: com.google.gson.JsonParseException: Unknown registry key in ResourceKey[minecraft:root / minecraft:item]: compatdelight:forbidden_fruit_juice; Failed to parse either. First: Not a json array: {"item":"enigmaticlegacy:forbidden_fruit"}; Second: No key tag in MapLike[{"item":"enigmaticlegacy:forbidden_fruit"}]; Unknown registry key in ResourceKey[minecraft:root / minecraft:item]: enigmaticlegacy:forbidden_fruit; Failed to parse either. First: Not a json array: {"item":"enigmaticlegacy:forbidden_fruit"}; Second: No key tag in MapLike[{"item":"enigmaticlegacy:forbidden_fruit"}]; Unknown registry key in ResourceKey[minecraft:root / minecraft:item]: enigmaticlegacy:forbidden_fruit
[14May2026 05:24:01.149] [main/ERROR] [net.minecraft.world.item.crafting.RecipeManager/]: Parsing error loading recipe letsdocompat:farm_and_charm/enlightenddelight/elevibloom_shake: com.google.gson.JsonParseException: Unknown registry key in ResourceKey[minecraft:root / minecraft:item]: compatdelight:elevibloom_shake; Failed to parse either. First: Not a json array: {"item":"enlightened_end:elevibloom"}; Second: No key tag in MapLike[{"item":"enlightened_end:elevibloom"}]; Unknown registry key in ResourceKey[minecraft:root / minecraft:item]: enlightened_end:elevibloom; Failed to parse either. First: Not a json array: {"item":"enlightened_end:elevibloom"}; Second: No key tag in MapLike[{"item":"enlightened_end:elevibloom"}]; Unknown registry key in ResourceKey[minecraft:root / minecraft:item]: enlightened_end:elevibloom
[14May2026 05:24:01.152] [main/ERROR] [net.minecraft.world.item.crafting.RecipeManager/]: Parsing error loading recipe letsdocompat:farm_and_charm/otbwgdelight/blueberries_juice: com.google.gson.JsonParseException: Unknown registry key in ResourceKey[minecraft:root / minecraft:item]: compatdelight:blueberries_juice; Failed to parse either. First: Not a json array: {"item":"biomeswevegone:blueberries"}; Second: No key tag in MapLike[{"item":"biomeswevegone:blueberries"}]; Unknown registry key in ResourceKey[minecraft:root / minecraft:item]: biomeswevegone:blueberries
[14May2026 05:24:01.157] [main/ERROR] [net.minecraft.world.item.crafting.RecipeManager/]: Parsing error loading recipe letsdocompat:farm_and_charm/evilcraftdelight/garmonbozia_jem: com.google.gson.JsonParseException: Unknown registry key in ResourceKey[minecraft:root / minecraft:item]: compatdelight:garmonbozia_jem; Failed to parse either. First: Not a json array: {"item":"evilcraft:garmonbozia"}; Second: No key tag in MapLike[{"item":"evilcraft:garmonbozia"}]; Unknown registry key in ResourceKey[minecraft:root / minecraft:item]: evilcraft:garmonbozia; Failed to parse either. First: Not a json array: {"item":"evilcraft:garmonbozia"}; Second: No key tag in MapLike[{"item":"evilcraft:garmonbozia"}]; Unknown registry key in ResourceKey[minecraft:root / minecraft:item]: evilcraft:garmonbozia
[14May2026 05:24:01.157] [main/ERROR] [net.minecraft.world.item.crafting.RecipeManager/]: Parsing error loading recipe letsdocompat:farm_and_charm/enlightenddelight/ooze_ice_cream: com.google.gson.JsonParseException: Unknown registry key in ResourceKey[minecraft:root / minecraft:item]: compatdelight:ooze_ice_cream; Failed to parse either. First: Not a json array: {"item":"enlightened_end:ooze_bottle"}; Second: No key tag in MapLike[{"item":"enlightened_end:ooze_bottle"}]; Unknown registry key in ResourceKey[minecraft:root / minecraft:item]: enlightened_end:ooze_bottle; Failed to parse either. First: Not a json array: {"item":"enlightened_end:ooze_bottle"}; Second: No key tag in MapLike[{"item":"enlightened_end:ooze_bottle"}]; Unknown registry key in ResourceKey[minecraft:root / minecraft:item]: enlightened_end:ooze_bottle
[14May2026 05:24:01.159] [main/ERROR] [net.minecraft.world.item.crafting.RecipeManager/]: Parsing error loading recipe letsdocompat:farm_and_charm/ecologicsdelight/prickly_pear_cider: com.google.gson.JsonParseException: Unknown registry key in ResourceKey[minecraft:root / minecraft:item]: compatdelight:prickly_pear_cider; Failed to parse either. First: Not a json array: {"item":"ecologics:prickly_pear"}; Second: No key tag in MapLike[{"item":"ecologics:prickly_pear"}]; Unknown registry key in ResourceKey[minecraft:root / minecraft:item]: ecologics:prickly_pear; Failed to parse either. First: Not a json array: {"item":"ecologics:prickly_pear"}; Second: No key tag in MapLike[{"item":"ecologics:prickly_pear"}]; Unknown registry key in ResourceKey[minecraft:root / minecraft:item]: ecologics:prickly_pear; No ingredients for shapeless recipe
[14May2026 05:24:01.162] [main/ERROR] [net.minecraft.world.item.crafting.RecipeManager/]: Parsing error loading recipe letsdocompat:farm_and_charm/arsnouveaudelight/magic_punch: com.google.gson.JsonParseException: Unknown registry key in ResourceKey[minecraft:root / minecraft:item]: compatdelight:magic_punch; Failed to parse either. First: Not a json array: {"item":"compatdelight:magic_jem"}; Second: No key tag in MapLike[{"item":"compatdelight:magic_jem"}]; Unknown registry key in ResourceKey[minecraft:root / minecraft:item]: compatdelight:magic_jem; Failed to parse either. First: Not a json array: {"item":"compatdelight:magic_jem"}; Second: No key tag in MapLike[{"item":"compatdelight:magic_jem"}]; Unknown registry key in ResourceKey[minecraft:root / minecraft:item]: compatdelight:magic_jem; No ingredients for shapeless recipe
[14May2026 05:24:01.164] [main/ERROR] [net.minecraft.world.item.crafting.RecipeManager/]: Parsing error loading recipe letsdocompat:farm_and_charm/graveyarddelight/corruption_wrap: com.google.gson.JsonParseException: Unknown registry key in ResourceKey[minecraft:root / minecraft:item]: compatdelight:corruption_wrap; Failed to parse either. First: Not a json array: {"item":"graveyard:corruption"}; Second: No key tag in MapLike[{"item":"graveyard:corruption"}]; Unknown registry key in ResourceKey[minecraft:root / minecraft:item]: graveyard:corruption; Failed to parse either. First: Not a json array: {"item":"graveyard:corruption"}; Second: No key tag in MapLike[{"item":"graveyard:corruption"}]; Unknown registry key in ResourceKey[minecraft:root / minecraft:item]: graveyard:corruption; No ingredients for shapeless recipe
[14May2026 05:24:01.166] [main/ERROR] [net.minecraft.world.item.crafting.RecipeManager/]: Parsing error loading recipe letsdocompat:farm_and_charm/midnightdelight/bogshroom_bun: com.google.gson.JsonParseException: Unknown registry key in ResourceKey[minecraft:root / minecraft:item]: compatdelight:bogshroom_bun; Failed to parse either. First: Not a json array: {"item":"midnight:bogshroom_powder"}; Second: No key tag in MapLike[{"item":"midnight:bogshroom_powder"}]; Unknown registry key in ResourceKey[minecraft:root / minecraft:item]: midnight:bogshroom_powder; Failed to parse either. First: Not a json array: {"item":"midnight:bogshroom_powder"}; Second: No key tag in MapLike[{"item":"midnight:bogshroom_powder"}]; Unknown registry key in ResourceKey[minecraft:root / minecraft:item]: midnight:bogshroom_powder; No ingredients for shapeless recipe
[14May2026 05:24:01.168] [main/ERROR] [net.minecraft.world.item.crafting.RecipeManager/]: Parsing error loading recipe letsdocompat:farm_and_charm/legendarycreaturesdelight/wisp_pollen_cookie: com.google.gson.JsonParseException: Unknown registry key in ResourceKey[minecraft:root / minecraft:item]: compatdelight:wisp_pollen_cookie; Failed to parse either. First: Not a json array: {"item":"compatdelight:wisp_pollen"}; Second: No key tag in MapLike[{"item":"compatdelight:wisp_pollen"}]; Unknown registry key in ResourceKey[minecraft:root / minecraft:item]: compatdelight:wisp_pollen; No ingredients for shapeless recipe
[14May2026 05:24:01.173] [main/ERROR] [net.minecraft.world.item.crafting.RecipeManager/]: Parsing error loading recipe letsdocompat:farm_and_charm/enigmaticlegacydelight/soul_jem: com.google.gson.JsonParseException: Unknown registry key in ResourceKey[minecraft:root / minecraft:item]: compatdelight:soul_jem; Failed to parse either. First: Not a json array: {"item":"enigmaticlegacy:soul_dust"}; Second: No key tag in MapLike[{"item":"enigmaticlegacy:soul_dust"}]; Unknown registry key in ResourceKey[minecraft:root / minecraft:item]: enigmaticlegacy:soul_dust; Failed to parse either. First: Not a json array: {"item":"enigmaticlegacy:soul_dust"}; Second: No key tag in MapLike[{"item":"enigmaticlegacy:soul_dust"}]; Unknown registry key in ResourceKey[minecraft:root / minecraft:item]: enigmaticlegacy:soul_dust
[14May2026 05:24:01.174] [main/ERROR] [net.minecraft.world.item.crafting.RecipeManager/]: Parsing error loading recipe letsdocompat:farm_and_charm/conjurerdelight/bouncy_cake: com.google.gson.JsonParseException: Unknown registry key in ResourceKey[minecraft:root / minecraft:item]: compatdelight:bouncy_cake; Failed to parse either. First: Not a json array: {"item":"conjurer_illager:throwable_ball"}; Second: No key tag in MapLike[{"item":"conjurer_illager:throwable_ball"}]; Unknown registry key in ResourceKey[minecraft:root / minecraft:item]: conjurer_illager:throwable_ball
[14May2026 05:24:01.175] [main/ERROR] [net.minecraft.world.item.crafting.RecipeManager/]: Parsing error loading recipe letsdocompat:farm_and_charm/naturesauradelight/gold_leaf_cider: com.google.gson.JsonParseException: Unknown registry key in ResourceKey[minecraft:root / minecraft:item]: compatdelight:gold_leaf_cider; Failed to parse either. First: Not a json array: {"item":"naturesaura:gold_leaf"}; Second: No key tag in MapLike[{"item":"naturesaura:gold_leaf"}]; Unknown registry key in ResourceKey[minecraft:root / minecraft:item]: naturesaura:gold_leaf; Failed to parse either. First: Not a json array: {"item":"naturesaura:gold_leaf"}; Second: No key tag in MapLike[{"item":"naturesaura:gold_leaf"}]; Unknown registry key in ResourceKey[minecraft:root / minecraft:item]: naturesaura:gold_leaf
[14May2026 05:24:01.177] [main/ERROR] [net.minecraft.world.item.crafting.RecipeManager/]: Parsing error loading recipe letsdocompat:farm_and_charm/enigmaticlegacydelight/astral_jem: com.google.gson.JsonParseException: Unknown registry key in ResourceKey[minecraft:root / minecraft:item]: compatdelight:astral_jem; Failed to parse either. First: Not a json array: {"item":"enigmaticlegacy:astral_dust"}; Second: No key tag in MapLike[{"item":"enigmaticlegacy:astral_dust"}]; Unknown registry key in ResourceKey[minecraft:root / minecraft:item]: enigmaticlegacy:astral_dust; Failed to parse either. First: Not a json array: {"item":"enigmaticlegacy:astral_dust"}; Second: No key tag in MapLike[{"item":"enigmaticlegacy:astral_dust"}]; Unknown registry key in ResourceKey[minecraft:root / minecraft:item]: enigmaticlegacy:astral_dust
[14May2026 05:24:01.178] [main/ERROR] [net.minecraft.world.item.crafting.RecipeManager/]: Parsing error loading recipe letsdocompat:farm_and_charm/otbwgdelight/green_apple_juice: com.google.gson.JsonParseException: Unknown registry key in ResourceKey[minecraft:root / minecraft:item]: compatdelight:green_apple_juice; Failed to parse either. First: Not a json array: {"item":"biomeswevegone:green_apple"}; Second: No key tag in MapLike[{"item":"biomeswevegone:green_apple"}]; Unknown registry key in ResourceKey[minecraft:root / minecraft:item]: biomeswevegone:green_apple
[14May2026 05:24:01.179] [main/ERROR] [net.minecraft.world.item.crafting.RecipeManager/]: Parsing error loading recipe letsdocompat:farm_and_charm/biomesoplentydelight/glowworm_ice_cream: com.google.gson.JsonParseException: Unknown registry key in ResourceKey[minecraft:root / minecraft:item]: compatdelight:glowworm_ice_cream; Failed to parse either. First: Not a json array: {"item":"biomesoplenty:glowworm_silk"}; Second: No key tag in MapLike[{"item":"biomesoplenty:glowworm_silk"}]; Unknown registry key in ResourceKey[minecraft:root / minecraft:item]: biomesoplenty:glowworm_silk
[14May2026 05:24:01.179] [main/ERROR] [net.minecraft.world.item.crafting.RecipeManager/]: Parsing error loading recipe letsdocompat:farm_and_charm/tropicraftdelight/lime_juice: com.google.gson.JsonParseException: Unknown registry key in ResourceKey[minecraft:root / minecraft:item]: compatdelight:lime_juice; Failed to parse either. First: Not a json array: {"item":"compatdelight:lime_jem"}; Second: No key tag in MapLike[{"item":"compatdelight:lime_jem"}]; Unknown registry key in ResourceKey[minecraft:root / minecraft:item]: compatdelight:lime_jem; Failed to parse either. First: Not a json array: {"item":"compatdelight:lime_jem"}; Second: No key tag in MapLike[{"item":"compatdelight:lime_jem"}]; Unknown registry key in ResourceKey[minecraft:root / minecraft:item]: compatdelight:lime_jem
[14May2026 05:24:01.181] [main/ERROR] [net.minecraft.world.item.crafting.RecipeManager/]: Parsing error loading recipe letsdocompat:farm_and_charm/mowziesdelight/marinated_nagi_tail: com.google.gson.JsonParseException: Unknown registry key in ResourceKey[minecraft:root / minecraft:item]: compatdelight:marinated_nagi_tail; Failed to parse either. First: Not a json array: {"item":"compatdelight:nagi_tail"}; Second: No key tag in MapLike[{"item":"compatdelight:nagi_tail"}]; Unknown registry key in ResourceKey[minecraft:root / minecraft:item]: compatdelight:nagi_tail
[14May2026 05:24:01.182] [main/ERROR] [net.minecraft.world.item.crafting.RecipeManager/]: Parsing error loading recipe letsdocompat:farm_and_charm/otbwgdelight/cattails_soup: com.google.gson.JsonParseException: Unknown registry key in ResourceKey[minecraft:root / minecraft:item]: compatdelight:cattails_soup; Failed to parse either. First: Not a json array: {"item":"biomeswevegone:cattail_sprout"}; Second: No key tag in MapLike[{"item":"biomeswevegone:cattail_sprout"}]; Unknown registry key in ResourceKey[minecraft:root / minecraft:item]: biomeswevegone:cattail_sprout; Failed to parse either. First: Not a json array: {"item":"biomeswevegone:cattail_sprout"}; Second: No key tag in MapLike[{"item":"biomeswevegone:cattail_sprout"}]; Unknown registry key in ResourceKey[minecraft:root / minecraft:item]: biomeswevegone:cattail_sprout
[14May2026 05:24:01.183] [main/ERROR] [net.minecraft.world.item.crafting.RecipeManager/]: Parsing error loading recipe letsdocompat:farm_and_charm/apotheosisdelight/gem_shake: com.google.gson.JsonParseException: Unknown registry key in ResourceKey[minecraft:root / minecraft:item]: compatdelight:gem_shake; Failed to parse either. First: Not a json array: {"item":"apotheosis:gem_dust"}; Second: No key tag in MapLike[{"item":"apotheosis:gem_dust"}]; Unknown registry key in ResourceKey[minecraft:root / minecraft:item]: apotheosis:gem_dust; Failed to parse either. First: Not a json array: {"item":"apotheosis:gem_dust"}; Second: No key tag in MapLike[{"item":"apotheosis:gem_dust"}]; Unknown registry key in ResourceKey[minecraft:root / minecraft:item]: apotheosis:gem_dust; No ingredients for shapeless recipe
[14May2026 05:24:01.186] [main/ERROR] [net.minecraft.world.item.crafting.RecipeManager/]: Parsing error loading recipe letsdocompat:farm_and_charm/ecologicsdelight/prickly_pear_ice_cream: com.google.gson.JsonParseException: Unknown registry key in ResourceKey[minecraft:root / minecraft:item]: compatdelight:prickly_pear_ice_cream; Failed to parse either. First: Not a json array: {"item":"ecologics:cooked_prickly_pear"}; Second: No key tag in MapLike[{"item":"ecologics:cooked_prickly_pear"}]; Unknown registry key in ResourceKey[minecraft:root / minecraft:item]: ecologics:cooked_prickly_pear; Failed to parse either. First: Not a json array: {"item":"ecologics:cooked_prickly_pear"}; Second: No key tag in MapLike[{"item":"ecologics:cooked_prickly_pear"}]; Unknown registry key in ResourceKey[minecraft:root / minecraft:item]: ecologics:cooked_prickly_pear
[14May2026 05:24:01.191] [main/ERROR] [net.minecraft.world.item.crafting.RecipeManager/]: Parsing error loading recipe letsdocompat:farm_and_charm/apotheosisdelight/gem_salad: com.google.gson.JsonParseException: Unknown registry key in ResourceKey[minecraft:root / minecraft:item]: compatdelight:gem_salad; Failed to parse either. First: Not a json array: {"item":"apotheosis:gem_dust"}; Second: No key tag in MapLike[{"item":"apotheosis:gem_dust"}]; Unknown registry key in ResourceKey[minecraft:root / minecraft:item]: apotheosis:gem_dust; Failed to parse either. First: Not a json array: {"item":"apotheosis:gem_dust"}; Second: No key tag in MapLike[{"item":"apotheosis:gem_dust"}]; Unknown registry key in ResourceKey[minecraft:root / minecraft:item]: apotheosis:gem_dust; Failed to parse either. First: Not a json array: {"item":"apotheosis:gem_dust"}; Second: No key tag in MapLike[{"item":"apotheosis:gem_dust"}]; Unknown registry key in ResourceKey[minecraft:root / minecraft:item]: apotheosis:gem_dust; No ingredients for shapeless recipe
[14May2026 05:24:01.195] [main/ERROR] [net.minecraft.world.item.crafting.RecipeManager/]: Parsing error loading recipe letsdocompat:farm_and_charm/naturesauradelight/warped_aura_stew: com.google.gson.JsonParseException: Unknown registry key in ResourceKey[minecraft:root / minecraft:item]: compatdelight:warped_aura_stew; Failed to parse either. First: Not a json array: {"item":"naturesaura:warped_aura_mushroom"}; Second: No key tag in MapLike[{"item":"naturesaura:warped_aura_mushroom"}]; Unknown registry key in ResourceKey[minecraft:root / minecraft:item]: naturesaura:warped_aura_mushroom
[14May2026 05:24:01.195] [main/ERROR] [net.minecraft.world.item.crafting.RecipeManager/]: Parsing error loading recipe letsdocompat:farm_and_charm/tropicraftdelight/coffee_berry_shake: com.google.gson.JsonParseException: Unknown registry key in ResourceKey[minecraft:root / minecraft:item]: compatdelight:coffee_berry_shake; Failed to parse either. First: Not a json array: {"item":"compatdelight:coffee_berry_jem"}; Second: No key tag in MapLike[{"item":"compatdelight:coffee_berry_jem"}]; Unknown registry key in ResourceKey[minecraft:root / minecraft:item]: compatdelight:coffee_berry_jem; Failed to parse either. First: Not a json array: {"item":"compatdelight:coffee_berry_jem"}; Second: No key tag in MapLike[{"item":"compatdelight:coffee_berry_jem"}]; Unknown registry key in ResourceKey[minecraft:root / minecraft:item]: compatdelight:coffee_berry_jem
[14May2026 05:24:01.196] [main/ERROR] [net.minecraft.world.item.crafting.RecipeManager/]: Parsing error loading recipe letsdocompat:farm_and_charm/otbwgdelight/aloe_shake: com.google.gson.JsonParseException: Unknown registry key in ResourceKey[minecraft:root / minecraft:item]: compatdelight:aloe_shake; Failed to parse either. First: Not a json array: {"item":"biomeswevegone:aloe_vera"}; Second: No key tag in MapLike[{"item":"biomeswevegone:aloe_vera"}]; Unknown registry key in ResourceKey[minecraft:root / minecraft:item]: biomeswevegone:aloe_vera; Failed to parse either. First: Not a json array: {"item":"biomeswevegone:aloe_vera"}; Second: No key tag in MapLike[{"item":"biomeswevegone:aloe_vera"}]; Unknown registry key in ResourceKey[minecraft:root / minecraft:item]: biomeswevegone:aloe_vera
[14May2026 05:24:01.197] [main/ERROR] [net.minecraft.world.item.crafting.RecipeManager/]: Parsing error loading recipe letsdocompat:farm_and_charm/blueskiesdelight/beneful_mushroom_stew: com.google.gson.JsonParseException: Unknown registry key in ResourceKey[minecraft:root / minecraft:item]: compatdelight:beneful_mushroom_stew; Failed to parse either. First: Not a json array: {"item":"blue_skies:baneful_mushroom"}; Second: No key tag in MapLike[{"item":"blue_skies:baneful_mushroom"}]; Unknown registry key in ResourceKey[minecraft:root / minecraft:item]: blue_skies:baneful_mushroom; Failed to parse either. First: Not a json array: {"item":"blue_skies:baneful_mushroom"}; Second: No key tag in MapLike[{"item":"blue_skies:baneful_mushroom"}]; Unknown registry key in ResourceKey[minecraft:root / minecraft:item]: blue_skies:baneful_mushroom; No ingredients for shapeless recipe
[14May2026 05:24:01.198] [main/ERROR] [net.minecraft.world.item.crafting.RecipeManager/]: Parsing error loading recipe letsdocompat:farm_and_charm/apotheosisdelight/infused_breath_shake: com.google.gson.JsonParseException: Unknown registry key in ResourceKey[minecraft:root / minecraft:item]: compatdelight:infused_breath_shake; Failed to parse either. First: Not a json array: {"item":"apotheosis:infused_breath"}; Second: No key tag in MapLike[{"item":"apotheosis:infused_breath"}]; Unknown registry key in ResourceKey[minecraft:root / minecraft:item]: apotheosis:infused_breath; Failed to parse either. First: Not a json array: {"item":"apotheosis:infused_breath"}; Second: No key tag in MapLike[{"item":"apotheosis:infused_breath"}]; Unknown registry key in ResourceKey[minecraft:root / minecraft:item]: apotheosis:infused_breath; No ingredients for shapeless recipe
[14May2026 05:24:01.199] [main/ERROR] [net.minecraft.world.item.crafting.RecipeManager/]: Parsing error loading recipe letsdocompat:farm_and_charm/netherificdelight/nether_fungus_jem: com.google.gson.JsonParseException: Unknown registry key in ResourceKey[minecraft:root / minecraft:item]: compatdelight:nether_fungus_jem; Failed to parse either. First: Not a json array: {"item":"nourished_nether:nether_fungus_stew"}; Second: No key tag in MapLike[{"item":"nourished_nether:nether_fungus_stew"}]; Unknown registry key in ResourceKey[minecraft:root / minecraft:item]: nourished_nether:nether_fungus_stew; Failed to parse either. First: Not a json array: {"item":"nourished_nether:nether_fungus_stew"}; Second: No key tag in MapLike[{"item":"nourished_nether:nether_fungus_stew"}]; Unknown registry key in ResourceKey[minecraft:root / minecraft:item]: nourished_nether:nether_fungus_stew
[14May2026 05:24:01.200] [main/ERROR] [net.minecraft.world.item.crafting.RecipeManager/]: Parsing error loading recipe letsdocompat:farm_and_charm/graveyarddelight/bone_shake: com.google.gson.JsonParseException: Unknown registry key in ResourceKey[minecraft:root / minecraft:item]: compatdelight:bone_shake
[14May2026 05:24:01.202] [main/ERROR] [net.minecraft.world.item.crafting.RecipeManager/]: Parsing error loading recipe letsdocompat:farm_and_charm/toughasdelight/pumpkin_shake: com.google.gson.JsonParseException: Unknown registry key in ResourceKey[minecraft:root / minecraft:item]: compatdelight:pumpkin_shake; Failed to parse either. First: Not a json array: {"item":"compatdelight:pumpkin_jem"}; Second: No key tag in MapLike[{"item":"compatdelight:pumpkin_jem"}]; Unknown registry key in ResourceKey[minecraft:root / minecraft:item]: compatdelight:pumpkin_jem; Failed to parse either. First: Not a json array: {"item":"compatdelight:pumpkin_jem"}; Second: No key tag in MapLike[{"item":"compatdelight:pumpkin_jem"}]; Unknown registry key in ResourceKey[minecraft:root / minecraft:item]: compatdelight:pumpkin_jem
[14May2026 05:24:01.204] [main/ERROR] [net.minecraft.world.item.crafting.RecipeManager/]: Parsing error loading recipe letsdocompat:farm_and_charm/enlightenddelight/exotic_salad: com.google.gson.JsonParseException: Unknown registry key in ResourceKey[minecraft:root / minecraft:item]: compatdelight:exotic_salad; Failed to parse either. First: Not a json array: {"item":"enlightened_end:glow_gourd_slice"}; Second: No key tag in MapLike[{"item":"enlightened_end:glow_gourd_slice"}]; Unknown registry key in ResourceKey[minecraft:root / minecraft:item]: enlightened_end:glow_gourd_slice; Failed to parse either. First: Not a json array: {"item":"enlightened_end:splatter_gland"}; Second: No key tag in MapLike[{"item":"enlightened_end:splatter_gland"}]; Unknown registry key in ResourceKey[minecraft:root / minecraft:item]: enlightened_end:splatter_gland; Failed to parse either. First: Not a json array: {"item":"enlightened_end:cerulean_frond"}; Second: No key tag in MapLike[{"item":"enlightened_end:cerulean_frond"}]; Unknown registry key in ResourceKey[minecraft:root / minecraft:item]: enlightened_end:cerulean_frond; No ingredients for shapeless recipe
[14May2026 05:24:01.207] [main/ERROR] [net.minecraft.world.item.crafting.RecipeManager/]: Parsing error loading recipe letsdocompat:farm_and_charm/malumdelight/cursed_sapball_jam: com.google.gson.JsonParseException: Unknown registry key in ResourceKey[minecraft:root / minecraft:item]: compatdelight:cursed_sapball_jam; Failed to parse either. First: Not a json array: {"item":"malum:cursed_sap"}; Second: No key tag in MapLike[{"item":"malum:cursed_sap"}]; Unknown registry key in ResourceKey[minecraft:root / minecraft:item]: malum:cursed_sap; No ingredients for shapeless recipe
[14May2026 05:24:01.208] [main/ERROR] [net.minecraft.world.item.crafting.RecipeManager/]: Parsing error loading recipe letsdocompat:farm_and_charm/enlightenddelight/squished_bounceling_stew: com.google.gson.JsonParseException: Unknown registry key in ResourceKey[minecraft:root / minecraft:item]: compatdelight:squished_bounceling_stew; Failed to parse either. First: Not a json array: {"item":"enlightened_end:ooze_bottle"}; Second: No key tag in MapLike[{"item":"enlightened_end:ooze_bottle"}]; Unknown registry key in ResourceKey[minecraft:root / minecraft:item]: enlightened_end:ooze_bottle; Failed to parse either. First: Not a json array: {"item":"enlightened_end:squished_bouncer"}; Second: No key tag in MapLike[{"item":"enlightened_end:squished_bouncer"}]; Unknown registry key in ResourceKey[minecraft:root / minecraft:item]: enlightened_end:squished_bouncer; No ingredients for shapeless recipe
[14May2026 05:24:01.212] [main/ERROR] [net.minecraft.world.item.crafting.RecipeManager/]: Parsing error loading recipe letsdocompat:farm_and_charm/naturesauradelight/aura_stew: com.google.gson.JsonParseException: Unknown registry key in ResourceKey[minecraft:root / minecraft:item]: compatdelight:aura_stew; Failed to parse either. First: Not a json array: {"item":"naturesaura:aura_mushroom"}; Second: No key tag in MapLike[{"item":"naturesaura:aura_mushroom"}]; Unknown registry key in ResourceKey[minecraft:root / minecraft:item]: naturesaura:aura_mushroom
[14May2026 05:24:01.219] [main/ERROR] [net.minecraft.world.item.crafting.RecipeManager/]: Parsing error loading recipe letsdocompat:farm_and_charm/otbwgdelight/wood_blewit_stew: com.google.gson.JsonParseException: Unknown registry key in ResourceKey[minecraft:root / minecraft:item]: compatdelight:wood_blewit_stew; Failed to parse either. First: Not a json array: {"item":"biomeswevegone:wood_blewit"}; Second: No key tag in MapLike[{"item":"biomeswevegone:wood_blewit"}]; Unknown registry key in ResourceKey[minecraft:root / minecraft:item]: biomeswevegone:wood_blewit
[14May2026 05:24:01.220] [main/ERROR] [net.minecraft.world.item.crafting.RecipeManager/]: Parsing error loading recipe letsdocompat:farm_and_charm/blueskiesdelight/solnut_shake: com.google.gson.JsonParseException: Unknown registry key in ResourceKey[minecraft:root / minecraft:item]: compatdelight:solnut_shake; Failed to parse either. First: Not a json array: {"item":"blue_skies:solnut"}; Second: No key tag in MapLike[{"item":"blue_skies:solnut"}]; Unknown registry key in ResourceKey[minecraft:root / minecraft:item]: blue_skies:solnut; Failed to parse either. First: Not a json array: {"item":"blue_skies:solnut"}; Second: No key tag in MapLike[{"item":"blue_skies:solnut"}]; Unknown registry key in ResourceKey[minecraft:root / minecraft:item]: blue_skies:solnut
[14May2026 05:24:01.221] [main/ERROR] [net.minecraft.world.item.crafting.RecipeManager/]: Parsing error loading recipe letsdocompat:farm_and_charm/biomesoplentydelight/glowworm_jem: com.google.gson.JsonParseException: Unknown registry key in ResourceKey[minecraft:root / minecraft:item]: compatdelight:glowworm_jem; Failed to parse either. First: Not a json array: {"item":"biomesoplenty:glowworm_silk"}; Second: No key tag in MapLike[{"item":"biomesoplenty:glowworm_silk"}]; Unknown registry key in ResourceKey[minecraft:root / minecraft:item]: biomesoplenty:glowworm_silk; Failed to parse either. First: Not a json array: {"item":"biomesoplenty:glowworm_silk"}; Second: No key tag in MapLike[{"item":"biomesoplenty:glowworm_silk"}]; Unknown registry key in ResourceKey[minecraft:root / minecraft:item]: biomesoplenty:glowworm_silk
[14May2026 05:24:01.226] [main/ERROR] [net.minecraft.world.item.crafting.RecipeManager/]: Parsing error loading recipe letsdocompat:farm_and_charm/hexereidelight/root_and_leaves: com.google.gson.JsonParseException: Unknown registry key in ResourceKey[minecraft:root / minecraft:item]: compatdelight:root_and_leaves; Failed to parse either. First: Not a json array: {"item":"hexerei:yellow_dock_leaves"}; Second: No key tag in MapLike[{"item":"hexerei:yellow_dock_leaves"}]; Unknown registry key in ResourceKey[minecraft:root / minecraft:item]: hexerei:yellow_dock_leaves; Failed to parse either. First: Not a json array: {"item":"hexerei:yellow_dock_leaves"}; Second: No key tag in MapLike[{"item":"hexerei:yellow_dock_leaves"}]; Unknown registry key in ResourceKey[minecraft:root / minecraft:item]: hexerei:yellow_dock_leaves; Failed to parse either. First: Not a json array: {"item":"hexerei:mandrake_root"}; Second: No key tag in MapLike[{"item":"hexerei:mandrake_root"}]; Unknown registry key in ResourceKey[minecraft:root / minecraft:item]: hexerei:mandrake_root; Failed to parse either. First: Not a json array: {"item":"hexerei:mandrake_root"}; Second: No key tag in MapLike[{"item":"hexerei:mandrake_root"}]; Unknown registry key in ResourceKey[minecraft:root / minecraft:item]: hexerei:mandrake_root; No ingredients for shapeless recipe
[14May2026 05:24:01.227] [main/ERROR] [net.minecraft.world.item.crafting.RecipeManager/]: Parsing error loading recipe letsdocompat:farm_and_charm/occultismdelight/datura_ice_cream: com.google.gson.JsonParseException: Unknown registry key in ResourceKey[minecraft:root / minecraft:item]: compatdelight:datura_ice_cream; Failed to parse either. First: Not a json array: {"item":"occultism:datura"}; Second: No key tag in MapLike[{"item":"occultism:datura"}]; Unknown registry key in ResourceKey[minecraft:root / minecraft:item]: occultism:datura; Failed to parse either. First: Not a json array: {"item":"occultism:datura"}; Second: No key tag in MapLike[{"item":"occultism:datura"}]; Unknown registry key in ResourceKey[minecraft:root / minecraft:item]: occultism:datura
[14May2026 05:24:01.231] [main/ERROR] [net.minecraft.world.item.crafting.RecipeManager/]: Parsing error loading recipe letsdocompat:farm_and_charm/borninchaosdelight/coffee_candy_shake: com.google.gson.JsonParseException: Unknown registry key in ResourceKey[minecraft:root / minecraft:item]: compatdelight:coffee_candy_shake; Failed to parse either. First: Not a json array: {"item":"born_in_chaos_v1:coffee_candy"}; Second: No key tag in MapLike[{"item":"born_in_chaos_v1:coffee_candy"}]; Unknown registry key in ResourceKey[minecraft:root / minecraft:item]: born_in_chaos_v1:coffee_candy; Failed to parse either. First: Not a json array: {"item":"born_in_chaos_v1:coffee_candy"}; Second: No key tag in MapLike[{"item":"born_in_chaos_v1:coffee_candy"}]; Unknown registry key in ResourceKey[minecraft:root / minecraft:item]: born_in_chaos_v1:coffee_candy
[14May2026 05:24:01.232] [main/ERROR] [net.minecraft.world.item.crafting.RecipeManager/]: Parsing error loading recipe letsdocompat:farm_and_charm/netherificdelight/strange_stew: com.google.gson.JsonParseException: Unknown registry key in ResourceKey[minecraft:root / minecraft:item]: compatdelight:strange_stew; Failed to parse either. First: Not a json array: {"item":"compatdelight:strange_juice"}; Second: No key tag in MapLike[{"item":"compatdelight:strange_juice"}]; Unknown registry key in ResourceKey[minecraft:root / minecraft:item]: compatdelight:strange_juice; Failed to parse either. First: Not a json array: {"item":"nourished_nether:strange_elixir"}; Second: No key tag in MapLike[{"item":"nourished_nether:strange_elixir"}]; Unknown registry key in ResourceKey[minecraft:root / minecraft:item]: nourished_nether:strange_elixir; No ingredients for shapeless recipe
[14May2026 05:24:01.233] [main/ERROR] [net.minecraft.world.item.crafting.RecipeManager/]: Parsing error loading recipe letsdocompat:farm_and_charm/bloodmagicdelight/tau_stew: com.google.gson.JsonParseException: Unknown registry key in ResourceKey[minecraft:root / minecraft:item]: compatdelight:tau_stew; Failed to parse either. First: Not a json array: {"item":"bloodmagic:weak_tau"}; Second: No key tag in MapLike[{"item":"bloodmagic:weak_tau"}]; Unknown registry key in ResourceKey[minecraft:root / minecraft:item]: bloodmagic:weak_tau; Failed to parse either. First: Not a json array: {"item":"bloodmagic:weak_tau"}; Second: No key tag in MapLike[{"item":"bloodmagic:weak_tau"}]; Unknown registry key in ResourceKey[minecraft:root / minecraft:item]: bloodmagic:weak_tau; No ingredients for shapeless recipe
[14May2026 05:24:01.235] [main/ERROR] [net.minecraft.world.item.crafting.RecipeManager/]: Parsing error loading recipe letsdocompat:farm_and_charm/ecologicsdelight/walnut_juice: com.google.gson.JsonParseException: Unknown registry key in ResourceKey[minecraft:root / minecraft:item]: compatdelight:walnut_juice; Failed to parse either. First: Not a json array: {"item":"ecologics:walnut"}; Second: No key tag in MapLike[{"item":"ecologics:walnut"}]; Unknown registry key in ResourceKey[minecraft:root / minecraft:item]: ecologics:walnut; Failed to parse either. First: Not a json array: {"item":"ecologics:walnut"}; Second: No key tag in MapLike[{"item":"ecologics:walnut"}]; Unknown registry key in ResourceKey[minecraft:root / minecraft:item]: ecologics:walnut; No ingredients for shapeless recipe
[14May2026 05:24:01.238] [main/ERROR] [net.minecraft.world.item.crafting.RecipeManager/]: Parsing error loading recipe letsdocompat:farm_and_charm/draconicevolutiondelight/awakened_draconium_jem: com.google.gson.JsonParseException: Unknown registry key in ResourceKey[minecraft:root / minecraft:item]: compatdelight:awakened_draconium_jem; Failed to parse either. First: Not a json array: {"item":"draconicevolution:awakened_draconium_dust"}; Second: No key tag in MapLike[{"item":"draconicevolution:awakened_draconium_dust"}]; Unknown registry key in ResourceKey[minecraft:root / minecraft:item]: draconicevolution:awakened_draconium_dust; Failed to parse either. First: Not a json array: {"item":"draconicevolution:awakened_draconium_dust"}; Second: No key tag in MapLike[{"item":"draconicevolution:awakened_draconium_dust"}]; Unknown registry key in ResourceKey[minecraft:root / minecraft:item]: draconicevolution:awakened_draconium_dust
[14May2026 05:24:01.241] [main/ERROR] [net.minecraft.world.item.crafting.RecipeManager/]: Parsing error loading recipe letsdocompat:farm_and_charm/adastradelight/strophar_mushroom_stew: com.google.gson.JsonParseException: Unknown registry key in ResourceKey[minecraft:root / minecraft:item]: compatdelight:strophar_mushroom_stew; Failed to parse either. First: Not a json array: {"item":"ad_astra:strophar_mushroom"}; Second: No key tag in MapLike[{"item":"ad_astra:strophar_mushroom"}]; Unknown registry key in ResourceKey[minecraft:root / minecraft:item]: ad_astra:strophar_mushroom; Failed to parse either. First: Not a json array: {"item":"ad_astra:strophar_mushroom"}; Second: No key tag in MapLike[{"item":"ad_astra:strophar_mushroom"}]; Unknown registry key in ResourceKey[minecraft:root / minecraft:item]: ad_astra:strophar_mushroom
[14May2026 05:24:01.242] [main/ERROR] [net.minecraft.world.item.crafting.RecipeManager/]: Parsing error loading recipe letsdocompat:farm_and_charm/midnightdelight/nightshroom_dough: com.google.gson.JsonParseException: Unknown registry key in ResourceKey[minecraft:root / minecraft:item]: compatdelight:nightshroom_dough; Failed to parse either. First: Not a json array: {"item":"midnight:nightshroom_powder"}; Second: No key tag in MapLike[{"item":"midnight:nightshroom_powder"}]; Unknown registry key in ResourceKey[minecraft:root / minecraft:item]: midnight:nightshroom_powder; No ingredients for shapeless recipe
[14May2026 05:24:01.250] [main/ERROR] [net.minecraft.world.item.crafting.RecipeManager/]: Parsing error loading recipe letsdocompat:farm_and_charm/evilcraftdelight/dull_dust_sauce: com.google.gson.JsonParseException: Unknown registry key in ResourceKey[minecraft:root / minecraft:item]: compatdelight:dull_dust_sauce; Failed to parse either. First: Not a json array: {"item":"evilcraft:dull_dust"}; Second: No key tag in MapLike[{"item":"evilcraft:dull_dust"}]; Unknown registry key in ResourceKey[minecraft:root / minecraft:item]: evilcraft:dull_dust; Failed to parse either. First: Not a json array: {"item":"evilcraft:dull_dust"}; Second: No key tag in MapLike[{"item":"evilcraft:dull_dust"}]; Unknown registry key in ResourceKey[minecraft:root / minecraft:item]: evilcraft:dull_dust; No ingredients for shapeless recipe
[14May2026 05:24:01.253] [main/ERROR] [net.minecraft.world.item.crafting.RecipeManager/]: Parsing error loading recipe letsdocompat:farm_and_charm/enigmaticlegacydelight/astral_fruit_stew: com.google.gson.JsonParseException: Unknown registry key in ResourceKey[minecraft:root / minecraft:item]: compatdelight:astral_fruit_stew; Failed to parse either. First: Not a json array: {"item":"enigmaticlegacy:astral_fruit"}; Second: No key tag in MapLike[{"item":"enigmaticlegacy:astral_fruit"}]; Unknown registry key in ResourceKey[minecraft:root / minecraft:item]: enigmaticlegacy:astral_fruit; Failed to parse either. First: Not a json array: {"item":"enigmaticlegacy:astral_fruit"}; Second: No key tag in MapLike[{"item":"enigmaticlegacy:astral_fruit"}]; Unknown registry key in ResourceKey[minecraft:root / minecraft:item]: enigmaticlegacy:astral_fruit; No ingredients for shapeless recipe
[14May2026 05:24:01.255] [main/ERROR] [net.minecraft.world.item.crafting.RecipeManager/]: Parsing error loading recipe letsdocompat:farm_and_charm/naturalistdelight/duck_soup: com.google.gson.JsonParseException: Unknown registry key in ResourceKey[minecraft:root / minecraft:item]: compatdelight:duck_soup; Failed to parse either. First: Not a json array: {"item":"naturalist:cooked_duck"}; Second: No key tag in MapLike[{"item":"naturalist:cooked_duck"}]; Unknown registry key in ResourceKey[minecraft:root / minecraft:item]: naturalist:cooked_duck
[14May2026 05:24:01.256] [main/ERROR] [net.minecraft.world.item.crafting.RecipeManager/]: Parsing error loading recipe letsdocompat:farm_and_charm/otbwgdelight/weeping_milkcap_stew: com.google.gson.JsonParseException: Unknown registry key in ResourceKey[minecraft:root / minecraft:item]: compatdelight:weeping_milkcap_stew; Failed to parse either. First: Not a json array: {"item":"biomeswevegone:weeping_milkcap"}; Second: No key tag in MapLike[{"item":"biomeswevegone:weeping_milkcap"}]; Unknown registry key in ResourceKey[minecraft:root / minecraft:item]: biomeswevegone:weeping_milkcap
[14May2026 05:24:01.258] [main/ERROR] [net.minecraft.world.item.crafting.RecipeManager/]: Parsing error loading recipe letsdocompat:farm_and_charm/cyclicdelight/ender_ice_cream: com.google.gson.JsonParseException: Unknown registry key in ResourceKey[minecraft:root / minecraft:item]: compatdelight:ender_ice_cream
[14May2026 05:24:01.260] [main/ERROR] [net.minecraft.world.item.crafting.RecipeManager/]: Parsing error loading recipe letsdocompat:farm_and_charm/ironsspellsdelight/mix_essence_stew: com.google.gson.JsonParseException: Unknown registry key in ResourceKey[minecraft:root / minecraft:item]: compatdelight:mix_essence_stew; Failed to parse either. First: Not a json array: {"item":"irons_spellbooks:fire_ale"}; Second: No key tag in MapLike[{"item":"irons_spellbooks:fire_ale"}]; Unknown registry key in ResourceKey[minecraft:root / minecraft:item]: irons_spellbooks:fire_ale; Failed to parse either. First: Not a json array: {"item":"irons_spellbooks:cinder_essence"}; Second: No key tag in MapLike[{"item":"irons_spellbooks:cinder_essence"}]; Unknown registry key in ResourceKey[minecraft:root / minecraft:item]: irons_spellbooks:cinder_essence; Failed to parse either. First: Not a json array: {"item":"irons_spellbooks:arcane_essence"}; Second: No key tag in MapLike[{"item":"irons_spellbooks:arcane_essence"}]; Unknown registry key in ResourceKey[minecraft:root / minecraft:item]: irons_spellbooks:arcane_essence
[14May2026 05:24:01.263] [main/ERROR] [net.minecraft.world.item.crafting.RecipeManager/]: Parsing error loading recipe letsdocompat:farm_and_charm/appliedenergisticsdelight/ender_dust_jem: com.google.gson.JsonParseException: Unknown registry key in ResourceKey[minecraft:root / minecraft:item]: compatdelight:ender_dust_jem; Failed to parse either. First: Not a json array: {"item":"ae2:ender_dust"}; Second: No key tag in MapLike[{"item":"ae2:ender_dust"}]; Unknown registry key in ResourceKey[minecraft:root / minecraft:item]: ae2:ender_dust; Failed to parse either. First: Not a json array: {"item":"ae2:ender_dust"}; Second: No key tag in MapLike[{"item":"ae2:ender_dust"}]; Unknown registry key in ResourceKey[minecraft:root / minecraft:item]: ae2:ender_dust
[14May2026 05:24:01.264] [main/ERROR] [net.minecraft.world.item.crafting.RecipeManager/]: Parsing error loading recipe letsdocompat:farm_and_charm/enlightenddelight/ennegel_shake: com.google.gson.JsonParseException: Unknown registry key in ResourceKey[minecraft:root / minecraft:item]: compatdelight:ennegel_shake; Failed to parse either. First: Not a json array: {"item":"enlightened_end:ennegel_splat"}; Second: No key tag in MapLike[{"item":"enlightened_end:ennegel_splat"}]; Unknown registry key in ResourceKey[minecraft:root / minecraft:item]: enlightened_end:ennegel_splat; Failed to parse either. First: Not a json array: {"item":"enlightened_end:ennegel_glob"}; Second: No key tag in MapLike[{"item":"enlightened_end:ennegel_glob"}]; Unknown registry key in ResourceKey[minecraft:root / minecraft:item]: enlightened_end:ennegel_glob
[14May2026 05:24:01.264] [main/ERROR] [net.minecraft.world.item.crafting.RecipeManager/]: Parsing error loading recipe letsdocompat:farm_and_charm/toughasdelight/cactus_ice_cream: com.google.gson.JsonParseException: Unknown registry key in ResourceKey[minecraft:root / minecraft:item]: compatdelight:cactus_ice_cream; Failed to parse either. First: Not a json array: {"item":"compatdelight:cactus_jem"}; Second: No key tag in MapLike[{"item":"compatdelight:cactus_jem"}]; Unknown registry key in ResourceKey[minecraft:root / minecraft:item]: compatdelight:cactus_jem; Failed to parse either. First: Not a json array: {"item":"compatdelight:cactus_jem"}; Second: No key tag in MapLike[{"item":"compatdelight:cactus_jem"}]; Unknown registry key in ResourceKey[minecraft:root / minecraft:item]: compatdelight:cactus_jem
[14May2026 05:24:01.264] [main/ERROR] [net.minecraft.world.item.crafting.RecipeManager/]: Parsing error loading recipe letsdocompat:farm_and_charm/forbiddenandarcanusdelight/bat_tentacle_stick: com.google.gson.JsonParseException: Unknown registry key in ResourceKey[minecraft:root / minecraft:item]: compatdelight:bat_tentacle_stick; Failed to parse either. First: Not a json array: {"item":"forbidden_arcanus:bat_wing"}; Second: No key tag in MapLike[{"item":"forbidden_arcanus:bat_wing"}]; Unknown registry key in ResourceKey[minecraft:root / minecraft:item]: forbidden_arcanus:bat_wing; Failed to parse either. First: Not a json array: {"item":"forbidden_arcanus:tentacle"}; Second: No key tag in MapLike[{"item":"forbidden_arcanus:tentacle"}]; Unknown registry key in ResourceKey[minecraft:root / minecraft:item]: forbidden_arcanus:tentacle; No ingredients for shapeless recipe
[14May2026 05:24:01.265] [main/ERROR] [net.minecraft.world.item.crafting.RecipeManager/]: Parsing error loading recipe letsdocompat:farm_and_charm/cavebiomesdelight/prickly_peach_porridge: com.google.gson.JsonParseException: Unknown registry key in ResourceKey[minecraft:root / minecraft:item]: compatdelight:prickly_peach_porridge; Failed to parse either. First: Not a json array: {"item":"yungscavebiomes:prickly_peach"}; Second: No key tag in MapLike[{"item":"yungscavebiomes:prickly_peach"}]; Unknown registry key in ResourceKey[minecraft:root / minecraft:item]: yungscavebiomes:prickly_peach; Failed to parse either. First: Not a json array: {"item":"yungscavebiomes:prickly_peach"}; Second: No key tag in MapLike[{"item":"yungscavebiomes:prickly_peach"}]; Unknown registry key in ResourceKey[minecraft:root / minecraft:item]: yungscavebiomes:prickly_peach; Failed to parse either. First: Not a json array: {"item":"yungscavebiomes:prickly_peach"}; Second: No key tag in MapLike[{"item":"yungscavebiomes:prickly_peach"}]; Unknown registry key in ResourceKey[minecraft:root / minecraft:item]: yungscavebiomes:prickly_peach; Failed to parse either. First: Not a json array: {"item":"yungscavebiomes:prickly_peach"}; Second: No key tag in MapLike[{"item":"yungscavebiomes:prickly_peach"}]; Unknown registry key in ResourceKey[minecraft:root / minecraft:item]: yungscavebiomes:prickly_peach; No ingredients for shapeless recipe
[14May2026 05:24:01.266] [main/ERROR] [net.minecraft.world.item.crafting.RecipeManager/]: Parsing error loading recipe letsdocompat:farm_and_charm/tropicraftdelight/pineapple_juice: com.google.gson.JsonParseException: Unknown registry key in ResourceKey[minecraft:root / minecraft:item]: compatdelight:pineapple_juice; Failed to parse either. First: Not a json array: {"item":"compatdelight:pineapple_jem"}; Second: No key tag in MapLike[{"item":"compatdelight:pineapple_jem"}]; Unknown registry key in ResourceKey[minecraft:root / minecraft:item]: compatdelight:pineapple_jem; Failed to parse either. First: Not a json array: {"item":"compatdelight:pineapple_jem"}; Second: No key tag in MapLike[{"item":"compatdelight:pineapple_jem"}]; Unknown registry key in ResourceKey[minecraft:root / minecraft:item]: compatdelight:pineapple_jem
[14May2026 05:24:01.268] [main/ERROR] [net.minecraft.world.item.crafting.RecipeManager/]: Parsing error loading recipe letsdocompat:farm_and_charm/hexereidelight/yellow_dock_shake: com.google.gson.JsonParseException: Unknown registry key in ResourceKey[minecraft:root / minecraft:item]: compatdelight:yellow_dock_shake; Failed to parse either. First: Not a json array: {"item":"hexerei:yellow_dock_leaves"}; Second: No key tag in MapLike[{"item":"hexerei:yellow_dock_leaves"}]; Unknown registry key in ResourceKey[minecraft:root / minecraft:item]: hexerei:yellow_dock_leaves; Failed to parse either. First: Not a json array: {"item":"hexerei:yellow_dock_leaves"}; Second: No key tag in MapLike[{"item":"hexerei:yellow_dock_leaves"}]; Unknown registry key in ResourceKey[minecraft:root / minecraft:item]: hexerei:yellow_dock_leaves
[14May2026 05:24:01.268] [main/ERROR] [net.minecraft.world.item.crafting.RecipeManager/]: Parsing error loading recipe letsdocompat:farm_and_charm/bumblezonedelight/royal_jelly_apple: com.google.gson.JsonParseException: Unknown registry key in ResourceKey[minecraft:root / minecraft:item]: compatdelight:royal_jelly_apple; Failed to parse either. First: Not a json array: {"item":"the_bumblezone:royal_jelly_bottle"}; Second: No key tag in MapLike[{"item":"the_bumblezone:royal_jelly_bottle"}]; Unknown registry key in ResourceKey[minecraft:root / minecraft:item]: the_bumblezone:royal_jelly_bottle; No ingredients for shapeless recipe
[14May2026 05:24:01.271] [main/ERROR] [net.minecraft.world.item.crafting.RecipeManager/]: Parsing error loading recipe create:blasting/silver_ingot_compat_galosphere: com.google.gson.JsonParseException: Unknown registry key in ResourceKey[minecraft:root / minecraft:item]: galosphere:silver_ingot
[14May2026 05:24:01.271] [main/ERROR] [net.minecraft.world.item.crafting.RecipeManager/]: Parsing error loading recipe letsdocompat:farm_and_charm/tropicraftdelight/papaya_juice: com.google.gson.JsonParseException: Unknown registry key in ResourceKey[minecraft:root / minecraft:item]: compatdelight:papaya_juice; Failed to parse either. First: Not a json array: {"item":"compatdelight:papaya_jem"}; Second: No key tag in MapLike[{"item":"compatdelight:papaya_jem"}]; Unknown registry key in ResourceKey[minecraft:root / minecraft:item]: compatdelight:papaya_jem; Failed to parse either. First: Not a json array: {"item":"compatdelight:papaya_jem"}; Second: No key tag in MapLike[{"item":"compatdelight:papaya_jem"}]; Unknown registry key in ResourceKey[minecraft:root / minecraft:item]: compatdelight:papaya_jem
[14May2026 05:24:01.272] [main/ERROR] [net.minecraft.world.item.crafting.RecipeManager/]: Parsing error loading recipe letsdocompat:farm_and_charm/forbiddenandarcanusdelight/arcane_dragon_soup: com.google.gson.JsonParseException: Unknown registry key in ResourceKey[minecraft:root / minecraft:item]: compatdelight:arcane_dragon_soup; Failed to parse either. First: Not a json array: {"item":"compatdelight:cooked_arcane_dragon_egg"}; Second: No key tag in MapLike[{"item":"compatdelight:cooked_arcane_dragon_egg"}]; Unknown registry key in ResourceKey[minecraft:root / minecraft:item]: compatdelight:cooked_arcane_dragon_egg
[14May2026 05:24:01.277] [main/ERROR] [net.minecraft.world.item.crafting.RecipeManager/]: Parsing error loading recipe letsdocompat:farm_and_charm/outerenddelight/rose_crystalline_berries_jem: com.google.gson.JsonParseException: Unknown registry key in ResourceKey[minecraft:root / minecraft:item]: compatdelight:rose_crystalline_berries_jem; Failed to parse either. First: Not a json array: {"item":"outer_end:rose_crystalline_berries"}; Second: No key tag in MapLike[{"item":"outer_end:rose_crystalline_berries"}]; Unknown registry key in ResourceKey[minecraft:root / minecraft:item]: outer_end:rose_crystalline_berries; Failed to parse either. First: Not a json array: {"item":"outer_end:rose_crystalline_berries"}; Second: No key tag in MapLike[{"item":"outer_end:rose_crystalline_berries"}]; Unknown registry key in ResourceKey[minecraft:root / minecraft:item]: outer_end:rose_crystalline_berries
[14May2026 05:24:01.278] [main/ERROR] [net.minecraft.world.item.crafting.RecipeManager/]: Parsing error loading recipe letsdocompat:farm_and_charm/draconicevolutiondelight/draconium_jem: com.google.gson.JsonParseException: Unknown registry key in ResourceKey[minecraft:root / minecraft:item]: compatdelight:draconium_jem; Failed to parse either. First: Not a json array: {"item":"draconicevolution:draconium_dust"}; Second: No key tag in MapLike[{"item":"draconicevolution:draconium_dust"}]; Unknown registry key in ResourceKey[minecraft:root / minecraft:item]: draconicevolution:draconium_dust; Failed to parse either. First: Not a json array: {"item":"draconicevolution:draconium_dust"}; Second: No key tag in MapLike[{"item":"draconicevolution:draconium_dust"}]; Unknown registry key in ResourceKey[minecraft:root / minecraft:item]: draconicevolution:draconium_dust
[14May2026 05:24:01.278] [main/ERROR] [net.minecraft.world.item.crafting.RecipeManager/]: Parsing error loading recipe letsdocompat:farm_and_charm/arsnouveaudelight/frostaya_yougurt: com.google.gson.JsonParseException: Unknown registry key in ResourceKey[minecraft:root / minecraft:item]: compatdelight:frostaya_yougurt; Failed to parse either. First: Not a json array: {"item":"compatdelight:frostaya_jem"}; Second: No key tag in MapLike[{"item":"compatdelight:frostaya_jem"}]; Unknown registry key in ResourceKey[minecraft:root / minecraft:item]: compatdelight:frostaya_jem; Failed to parse either. First: Not a json array: {"item":"compatdelight:frostaya_jem"}; Second: No key tag in MapLike[{"item":"compatdelight:frostaya_jem"}]; Unknown registry key in ResourceKey[minecraft:root / minecraft:item]: compatdelight:frostaya_jem
[14May2026 05:24:01.279] [main/ERROR] [net.minecraft.world.item.crafting.RecipeManager/]: Parsing error loading recipe letsdocompat:farm_and_charm/forbiddenandarcanusdelight/smelter_prism_juice: com.google.gson.JsonParseException: Unknown registry key in ResourceKey[minecraft:root / minecraft:item]: compatdelight:smelter_prism_juice; Failed to parse either. First: Not a json array: {"item":"forbidden_arcanus:smelter_prism"}; Second: No key tag in MapLike[{"item":"forbidden_arcanus:smelter_prism"}]; Unknown registry key in ResourceKey[minecraft:root / minecraft:item]: forbidden_arcanus:smelter_prism; Failed to parse either. First: Not a json array: {"item":"forbidden_arcanus:smelter_prism"}; Second: No key tag in MapLike[{"item":"forbidden_arcanus:smelter_prism"}]; Unknown registry key in ResourceKey[minecraft:root / minecraft:item]: forbidden_arcanus:smelter_prism; No ingredients for shapeless recipe
[14May2026 05:24:01.281] [main/ERROR] [net.minecraft.world.item.crafting.RecipeManager/]: Parsing error loading recipe letsdocompat:farm_and_charm/appliedenergisticsdelight/ender_dust_shake: com.google.gson.JsonParseException: Unknown registry key in ResourceKey[minecraft:root / minecraft:item]: compatdelight:ender_dust_shake; Failed to parse either. First: Not a json array: {"item":"compatdelight:ender_dust_jem"}; Second: No key tag in MapLike[{"item":"compatdelight:ender_dust_jem"}]; Unknown registry key in ResourceKey[minecraft:root / minecraft:item]: compatdelight:ender_dust_jem; Failed to parse either. First: Not a json array: {"item":"compatdelight:ender_dust_jem"}; Second: No key tag in MapLike[{"item":"compatdelight:ender_dust_jem"}]; Unknown registry key in ResourceKey[minecraft:root / minecraft:item]: compatdelight:ender_dust_jem
[14May2026 05:24:01.283] [main/ERROR] [net.minecraft.world.item.crafting.RecipeManager/]: Parsing error loading recipe letsdocompat:farm_and_charm/draconicevolutiondelight/dragon_heart_stew: com.google.gson.JsonParseException: Unknown registry key in ResourceKey[minecraft:root / minecraft:item]: compatdelight:dragon_heart_stew; Failed to parse either. First: Not a json array: {"item":"compatdelight:draconium_jem"}; Second: No key tag in MapLike[{"item":"compatdelight:draconium_jem"}]; Unknown registry key in ResourceKey[minecraft:root / minecraft:item]: compatdelight:draconium_jem; Failed to parse either. First: Not a json array: {"item":"draconicevolution:dragon_heart"}; Second: No key tag in MapLike[{"item":"draconicevolution:dragon_heart"}]; Unknown registry key in ResourceKey[minecraft:root / minecraft:item]: draconicevolution:dragon_heart; No ingredients for shapeless recipe
[14May2026 05:24:01.284] [main/ERROR] [net.minecraft.world.item.crafting.RecipeManager/]: Parsing error loading recipe letsdocompat:farm_and_charm/legendarycreaturesdelight/cooked_wisp_pollen: com.google.gson.JsonParseException: Unknown registry key in ResourceKey[minecraft:root / minecraft:item]: compatdelight:cooked_wisp_pollen; Failed to parse either. First: Not a json array: {"item":"compatdelight:wisp_pollen"}; Second: No key tag in MapLike[{"item":"compatdelight:wisp_pollen"}]; Unknown registry key in ResourceKey[minecraft:root / minecraft:item]: compatdelight:wisp_pollen; No ingredients for shapeless recipe
[14May2026 05:24:01.285] [main/ERROR] [net.minecraft.world.item.crafting.RecipeManager/]: Parsing error loading recipe letsdocompat:farm_and_charm/netherificdelight/strange_juice: com.google.gson.JsonParseException: Unknown registry key in ResourceKey[minecraft:root / minecraft:item]: compatdelight:strange_juice; Failed to parse either. First: Not a json array: {"item":"nourished_nether:strange_elixir"}; Second: No key tag in MapLike[{"item":"nourished_nether:strange_elixir"}]; Unknown registry key in ResourceKey[minecraft:root / minecraft:item]: nourished_nether:strange_elixir; Failed to parse either. First: Not a json array: {"item":"nourished_nether:strange_elixir"}; Second: No key tag in MapLike[{"item":"nourished_nether:strange_elixir"}]; Unknown registry key in ResourceKey[minecraft:root / minecraft:item]: nourished_nether:strange_elixir; No ingredients for shapeless recipe
[14May2026 05:24:01.293] [main/ERROR] [net.minecraft.world.item.crafting.RecipeManager/]: Parsing error loading recipe letsdocompat:farm_and_charm/legendarycreaturesdelight/grilled_scorpion: com.google.gson.JsonParseException: Unknown registry key in ResourceKey[minecraft:root / minecraft:item]: compatdelight:grilled_scorpion; Failed to parse either. First: Not a json array: {"item":"compatdelight:scorpion"}; Second: No key tag in MapLike[{"item":"compatdelight:scorpion"}]; Unknown registry key in ResourceKey[minecraft:root / minecraft:item]: compatdelight:scorpion
[14May2026 05:24:01.294] [main/ERROR] [net.minecraft.world.item.crafting.RecipeManager/]: Parsing error loading recipe letsdocompat:farm_and_charm/refinedstoragedelight/improved_stew: com.google.gson.JsonParseException: Unknown registry key in ResourceKey[minecraft:root / minecraft:item]: compatdelight:improved_stew; Failed to parse either. First: Not a json array: {"item":"refinedstorage:raw_improved_processor"}; Second: No key tag in MapLike[{"item":"refinedstorage:raw_improved_processor"}]; Unknown registry key in ResourceKey[minecraft:root / minecraft:item]: refinedstorage:raw_improved_processor; Failed to parse either. First: Not a json array: {"item":"refinedstorage:raw_improved_processor"}; Second: No key tag in MapLike[{"item":"refinedstorage:raw_improved_processor"}]; Unknown registry key in ResourceKey[minecraft:root / minecraft:item]: refinedstorage:raw_improved_processor; No ingredients for shapeless recipe
[14May2026 05:24:01.295] [main/ERROR] [net.minecraft.world.item.crafting.RecipeManager/]: Parsing error loading recipe letsdocompat:farm_and_charm/palegardendelight/resin_ice_cream: com.google.gson.JsonParseException: Unknown registry key in ResourceKey[minecraft:root / minecraft:item]: compatdelight:resin_ice_cream; Failed to parse either. First: Not a json array: {"item":"compatdelight:resin_jem"}; Second: No key tag in MapLike[{"item":"compatdelight:resin_jem"}]; Unknown registry key in ResourceKey[minecraft:root / minecraft:item]: compatdelight:resin_jem; Failed to parse either. First: Not a json array: {"item":"compatdelight:resin_jem"}; Second: No key tag in MapLike[{"item":"compatdelight:resin_jem"}]; Unknown registry key in ResourceKey[minecraft:root / minecraft:item]: compatdelight:resin_jem
[14May2026 05:24:01.298] [main/ERROR] [net.minecraft.world.item.crafting.RecipeManager/]: Parsing error loading recipe letsdocompat:farm_and_charm/bloodmagicdelight/strong_tau_jem: com.google.gson.JsonParseException: Unknown registry key in ResourceKey[minecraft:root / minecraft:item]: compatdelight:strong_tau_jem; Failed to parse either. First: Not a json array: {"item":"bloodmagic:strong_tau"}; Second: No key tag in MapLike[{"item":"bloodmagic:strong_tau"}]; Unknown registry key in ResourceKey[minecraft:root / minecraft:item]: bloodmagic:strong_tau; Failed to parse either. First: Not a json array: {"item":"bloodmagic:strong_tau"}; Second: No key tag in MapLike[{"item":"bloodmagic:strong_tau"}]; Unknown registry key in ResourceKey[minecraft:root / minecraft:item]: bloodmagic:strong_tau
[14May2026 05:24:01.301] [main/ERROR] [net.minecraft.world.item.crafting.RecipeManager/]: Parsing error loading recipe letsdocompat:farm_and_charm/refinedstoragedelight/processor_salad: com.google.gson.JsonParseException: Unknown registry key in ResourceKey[minecraft:root / minecraft:item]: compatdelight:processor_salad; Failed to parse either. First: Not a json array: {"item":"refinedstorage:raw_basic_processor"}; Second: No key tag in MapLike[{"item":"refinedstorage:raw_basic_processor"}]; Unknown registry key in ResourceKey[minecraft:root / minecraft:item]: refinedstorage:raw_basic_processor; Failed to parse either. First: Not a json array: {"item":"refinedstorage:raw_improved_processor"}; Second: No key tag in MapLike[{"item":"refinedstorage:raw_improved_processor"}]; Unknown registry key in ResourceKey[minecraft:root / minecraft:item]: refinedstorage:raw_improved_processor; Failed to parse either. First: Not a json array: {"item":"refinedstorage:raw_advanced_processor"}; Second: No key tag in MapLike[{"item":"refinedstorage:raw_advanced_processor"}]; Unknown registry key in ResourceKey[minecraft:root / minecraft:item]: refinedstorage:raw_advanced_processor; Failed to parse either. First: Not a json array: {"item":"refinedstorage:raw_basic_processor"}; Second: No key tag in MapLike[{"item":"refinedstorage:raw_basic_processor"}]; Unknown registry key in ResourceKey[minecraft:root / minecraft:item]: refinedstorage:raw_basic_processor; Failed to parse either. First: Not a json array: {"item":"refinedstorage:raw_improved_processor"}; Second: No key tag in MapLike[{"item":"refinedstorage:raw_improved_processor"}]; Unknown registry key in ResourceKey[minecraft:root / minecraft:item]: refinedstorage:raw_improved_processor; Failed to parse either. First: Not a json array: {"item":"refinedstorage:raw_advanced_processor"}; Second: No key tag in MapLike[{"item":"refinedstorage:raw_advanced_processor"}]; Unknown registry key in ResourceKey[minecraft:root / minecraft:item]: refinedstorage:raw_advanced_processor; No ingredients for shapeless recipe
[14May2026 05:24:01.304] [main/ERROR] [net.minecraft.world.item.crafting.RecipeManager/]: Parsing error loading recipe letsdocompat:farm_and_charm/refinedstoragedelight/processor_binding_stew: com.google.gson.JsonParseException: Unknown registry key in ResourceKey[minecraft:root / minecraft:item]: compatdelight:processor_binding_stew; Failed to parse either. First: Not a json array: {"item":"refinedstorage:processor_binding"}; Second: No key tag in MapLike[{"item":"refinedstorage:processor_binding"}]; Unknown registry key in ResourceKey[minecraft:root / minecraft:item]: refinedstorage:processor_binding; Failed to parse either. First: Not a json array: {"item":"refinedstorage:processor_binding"}; Second: No key tag in MapLike[{"item":"refinedstorage:processor_binding"}]; Unknown registry key in ResourceKey[minecraft:root / minecraft:item]: refinedstorage:processor_binding; No ingredients for shapeless recipe
[14May2026 05:24:01.306] [main/ERROR] [net.minecraft.world.item.crafting.RecipeManager/]: Parsing error loading recipe letsdocompat:farm_and_charm/cyclicdelight/chorus_spectral_custard: com.google.gson.JsonParseException: Unknown registry key in ResourceKey[minecraft:root / minecraft:item]: compatdelight:chorus_spectral_custard; Failed to parse either. First: Not a json array: {"item":"cyclic:chorus_spectral"}; Second: No key tag in MapLike[{"item":"cyclic:chorus_spectral"}]; Unknown registry key in ResourceKey[minecraft:root / minecraft:item]: cyclic:chorus_spectral
[14May2026 05:24:01.306] [main/ERROR] [net.minecraft.world.item.crafting.RecipeManager/]: Parsing error loading recipe letsdocompat:farm_and_charm/refinedstoragedelight/silicon_juice: com.google.gson.JsonParseException: Unknown registry key in ResourceKey[minecraft:root / minecraft:item]: compatdelight:silicon_juice; Failed to parse either. First: Not a json array: {"item":"refinedstorage:silicon"}; Second: No key tag in MapLike[{"item":"refinedstorage:silicon"}]; Unknown registry key in ResourceKey[minecraft:root / minecraft:item]: refinedstorage:silicon; Failed to parse either. First: Not a json array: {"item":"refinedstorage:silicon"}; Second: No key tag in MapLike[{"item":"refinedstorage:silicon"}]; Unknown registry key in ResourceKey[minecraft:root / minecraft:item]: refinedstorage:silicon
[14May2026 05:24:01.309] [main/ERROR] [net.minecraft.world.item.crafting.RecipeManager/]: Parsing error loading recipe letsdocompat:farm_and_charm/toughasdelight/sweet_berry_ice_cream: com.google.gson.JsonParseException: Unknown registry key in ResourceKey[minecraft:root / minecraft:item]: compatdelight:sweet_berry_ice_cream; Failed to parse either. First: Not a json array: {"item":"compatdelight:sweet_berry_jem"}; Second: No key tag in MapLike[{"item":"compatdelight:sweet_berry_jem"}]; Unknown registry key in ResourceKey[minecraft:root / minecraft:item]: compatdelight:sweet_berry_jem; Failed to parse either. First: Not a json array: {"item":"compatdelight:sweet_berry_jem"}; Second: No key tag in MapLike[{"item":"compatdelight:sweet_berry_jem"}]; Unknown registry key in ResourceKey[minecraft:root / minecraft:item]: compatdelight:sweet_berry_jem
[14May2026 05:24:01.311] [main/ERROR] [net.minecraft.world.item.crafting.RecipeManager/]: Parsing error loading recipe letsdocompat:farm_and_charm/borninchaosdelight/candy_dishes: com.google.gson.JsonParseException: Unknown registry key in ResourceKey[minecraft:root / minecraft:item]: compatdelight:candy_dishes; Failed to parse either. First: Not a json array: {"item":"born_in_chaos_v1:mint_candy"}; Second: No key tag in MapLike[{"item":"born_in_chaos_v1:mint_candy"}]; Unknown registry key in ResourceKey[minecraft:root / minecraft:item]: born_in_chaos_v1:mint_candy; Failed to parse either. First: Not a json array: {"item":"born_in_chaos_v1:mint_ice_cream"}; Second: No key tag in MapLike[{"item":"born_in_chaos_v1:mint_ice_cream"}]; Unknown registry key in ResourceKey[minecraft:root / minecraft:item]: born_in_chaos_v1:mint_ice_cream; Failed to parse either. First: Not a json array: {"item":"born_in_chaos_v1:holiday_candy"}; Second: No key tag in MapLike[{"item":"born_in_chaos_v1:holiday_candy"}]; Unknown registry key in ResourceKey[minecraft:root / minecraft:item]: born_in_chaos_v1:holiday_candy; No ingredients for shapeless recipe
[14May2026 05:24:01.312] [main/ERROR] [net.minecraft.world.item.crafting.RecipeManager/]: Parsing error loading recipe letsdocompat:farm_and_charm/toughasdelight/cactus_jem: com.google.gson.JsonParseException: Unknown registry key in ResourceKey[minecraft:root / minecraft:item]: compatdelight:cactus_jem; Failed to parse either. First: Not a json array: {"item":"toughasnails:cactus_juice"}; Second: No key tag in MapLike[{"item":"toughasnails:cactus_juice"}]; Unknown registry key in ResourceKey[minecraft:root / minecraft:item]: toughasnails:cactus_juice; Failed to parse either. First: Not a json array: {"item":"toughasnails:cactus_juice"}; Second: No key tag in MapLike[{"item":"toughasnails:cactus_juice"}]; Unknown registry key in ResourceKey[minecraft:root / minecraft:item]: toughasnails:cactus_juice
[14May2026 05:24:01.312] [main/ERROR] [net.minecraft.world.item.crafting.RecipeManager/]: Parsing error loading recipe letsdocompat:farm_and_charm/outerenddelight/floral_sauce: com.google.gson.JsonParseException: Unknown registry key in ResourceKey[minecraft:root / minecraft:item]: compatdelight:floral_sauce; Failed to parse either. First: Not a json array: {"item":"outer_end:floral_paste"}; Second: No key tag in MapLike[{"item":"outer_end:floral_paste"}]; Unknown registry key in ResourceKey[minecraft:root / minecraft:item]: outer_end:floral_paste; Failed to parse either. First: Not a json array: {"item":"outer_end:floral_paste"}; Second: No key tag in MapLike[{"item":"outer_end:floral_paste"}]; Unknown registry key in ResourceKey[minecraft:root / minecraft:item]: outer_end:floral_paste; No ingredients for shapeless recipe
[14May2026 05:24:01.313] [main/ERROR] [net.minecraft.world.item.crafting.RecipeManager/]: Parsing error loading recipe letsdocompat:farm_and_charm/appliedenergisticsdelight/energy_salad: com.google.gson.JsonParseException: Unknown registry key in ResourceKey[minecraft:root / minecraft:item]: compatdelight:energy_salad; Failed to parse either. First: Not a json array: {"item":"ae2:sky_dust"}; Second: No key tag in MapLike[{"item":"ae2:sky_dust"}]; Unknown registry key in ResourceKey[minecraft:root / minecraft:item]: ae2:sky_dust; Failed to parse either. First: Not a json array: {"item":"ae2:ender_dust"}; Second: No key tag in MapLike[{"item":"ae2:ender_dust"}]; Unknown registry key in ResourceKey[minecraft:root / minecraft:item]: ae2:ender_dust; Failed to parse either. First: Not a json array: {"item":"ae2:fluix_dust"}; Second: No key tag in MapLike[{"item":"ae2:fluix_dust"}]; Unknown registry key in ResourceKey[minecraft:root / minecraft:item]: ae2:fluix_dust; No ingredients for shapeless recipe
[14May2026 05:24:01.314] [main/ERROR] [net.minecraft.world.item.crafting.RecipeManager/]: Parsing error loading recipe letsdocompat:farm_and_charm/blueskiesdelight/scalefruit_cider: com.google.gson.JsonParseException: Unknown registry key in ResourceKey[minecraft:root / minecraft:item]: compatdelight:scalefruit_cider; Failed to parse either. First: Not a json array: {"item":"blue_skies:scalefruit"}; Second: No key tag in MapLike[{"item":"blue_skies:scalefruit"}]; Unknown registry key in ResourceKey[minecraft:root / minecraft:item]: blue_skies:scalefruit; Failed to parse either. First: Not a json array: {"item":"blue_skies:scalefruit"}; Second: No key tag in MapLike[{"item":"blue_skies:scalefruit"}]; Unknown registry key in ResourceKey[minecraft:root / minecraft:item]: blue_skies:scalefruit
[14May2026 05:24:01.315] [main/ERROR] [net.minecraft.world.item.crafting.RecipeManager/]: Parsing error loading recipe letsdocompat:farm_and_charm/borninchaosdelight/eternal_candy_shake: com.google.gson.JsonParseException: Unknown registry key in ResourceKey[minecraft:root / minecraft:item]: compatdelight:eternal_candy_shake; Failed to parse either. First: Not a json array: {"item":"born_in_chaos_v1:eternal_candy"}; Second: No key tag in MapLike[{"item":"born_in_chaos_v1:eternal_candy"}]; Unknown registry key in ResourceKey[minecraft:root / minecraft:item]: born_in_chaos_v1:eternal_candy
[14May2026 05:24:01.315] [main/ERROR] [net.minecraft.world.item.crafting.RecipeManager/]: Parsing error loading recipe letsdocompat:farm_and_charm/mutantmonstersdelight/mutant_dog_food: com.google.gson.JsonParseException: Unknown registry key in ResourceKey[minecraft:root / minecraft:item]: compatdelight:mutant_dog_food; Failed to parse either. First: Not a json array: {"item":"mutantmonsters:mutant_skeleton_limb"}; Second: No key tag in MapLike[{"item":"mutantmonsters:mutant_skeleton_limb"}]; Unknown registry key in ResourceKey[minecraft:root / minecraft:item]: mutantmonsters:mutant_skeleton_limb; Failed to parse either. First: Not a json array: {"item":"compatdelight:cooked_mutant_skeleton_meat"}; Second: No key tag in MapLike[{"item":"compatdelight:cooked_mutant_skeleton_meat"}]; Unknown registry key in ResourceKey[minecraft:root / minecraft:item]: compatdelight:cooked_mutant_skeleton_meat; No ingredients for shapeless recipe
[14May2026 05:24:01.315] [main/ERROR] [net.minecraft.world.item.crafting.RecipeManager/]: Parsing error loading recipe letsdocompat:farm_and_charm/enigmaticlegacydelight/forbidden_fruit_stew: com.google.gson.JsonParseException: Unknown registry key in ResourceKey[minecraft:root / minecraft:item]: compatdelight:forbidden_fruit_stew; Failed to parse either. First: Not a json array: {"item":"enigmaticlegacy:forbidden_fruit"}; Second: No key tag in MapLike[{"item":"enigmaticlegacy:forbidden_fruit"}]; Unknown registry key in ResourceKey[minecraft:root / minecraft:item]: enigmaticlegacy:forbidden_fruit; Failed to parse either. First: Not a json array: {"item":"enigmaticlegacy:forbidden_fruit"}; Second: No key tag in MapLike[{"item":"enigmaticlegacy:forbidden_fruit"}]; Unknown registry key in ResourceKey[minecraft:root / minecraft:item]: enigmaticlegacy:forbidden_fruit; No ingredients for shapeless recipe
[14May2026 05:24:01.318] [main/ERROR] [net.minecraft.world.item.crafting.RecipeManager/]: Parsing error loading recipe letsdocompat:farm_and_charm/ratsdelight/cooked_rat_stick: com.google.gson.JsonParseException: Unknown registry key in ResourceKey[minecraft:root / minecraft:item]: compatdelight:cooked_rat_stick; Failed to parse either. First: Not a json array: {"item":"rats:cooked_rat"}; Second: No key tag in MapLike[{"item":"rats:cooked_rat"}]; Unknown registry key in ResourceKey[minecraft:root / minecraft:item]: rats:cooked_rat; No ingredients for shapeless recipe
[14May2026 05:24:01.319] [main/ERROR] [net.minecraft.world.item.crafting.RecipeManager/]: Parsing error loading recipe letsdocompat:farm_and_charm/mutantmonstersdelight/roast_mutant_snow_golem: com.google.gson.JsonParseException: Unknown registry key in ResourceKey[minecraft:root / minecraft:item]: compatdelight:roast_mutant_snow_golem; Failed to parse either. First: Not a json array: {"item":"compatdelight:mutant_snow_golem_meat"}; Second: No key tag in MapLike[{"item":"compatdelight:mutant_snow_golem_meat"}]; Unknown registry key in ResourceKey[minecraft:root / minecraft:item]: compatdelight:mutant_snow_golem_meat
[14May2026 05:24:01.320] [main/ERROR] [net.minecraft.world.item.crafting.RecipeManager/]: Parsing error loading recipe letsdocompat:farm_and_charm/legendarycreaturesdelight/colorful_berry_shake: com.google.gson.JsonParseException: Unknown registry key in ResourceKey[minecraft:root / minecraft:item]: compatdelight:colorful_berry_shake; Failed to parse either. First: Not a json array: {"item":"compatdelight:yellow_berry"}; Second: No key tag in MapLike[{"item":"compatdelight:yellow_berry"}]; Unknown registry key in ResourceKey[minecraft:root / minecraft:item]: compatdelight:yellow_berry; Failed to parse either. First: Not a json array: {"item":"compatdelight:purple_berry"}; Second: No key tag in MapLike[{"item":"compatdelight:purple_berry"}]; Unknown registry key in ResourceKey[minecraft:root / minecraft:item]: compatdelight:purple_berry; Failed to parse either. First: Not a json array: {"item":"compatdelight:green_berry"}; Second: No key tag in MapLike[{"item":"compatdelight:green_berry"}]; Unknown registry key in ResourceKey[minecraft:root / minecraft:item]: compatdelight:green_berry
[14May2026 05:24:01.329] [main/ERROR] [net.minecraft.world.item.crafting.RecipeManager/]: Parsing error loading recipe letsdocompat:farm_and_charm/toughasdelight/apple_jem: com.google.gson.JsonParseException: Unknown registry key in ResourceKey[minecraft:root / minecraft:item]: compatdelight:apple_jem; Failed to parse either. First: Not a json array: {"item":"toughasnails:apple_juice"}; Second: No key tag in MapLike[{"item":"toughasnails:apple_juice"}]; Unknown registry key in ResourceKey[minecraft:root / minecraft:item]: toughasnails:apple_juice; Failed to parse either. First: Not a json array: {"item":"toughasnails:apple_juice"}; Second: No key tag in MapLike[{"item":"toughasnails:apple_juice"}]; Unknown registry key in ResourceKey[minecraft:root / minecraft:item]: toughasnails:apple_juice
[14May2026 05:24:01.331] [main/ERROR] [net.minecraft.world.item.crafting.RecipeManager/]: Parsing error loading recipe letsdocompat:farm_and_charm/otbwgdelight/firecracker_shake: com.google.gson.JsonParseException: Unknown registry key in ResourceKey[minecraft:root / minecraft:item]: compatdelight:firecracker_shake; Failed to parse either. First: Not a json array: {"item":"biomeswevegone:firecracker_flower_bush"}; Second: No key tag in MapLike[{"item":"biomeswevegone:firecracker_flower_bush"}]; Unknown registry key in ResourceKey[minecraft:root / minecraft:item]: biomeswevegone:firecracker_flower_bush; Failed to parse either. First: Not a json array: {"item":"biomeswevegone:firecracker_flower_bush"}; Second: No key tag in MapLike[{"item":"biomeswevegone:firecracker_flower_bush"}]; Unknown registry key in ResourceKey[minecraft:root / minecraft:item]: biomeswevegone:firecracker_flower_bush
[14May2026 05:24:01.333] [main/ERROR] [net.minecraft.world.item.crafting.RecipeManager/]: Parsing error loading recipe letsdocompat:farm_and_charm/enigmaticlegacydelight/ichor_shake: com.google.gson.JsonParseException: Unknown registry key in ResourceKey[minecraft:root / minecraft:item]: compatdelight:ichor_shake; Failed to parse either. First: Not a json array: {"item":"enigmaticlegacy:ichor_bottle"}; Second: No key tag in MapLike[{"item":"enigmaticlegacy:ichor_bottle"}]; Unknown registry key in ResourceKey[minecraft:root / minecraft:item]: enigmaticlegacy:ichor_bottle; Failed to parse either. First: Not a json array: {"item":"enigmaticlegacy:ichor_bottle"}; Second: No key tag in MapLike[{"item":"enigmaticlegacy:ichor_bottle"}]; Unknown registry key in ResourceKey[minecraft:root / minecraft:item]: enigmaticlegacy:ichor_bottle
[14May2026 05:24:01.334] [main/ERROR] [net.minecraft.world.item.crafting.RecipeManager/]: Parsing error loading recipe letsdocompat:farm_and_charm/occultismdelight/datura_seeds_ice_cream: com.google.gson.JsonParseException: Unknown registry key in ResourceKey[minecraft:root / minecraft:item]: compatdelight:datura_seeds_ice_cream; Failed to parse either. First: Not a json array: {"item":"occultism:datura_seeds"}; Second: No key tag in MapLike[{"item":"occultism:datura_seeds"}]; Unknown registry key in ResourceKey[minecraft:root / minecraft:item]: occultism:datura_seeds; Failed to parse either. First: Not a json array: {"item":"occultism:datura_seeds"}; Second: No key tag in MapLike[{"item":"occultism:datura_seeds"}]; Unknown registry key in ResourceKey[minecraft:root / minecraft:item]: occultism:datura_seeds
[14May2026 05:24:01.335] [main/ERROR] [net.minecraft.world.item.crafting.RecipeManager/]: Parsing error loading recipe letsdocompat:farm_and_charm/bygonenetherdelight/warped_enderman_jam: com.google.gson.JsonParseException: Unknown registry key in ResourceKey[minecraft:root / minecraft:item]: compatdelight:warped_enderman_jam; Failed to parse either. First: Not a json array: {"item":"compatdelight:warped_enderman"}; Second: No key tag in MapLike[{"item":"compatdelight:warped_enderman"}]; Unknown registry key in ResourceKey[minecraft:root / minecraft:item]: compatdelight:warped_enderman; No ingredients for shapeless recipe
[14May2026 05:24:01.337] [main/ERROR] [net.minecraft.world.item.crafting.RecipeManager/]: Parsing error loading recipe letsdocompat:farm_and_charm/occultismdelight/demons_dream_shake: com.google.gson.JsonParseException: Unknown registry key in ResourceKey[minecraft:root / minecraft:item]: compatdelight:demons_dream_shake; Failed to parse either. First: Not a json array: {"item":"compatdelight:demons_dream_jem"}; Second: No key tag in MapLike[{"item":"compatdelight:demons_dream_jem"}]; Unknown registry key in ResourceKey[minecraft:root / minecraft:item]: compatdelight:demons_dream_jem; Failed to parse either. First: Not a json array: {"item":"occultism:demons_dream_essence"}; Second: No key tag in MapLike[{"item":"occultism:demons_dream_essence"}]; Unknown registry key in ResourceKey[minecraft:root / minecraft:item]: occultism:demons_dream_essence; Failed to parse either. First: Not a json array: {"item":"occultism:demons_dream_essence"}; Second: No key tag in MapLike[{"item":"occultism:demons_dream_essence"}]; Unknown registry key in ResourceKey[minecraft:root / minecraft:item]: occultism:demons_dream_essence
[14May2026 05:24:01.340] [main/ERROR] [net.minecraft.world.item.crafting.RecipeManager/]: Parsing error loading recipe letsdocompat:farm_and_charm/otbwgdelight/baobab_juice: com.google.gson.JsonParseException: Unknown registry key in ResourceKey[minecraft:root / minecraft:item]: compatdelight:baobab_juice; Failed to parse either. First: Not a json array: {"item":"biomeswevegone:baobab_fruit"}; Second: No key tag in MapLike[{"item":"biomeswevegone:baobab_fruit"}]; Unknown registry key in ResourceKey[minecraft:root / minecraft:item]: biomeswevegone:baobab_fruit
[14May2026 05:24:01.340] [main/ERROR] [net.minecraft.world.item.crafting.RecipeManager/]: Parsing error loading recipe letsdocompat:farm_and_charm/mowziesdelight/glowing_jelly_bowl: com.google.gson.JsonParseException: Unknown registry key in ResourceKey[minecraft:root / minecraft:item]: compatdelight:glowing_jelly_bowl; Failed to parse either. First: Not a json array: {"item":"mowziesmobs:glowing_jelly"}; Second: No key tag in MapLike[{"item":"mowziesmobs:glowing_jelly"}]; Unknown registry key in ResourceKey[minecraft:root / minecraft:item]: mowziesmobs:glowing_jelly; Failed to parse either. First: Not a json array: {"item":"mowziesmobs:glowing_jelly"}; Second: No key tag in MapLike[{"item":"mowziesmobs:glowing_jelly"}]; Unknown registry key in ResourceKey[minecraft:root / minecraft:item]: mowziesmobs:glowing_jelly; No ingredients for shapeless recipe
[14May2026 05:24:01.342] [main/ERROR] [net.minecraft.world.item.crafting.RecipeManager/]: Parsing error loading recipe letsdocompat:farm_and_charm/tropicraftdelight/lemon_juice: com.google.gson.JsonParseException: Unknown registry key in ResourceKey[minecraft:root / minecraft:item]: compatdelight:lemon_juice; Failed to parse either. First: Not a json array: {"item":"compatdelight:lemon_jem"}; Second: No key tag in MapLike[{"item":"compatdelight:lemon_jem"}]; Unknown registry key in ResourceKey[minecraft:root / minecraft:item]: compatdelight:lemon_jem; Failed to parse either. First: Not a json array: {"item":"compatdelight:lemon_jem"}; Second: No key tag in MapLike[{"item":"compatdelight:lemon_jem"}]; Unknown registry key in ResourceKey[minecraft:root / minecraft:item]: compatdelight:lemon_jem
[14May2026 05:24:01.343] [main/ERROR] [net.minecraft.world.item.crafting.RecipeManager/]: Parsing error loading recipe letsdocompat:farm_and_charm/adastradelight/glazed_rings_raptor: com.google.gson.JsonParseException: Unknown registry key in ResourceKey[minecraft:root / minecraft:item]: compatdelight:glazed_rings_raptor; Failed to parse either. First: Not a json array: {"item":"compatdelight:cooked_martian_raptor_meat"}; Second: No key tag in MapLike[{"item":"compatdelight:cooked_martian_raptor_meat"}]; Unknown registry key in ResourceKey[minecraft:root / minecraft:item]: compatdelight:cooked_martian_raptor_meat; Failed to parse either. First: Not a json array: {"item":"ad_astra:strophar_mushroom"}; Second: No key tag in MapLike[{"item":"ad_astra:strophar_mushroom"}]; Unknown registry key in ResourceKey[minecraft:root / minecraft:item]: ad_astra:strophar_mushroom; Failed to parse either. First: Not a json array: {"item":"ad_astra:strophar_mushroom"}; Second: No key tag in MapLike[{"item":"ad_astra:strophar_mushroom"}]; Unknown registry key in ResourceKey[minecraft:root / minecraft:item]: ad_astra:strophar_mushroom; Failed to parse either. First: Not a json array: {"item":"ad_astra:aeronos_mushroom"}; Second: No key tag in MapLike[{"item":"ad_astra:aeronos_mushroom"}]; Unknown registry key in ResourceKey[minecraft:root / minecraft:item]: ad_astra:aeronos_mushroom; Failed to parse either. First: Not a json array: {"item":"ad_astra:aeronos_mushroom"}; Second: No key tag in MapLike[{"item":"ad_astra:aeronos_mushroom"}]; Unknown registry key in ResourceKey[minecraft:root / minecraft:item]: ad_astra:aeronos_mushroom; Failed to parse either. First: Not a json array: {"item":"compatdelight:cheese_cube"}; Second: No key tag in MapLike[{"item":"compatdelight:cheese_cube"}]; Unknown registry key in ResourceKey[minecraft:root / minecraft:item]: compatdelight:cheese_cube; No ingredients for shapeless recipe
[14May2026 05:24:01.344] [main/ERROR] [net.minecraft.world.item.crafting.RecipeManager/]: Parsing error loading recipe letsdocompat:farm_and_charm/toughasdelight/glow_berry_jem: com.google.gson.JsonParseException: Unknown registry key in ResourceKey[minecraft:root / minecraft:item]: compatdelight:glow_berry_jem; Failed to parse either. First: Not a json array: {"item":"toughasnails:glow_berry_juice"}; Second: No key tag in MapLike[{"item":"toughasnails:glow_berry_juice"}]; Unknown registry key in ResourceKey[minecraft:root / minecraft:item]: toughasnails:glow_berry_juice; Failed to parse either. First: Not a json array: {"item":"toughasnails:glow_berry_juice"}; Second: No key tag in MapLike[{"item":"toughasnails:glow_berry_juice"}]; Unknown registry key in ResourceKey[minecraft:root / minecraft:item]: toughasnails:glow_berry_juice
[14May2026 05:24:01.346] [main/ERROR] [net.minecraft.world.item.crafting.RecipeManager/]: Parsing error loading recipe letsdocompat:farm_and_charm/cavebiomesdelight/frost_lily_ice_cream: com.google.gson.JsonParseException: Unknown registry key in ResourceKey[minecraft:root / minecraft:item]: compatdelight:frost_lily_ice_cream; Failed to parse either. First: Not a json array: {"item":"yungscavebiomes:frost_lily"}; Second: No key tag in MapLike[{"item":"yungscavebiomes:frost_lily"}]; Unknown registry key in ResourceKey[minecraft:root / minecraft:item]: yungscavebiomes:frost_lily
[14May2026 05:24:01.349] [main/ERROR] [net.minecraft.world.item.crafting.RecipeManager/]: Parsing error loading recipe letsdocompat:farm_and_charm/stalwartdungeonsdelight/void_jem: com.google.gson.JsonParseException: Unknown registry key in ResourceKey[minecraft:root / minecraft:item]: compatdelight:void_jem1; Failed to parse either. First: Not a json array: {"item":"stalwart_dungeons:void_crystal"}; Second: No key tag in MapLike[{"item":"stalwart_dungeons:void_crystal"}]; Unknown registry key in ResourceKey[minecraft:root / minecraft:item]: stalwart_dungeons:void_crystal; Failed to parse either. First: Not a json array: {"item":"stalwart_dungeons:void_crystal"}; Second: No key tag in MapLike[{"item":"stalwart_dungeons:void_crystal"}]; Unknown registry key in ResourceKey[minecraft:root / minecraft:item]: stalwart_dungeons:void_crystal
[14May2026 05:24:01.351] [main/ERROR] [net.minecraft.world.item.crafting.RecipeManager/]: Parsing error loading recipe letsdocompat:farm_and_charm/malumdelight/leaf_salad: com.google.gson.JsonParseException: Unknown registry key in ResourceKey[minecraft:root / minecraft:item]: compatdelight:leaf_salad; Failed to parse either. First: Not a json array: {"item":"compatdelight:soulwood_leaf"}; Second: No key tag in MapLike[{"item":"compatdelight:soulwood_leaf"}]; Unknown registry key in ResourceKey[minecraft:root / minecraft:item]: compatdelight:soulwood_leaf; Failed to parse either. First: Not a json array: {"item":"compatdelight:runewood_leaf"}; Second: No key tag in MapLike[{"item":"compatdelight:runewood_leaf"}]; Unknown registry key in ResourceKey[minecraft:root / minecraft:item]: compatdelight:runewood_leaf; Failed to parse either. First: Not a json array: {"item":"compatdelight:azure_runewood_leaf"}; Second: No key tag in MapLike[{"item":"compatdelight:azure_runewood_leaf"}]; Unknown registry key in ResourceKey[minecraft:root / minecraft:item]: compatdelight:azure_runewood_leaf; No ingredients for shapeless recipe
[14May2026 05:24:01.353] [main/ERROR] [net.minecraft.world.item.crafting.RecipeManager/]: Parsing error loading recipe letsdocompat:farm_and_charm/outerenddelight/spectragle_jem: com.google.gson.JsonParseException: Unknown registry key in ResourceKey[minecraft:root / minecraft:item]: compatdelight:spectragle_jem; Failed to parse either. First: Not a json array: {"item":"outer_end:spectragel"}; Second: No key tag in MapLike[{"item":"outer_end:spectragel"}]; Unknown registry key in ResourceKey[minecraft:root / minecraft:item]: outer_end:spectragel; Failed to parse either. First: Not a json array: {"item":"outer_end:spectragel"}; Second: No key tag in MapLike[{"item":"outer_end:spectragel"}]; Unknown registry key in ResourceKey[minecraft:root / minecraft:item]: outer_end:spectragel
[14May2026 05:24:01.354] [main/ERROR] [net.minecraft.world.item.crafting.RecipeManager/]: Parsing error loading recipe letsdocompat:farm_and_charm/ratsdelight/cheese_sauce: com.google.gson.JsonParseException: Unknown registry key in ResourceKey[minecraft:root / minecraft:item]: compatdelight:cheese_sauce1; Failed to parse either. First: Not a json array: {"item":"rats:cheese"}; Second: No key tag in MapLike[{"item":"rats:cheese"}]; Unknown registry key in ResourceKey[minecraft:root / minecraft:item]: rats:cheese; Failed to parse either. First: Not a json array: {"item":"rats:cheese"}; Second: No key tag in MapLike[{"item":"rats:cheese"}]; Unknown registry key in ResourceKey[minecraft:root / minecraft:item]: rats:cheese; No ingredients for shapeless recipe
[14May2026 05:24:01.355] [main/ERROR] [net.minecraft.world.item.crafting.RecipeManager/]: Parsing error loading recipe letsdocompat:farm_and_charm/bumblezonedelight/sugar_water_shake: com.google.gson.JsonParseException: Unknown registry key in ResourceKey[minecraft:root / minecraft:item]: compatdelight:sugar_water_shake; Failed to parse either. First: Not a json array: {"item":"the_bumblezone:sugar_water_bottle"}; Second: No key tag in MapLike[{"item":"the_bumblezone:sugar_water_bottle"}]; Unknown registry key in ResourceKey[minecraft:root / minecraft:item]: the_bumblezone:sugar_water_bottle
[14May2026 05:24:01.355] [main/ERROR] [net.minecraft.world.item.crafting.RecipeManager/]: Parsing error loading recipe letsdocompat:farm_and_charm/palegardendelight/resin_cookie: com.google.gson.JsonParseException: Unknown registry key in ResourceKey[minecraft:root / minecraft:item]: compatdelight:resin_cookie; Failed to parse either. First: Not a json array: {"item":"palegarden:resin_clump"}; Second: No key tag in MapLike[{"item":"palegarden:resin_clump"}]; Unknown registry key in ResourceKey[minecraft:root / minecraft:item]: palegarden:resin_clump; No ingredients for shapeless recipe
[14May2026 05:24:01.361] [main/ERROR] [net.minecraft.world.item.crafting.RecipeManager/]: Parsing error loading recipe letsdocompat:farm_and_charm/enigmaticlegacydelight/stuffed_astral_potato: com.google.gson.JsonParseException: Unknown registry key in ResourceKey[minecraft:root / minecraft:item]: compatdelight:stuffed_astral_potato; Unknown registry key in ResourceKey[minecraft:root / minecraft:item]: enigmaticlegacy:astral_potato
[14May2026 05:24:01.365] [main/ERROR] [net.minecraft.world.item.crafting.RecipeManager/]: Parsing error loading recipe letsdocompat:farm_and_charm/otbwgdelight/hydrangea_ice_cream: com.google.gson.JsonParseException: Unknown registry key in ResourceKey[minecraft:root / minecraft:item]: compatdelight:hydrangea_ice_cream; Failed to parse either. First: Not a json array: {"item":"biomeswevegone:hydrangea_bush"}; Second: No key tag in MapLike[{"item":"biomeswevegone:hydrangea_bush"}]; Unknown registry key in ResourceKey[minecraft:root / minecraft:item]: biomeswevegone:hydrangea_bush; Failed to parse either. First: Not a json array: {"item":"biomeswevegone:hydrangea_bush"}; Second: No key tag in MapLike[{"item":"biomeswevegone:hydrangea_bush"}]; Unknown registry key in ResourceKey[minecraft:root / minecraft:item]: biomeswevegone:hydrangea_bush
[14May2026 05:24:01.366] [main/ERROR] [net.minecraft.world.item.crafting.RecipeManager/]: Parsing error loading recipe letsdocompat:farm_and_charm/tropicraftdelight/orange_jem: com.google.gson.JsonParseException: Unknown registry key in ResourceKey[minecraft:root / minecraft:item]: compatdelight:orange_jem; Failed to parse either. First: Not a json array: {"item":"tropicraft:orange"}; Second: No key tag in MapLike[{"item":"tropicraft:orange"}]; Unknown registry key in ResourceKey[minecraft:root / minecraft:item]: tropicraft:orange; Failed to parse either. First: Not a json array: {"item":"tropicraft:orange"}; Second: No key tag in MapLike[{"item":"tropicraft:orange"}]; Unknown registry key in ResourceKey[minecraft:root / minecraft:item]: tropicraft:orange
[14May2026 05:24:01.367] [main/ERROR] [net.minecraft.world.item.crafting.RecipeManager/]: Parsing error loading recipe letsdocompat:farm_and_charm/apotheosisdelight/dragon_breath_stew: com.google.gson.JsonParseException: Unknown registry key in ResourceKey[minecraft:root / minecraft:item]: compatdelight:dragon_breath_stew; Failed to parse either. First: Not a json array: {"item":"apotheosis:infused_breath"}; Second: No key tag in MapLike[{"item":"apotheosis:infused_breath"}]; Unknown registry key in ResourceKey[minecraft:root / minecraft:item]: apotheosis:infused_breath; Failed to parse either. First: Not a json array: {"item":"apotheosis:infused_breath"}; Second: No key tag in MapLike[{"item":"apotheosis:infused_breath"}]; Unknown registry key in ResourceKey[minecraft:root / minecraft:item]: apotheosis:infused_breath; No ingredients for shapeless recipe
[14May2026 05:24:01.374] [main/ERROR] [net.minecraft.world.item.crafting.RecipeManager/]: Parsing error loading recipe letsdocompat:farm_and_charm/otbwgdelight/green_mushroom_stew: com.google.gson.JsonParseException: Unknown registry key in ResourceKey[minecraft:root / minecraft:item]: compatdelight:green_mushroom_stew; Failed to parse either. First: Not a json array: {"item":"biomeswevegone:green_mushroom"}; Second: No key tag in MapLike[{"item":"biomeswevegone:green_mushroom"}]; Unknown registry key in ResourceKey[minecraft:root / minecraft:item]: biomeswevegone:green_mushroom; Failed to parse either. First: Not a json array: {"item":"biomeswevegone:green_mushroom"}; Second: No key tag in MapLike[{"item":"biomeswevegone:green_mushroom"}]; Unknown registry key in ResourceKey[minecraft:root / minecraft:item]: biomeswevegone:green_mushroom; No ingredients for shapeless recipe
[14May2026 05:24:01.375] [main/ERROR] [net.minecraft.world.item.crafting.RecipeManager/]: Parsing error loading recipe letsdocompat:farm_and_charm/bloodmagicdelight/combinationalcaralyst_juice: com.google.gson.JsonParseException: Unknown registry key in ResourceKey[minecraft:root / minecraft:item]: compatdelight:combinationalcaralyst_juice; Failed to parse either. First: Not a json array: {"item":"bloodmagic:combinationalcatalyst"}; Second: No key tag in MapLike[{"item":"bloodmagic:combinationalcatalyst"}]; Unknown registry key in ResourceKey[minecraft:root / minecraft:item]: bloodmagic:combinationalcatalyst; Failed to parse either. First: Not a json array: {"item":"bloodmagic:combinationalcatalyst"}; Second: No key tag in MapLike[{"item":"bloodmagic:combinationalcatalyst"}]; Unknown registry key in ResourceKey[minecraft:root / minecraft:item]: bloodmagic:combinationalcatalyst; No ingredients for shapeless recipe
[14May2026 05:24:01.376] [main/ERROR] [net.minecraft.world.item.crafting.RecipeManager/]: Parsing error loading recipe letsdocompat:farm_and_charm/graveyarddelight/corruption_shake: com.google.gson.JsonParseException: Unknown registry key in ResourceKey[minecraft:root / minecraft:item]: compatdelight:corruption_shake; Failed to parse either. First: Not a json array: {"item":"compatdelight:corruption_jem"}; Second: No key tag in MapLike[{"item":"compatdelight:corruption_jem"}]; Unknown registry key in ResourceKey[minecraft:root / minecraft:item]: compatdelight:corruption_jem; Failed to parse either. First: Not a json array: {"item":"compatdelight:corruption_jem"}; Second: No key tag in MapLike[{"item":"compatdelight:corruption_jem"}]; Unknown registry key in ResourceKey[minecraft:root / minecraft:item]: compatdelight:corruption_jem
[14May2026 05:24:01.377] [main/ERROR] [net.minecraft.world.item.crafting.RecipeManager/]: Parsing error loading recipe letsdocompat:farm_and_charm/outerenddelight/azure_cider: com.google.gson.JsonParseException: Unknown registry key in ResourceKey[minecraft:root / minecraft:item]: compatdelight:azure_cider; Failed to parse either. First: Not a json array: {"item":"outer_end:azure_berries"}; Second: No key tag in MapLike[{"item":"outer_end:azure_berries"}]; Unknown registry key in ResourceKey[minecraft:root / minecraft:item]: outer_end:azure_berries; Failed to parse either. First: Not a json array: {"item":"outer_end:azure_berries"}; Second: No key tag in MapLike[{"item":"outer_end:azure_berries"}]; Unknown registry key in ResourceKey[minecraft:root / minecraft:item]: outer_end:azure_berries; Failed to parse either. First: Not a json array: {"item":"outer_end:azure_berries"}; Second: No key tag in MapLike[{"item":"outer_end:azure_berries"}]; Unknown registry key in ResourceKey[minecraft:root / minecraft:item]: outer_end:azure_berries; No ingredients for shapeless recipe
[14May2026 05:24:01.379] [main/ERROR] [net.minecraft.world.item.crafting.RecipeManager/]: Parsing error loading recipe letsdocompat:farm_and_charm/evilcraftdelight/flesh_werewolf_stick: com.google.gson.JsonParseException: Unknown registry key in ResourceKey[minecraft:root / minecraft:item]: compatdelight:flesh_werewolf_stick; Failed to parse either. First: Not a json array: {"item":"evilcraft:flesh_werewolf"}; Second: No key tag in MapLike[{"item":"evilcraft:flesh_werewolf"}]; Unknown registry key in ResourceKey[minecraft:root / minecraft:item]: evilcraft:flesh_werewolf; Failed to parse either. First: Not a json array: {"item":"evilcraft:flesh_werewolf"}; Second: No key tag in MapLike[{"item":"evilcraft:flesh_werewolf"}]; Unknown registry key in ResourceKey[minecraft:root / minecraft:item]: evilcraft:flesh_werewolf; No ingredients for shapeless recipe
[14May2026 05:24:01.383] [main/ERROR] [net.minecraft.world.item.crafting.RecipeManager/]: Parsing error loading recipe letsdocompat:farm_and_charm/graveyarddelight/corruption_jem: com.google.gson.JsonParseException: Unknown registry key in ResourceKey[minecraft:root / minecraft:item]: compatdelight:corruption_jem; Failed to parse either. First: Not a json array: {"item":"graveyard:corruption"}; Second: No key tag in MapLike[{"item":"graveyard:corruption"}]; Unknown registry key in ResourceKey[minecraft:root / minecraft:item]: graveyard:corruption; Failed to parse either. First: Not a json array: {"item":"graveyard:corruption"}; Second: No key tag in MapLike[{"item":"graveyard:corruption"}]; Unknown registry key in ResourceKey[minecraft:root / minecraft:item]: graveyard:corruption
[14May2026 05:24:01.397] [main/INFO] [Sawmill/]: Processing Sawmill Recipes into Recipe Manager
[14May2026 05:24:01.397] [main/INFO] [Sawmill/]: Skipping Sawmill recipe generation as packs didn't change
[14May2026 05:24:01.410] [main/INFO] [net.minecraft.world.item.crafting.RecipeManager/]: Loaded 15679 recipes
[14May2026 05:24:01.412] [main/INFO] [wover-recipe/]: Added 0 recipes in 1ms
[14May2026 05:24:02.056] [main/ERROR] [net.minecraft.advancements.AdvancementTree/]: Couldn't load advancements: [minecraft:wander_add_map, minecraft:give_quest_trader_trade]
[14May2026 05:24:02.056] [main/INFO] [net.minecraft.advancements.AdvancementTree/]: Loaded 9534 advancements
[14May2026 05:24:02.074] [main/INFO] [Curios API/]: Loaded 18 curio slots
[14May2026 05:24:02.077] [main/INFO] [Curios API/]: Loaded 11 curio entities
[14May2026 05:24:02.084] [main/ERROR] [net.blay09.mods.kleeslabs.KleeSlabs/]: Slab vinery:loam_slab could not be found.
[14May2026 05:24:02.086] [main/INFO] [boss_checklist/]: Number of registered boss ids on the server: 22
[14May2026 05:24:02.118] [main/INFO] [Moonlight/]: Applied 12 data villager trades
[14May2026 05:24:02.121] [main/INFO] [Moonlight/]: Failed to load custom color set definition {"id":"quark:rune","colors":{"default":"quark:blank_rune"},"replace":false}. Ignoring
[14May2026 05:24:02.121] [main/INFO] [Moonlight/]: Failed to load custom color set definition {"id":"suppsquared:sack","colors":{"default":"supplementaries:sack"},"replace":false}. Ignoring
[14May2026 05:24:02.121] [main/INFO] [Moonlight/]: Failed to load custom color set definition {"id":"quark:shard","colors":{"default":"quark:clear_shard"},"replace":false}. Ignoring
[14May2026 05:24:02.142] [main/WARN] [net.minecraft.core.MappedRegistry/]: Not all defined tags for registry ResourceKey[minecraft:root / minecraft:item] are present in data pack: c:tools/shears, wover:water_bottles
[14May2026 05:24:02.158] [main/WARN] [net.minecraft.core.MappedRegistry/]: Not all defined tags for registry ResourceKey[minecraft:root / minecraft:block] are present in data pack: cataclysm:needs_black_steel_tool, cataclysm:needs_monstrosity_tool, realmrpg_skeletons:crimson_skeletons_can_generate_on, realmrpg_skeletons:deep_underground_chamber_can_generate_on, realmrpg_skeletons:dripstone_skeletons_can_generate_on, realmrpg_skeletons:lava_skeletons_can_generate_on, realmrpg_skeletons:monument_skeletons_can_generate_on, realmrpg_skeletons:sand_skeletons_can_generate_on, realmrpg_skeletons:skeletons_cannot_generate_on, realmrpg_skeletons:snow_skeletons_can_generate_on, realmrpg_skeletons:snow_skeletons_can_replace, realmrpg_skeletons:surface_skeletons_can_generate_on, realmrpg_skeletons:underground_chamber_can_generate_on, realmrpg_skeletons:warped_skeletons_can_generate_on, realmrpg_skeletons:webbed_skeletons_can_replace
[14May2026 05:24:02.365] [main/INFO] [com.possible_triangle.sliceanddice.SliceAndDice/]: Injecting recipes
[14May2026 05:24:02.418] [main/INFO] [wover-generator/]: Updating Pickers for WoVer - The End  BiomeSource (4c521f60)
[14May2026 05:24:02.420] [main/INFO] [wover-generator/]: Added 2 Biomes
[14May2026 05:24:02.420] [main/INFO] [wover-generator/]:  - betterend:neon_oasis, subbiomes=1
[14May2026 05:24:02.420] [main/INFO] [wover-generator/]:  - betterend:painted_mountains, subbiomes=1
[14May2026 05:24:02.421] [main/INFO] [wover-generator/]: No Barrens Biomes found. Disabling by using land Biomes
[14May2026 05:24:02.421] [main/INFO] [wover-generator/]: No Center Island Biomes found. Forcing use of vanilla center.
[14May2026 05:24:02.422] [main/INFO] [wover-generator/]: Created WoverChunkGenerator with org.betterx.wover.generator.impl.biomesource.end.WoverEndBiomeSource
[14May2026 05:24:02.422] [main/INFO] [wover-generator/]: Updating Pickers for WoVer - Nether BiomeSource (19bc57e5)
[14May2026 05:24:02.422] [main/INFO] [wover-generator/]: Created WoverChunkGenerator with org.betterx.wover.generator.impl.biomesource.nether.WoverNetherBiomeSource
[14May2026 05:24:02.425] [main/INFO] [wover-generator/]: Added tags for 22 registered biomes in 1.838 ms
[14May2026 05:24:02.426] [main/INFO] [wover-generator/]: Added 23 biomes to wover:is_end/highland in 693.2 μs
[14May2026 05:24:02.426] [main/INFO] [wover-generator/]: Updating Pickers for WoVer - The End  BiomeSource (4c521f60)
[14May2026 05:24:02.426] [main/INFO] [wover-generator/]: Added 3 Biomes
[14May2026 05:24:02.427] [main/INFO] [wover-generator/]:  - betterend:neon_oasis, subbiomes=1
[14May2026 05:24:02.427] [main/INFO] [wover-generator/]:  - betterend:megalake_grove, subbiomes=1
[14May2026 05:24:02.427] [main/INFO] [wover-generator/]:  - betterend:painted_mountains, subbiomes=1
[14May2026 05:24:02.428] [main/INFO] [wover-generator/]: Updating Pickers for WoVer - The End  BiomeSource (154fdf5b)
[14May2026 05:24:02.428] [main/INFO] [wover-generator/]: Added 3 Biomes
[14May2026 05:24:02.428] [main/INFO] [wover-generator/]:  - betterend:neon_oasis, subbiomes=1
[14May2026 05:24:02.428] [main/INFO] [wover-generator/]:  - betterend:megalake_grove, subbiomes=1
[14May2026 05:24:02.428] [main/INFO] [wover-generator/]:  - betterend:painted_mountains, subbiomes=1
[14May2026 05:24:02.430] [main/INFO] [wover-generator/]: Updating Pickers for WoVer - The End  BiomeSource (154fdf5b)
[14May2026 05:24:02.430] [main/INFO] [wover-generator/]: Added 3 Biomes
[14May2026 05:24:02.430] [main/INFO] [wover-generator/]:  - betterend:neon_oasis, subbiomes=1
[14May2026 05:24:02.430] [main/INFO] [wover-generator/]:  - betterend:megalake_grove, subbiomes=1
[14May2026 05:24:02.430] [main/INFO] [wover-generator/]:  - betterend:painted_mountains, subbiomes=1
[14May2026 05:24:02.431] [main/INFO] [wover-generator/]: Merged 16 biomes to WoVer - The End  BiomeSource (154fdf5b) in 2.032 ms
[14May2026 05:24:02.432] [main/INFO] [wover-generator/]: Updating Pickers for WoVer - The End  BiomeSource (154fdf5b)
[14May2026 05:24:02.432] [main/INFO] [wover-generator/]: Added 3 Biomes
[14May2026 05:24:02.432] [main/INFO] [wover-generator/]:  - betterend:neon_oasis, subbiomes=1
[14May2026 05:24:02.432] [main/INFO] [wover-generator/]:  - betterend:megalake_grove, subbiomes=1
[14May2026 05:24:02.432] [main/INFO] [wover-generator/]:  - betterend:painted_mountains, subbiomes=1
[14May2026 05:24:02.435] [main/INFO] [wover-generator/]: Updating Pickers for WoVer - Nether BiomeSource (19bc57e5)
[14May2026 05:24:02.435] [main/INFO] [wover-generator/]: Updating Pickers for WoVer - Nether BiomeSource (339dcde5)
[14May2026 05:24:02.436] [main/INFO] [wover-generator/]: Updating Pickers for WoVer - Nether BiomeSource (339dcde5)
[14May2026 05:24:02.436] [main/INFO] [wover-generator/]: Updating Pickers for WoVer - Nether BiomeSource (339dcde5)
[14May2026 05:24:02.437] [main/WARN] [ModernFix/]: Initial datapack load took 8.077 s
[14May2026 05:24:02.510] [main/INFO] [wover-generator/]: Updating Pickers for WoVer - Nether BiomeSource (339dcde5)
[14May2026 05:24:02.511] [main/INFO] [wover-generator/]: Updating Pickers for WoVer - The End  BiomeSource (154fdf5b)
[14May2026 05:24:02.511] [main/INFO] [wover-generator/]: Added 3 Biomes
[14May2026 05:24:02.511] [main/INFO] [wover-generator/]:  - betterend:neon_oasis, subbiomes=1
[14May2026 05:24:02.511] [main/INFO] [wover-generator/]:  - betterend:megalake_grove, subbiomes=1
[14May2026 05:24:02.511] [main/INFO] [wover-generator/]:  - betterend:painted_mountains, subbiomes=1
[14May2026 05:24:02.514] [main/INFO] [wover-biome/]: Applied 77 biome modifications and added 77 tags to 77 of 169 biomes in 9.920 ms
[14May2026 05:24:02.522] [Server thread/INFO] [net.minecraft.server.dedicated.DedicatedServer/]: Starting minecraft server version 1.21.1
[14May2026 05:24:02.524] [Server thread/INFO] [net.minecraft.server.dedicated.DedicatedServer/]: Loading properties
[14May2026 05:24:02.524] [Server thread/INFO] [net.minecraft.server.dedicated.DedicatedServer/]: Default game type: SURVIVAL
[14May2026 05:24:02.524] [Server thread/INFO] [net.minecraft.server.MinecraftServer/]: Generating keypair
[14May2026 05:24:02.909] [Server thread/INFO] [net.minecraft.server.dedicated.DedicatedServer/]: Starting Minecraft server on *:25565
[14May2026 05:24:02.968] [Server thread/INFO] [net.minecraft.server.network.ServerConnectionListener/]: Using epoll channel type
[14May2026 05:24:03.025] [Server thread/WARN] [net.minecraft.server.dedicated.DedicatedServer/]: **** SERVER IS RUNNING IN OFFLINE/INSECURE MODE!
[14May2026 05:24:03.026] [Server thread/WARN] [net.minecraft.server.dedicated.DedicatedServer/]: The server will make no attempt to authenticate usernames. Beware.
[14May2026 05:24:03.026] [Server thread/WARN] [net.minecraft.server.dedicated.DedicatedServer/]: While this makes the game possible to play without internet access, it also opens up the ability for hackers to connect with any username they choose.
[14May2026 05:24:03.026] [Server thread/WARN] [net.minecraft.server.dedicated.DedicatedServer/]: To change this, set "online-mode" to "true" in the server.properties file.
[14May2026 05:24:03.036] [Server thread/INFO] [com.cupboard.Cupboard/]: Loaded config for: dynamicview.json
[14May2026 05:24:03.082] [Server thread/INFO] [journeymap/]: Loading JourneyMap Forge Configs
[14May2026 05:24:03.146] [Server thread/WARN] [net.neoforged.neoforge.server.ServerLifecycleHooks/]: Detected minecraft:ocelot that was registered with CREATURE mob category but was added under MONSTER mob category for regions_unexplored:eucalyptus_forest biome! Mobs should be added to biomes under the same mob category that the mob was registered as to prevent mob cap spawning issues.
[14May2026 05:24:03.185] [Server thread/WARN] [net.neoforged.neoforge.server.ServerLifecycleHooks/]: Detected minecraft:ocelot that was registered with CREATURE mob category but was added under MONSTER mob category for regions_unexplored:rainforest biome! Mobs should be added to biomes under the same mob category that the mob was registered as to prevent mob cap spawning issues.
[14May2026 05:24:03.196] [Server thread/WARN] [net.neoforged.neoforge.server.ServerLifecycleHooks/]: Detected minecraft:ocelot that was registered with CREATURE mob category but was added under MONSTER mob category for regions_unexplored:sparse_rainforest biome! Mobs should be added to biomes under the same mob category that the mob was registered as to prevent mob cap spawning issues.
[14May2026 05:24:03.203] [Server thread/WARN] [net.neoforged.neoforge.server.ServerLifecycleHooks/]: Detected minecraft:ocelot that was registered with CREATURE mob category but was added under MONSTER mob category for regions_unexplored:tropics biome! Mobs should be added to biomes under the same mob category that the mob was registered as to prevent mob cap spawning issues.
[14May2026 05:24:03.222] [Server thread/INFO] [Sawmill/]: Injecting Carpenter Village Houses
[14May2026 05:24:03.329] [Server thread/INFO] [spark/]: Starting background profiler...
[14May2026 05:24:03.640] [Server thread/INFO] [Framework/]: Loading server configs...
[14May2026 05:24:03.673] [Server thread/INFO] [net.minecraft.server.dedicated.DedicatedServer/]: Preparing level "world"
[14May2026 05:24:03.931] [Server thread/INFO] [wover-generator/]: World Dimensions: 
 - minecraft:the_end: 
     WoVer - Chunk Generator (769096de)
         preset     = wover:normal
         noise      = minecraft:end
         features   = minecraft(5), betterend(127), realmrpg_skeletons(31), ends_delight(1), waystones(1)
     WoVer - The End  BiomeSource (154fdf5b)
         biomes     = 24
         namespaces = betterend(19), minecraft(5)
         seed       = 4218775330744194801
         height     = 128
         deciders   = 0
         config     = EndConfig{mapVersion=hex, generatorVersion=vanilla, withVoidBiomes=true, innerVoidRadius=1024, voidBiomesSize=16, centerBiomesSize=16, landBiomesSize=16, barrensBiomesSize=16}
 - deeperdarker:otherside: 
     NoiseBasedChunkGenerator (6e3afe24)
         preset     = none
         noise      = deeperdarker:otherside
         features   = minecraft(2), realmrpg_skeletons(31), deeperdarker(44)
     MultiNoiseBiomeSource (33891860)
         biomes     = 4
         namespaces = deeperdarker(4)
 - minecraft:overworld: 
     NoiseBasedChunkGenerator (55bcb46d)
         preset     = minecraft:normal
         noise      = minecraft:overworld
         features   = minecraft(173), farmersdelight(9), regions_unexplored(261), vinery(10), brewery(1), realmrpg_skeletons(31), create(2), farm_and_charm(13), waystones(3), galosphere(19), artifacts(2)
     MultiNoiseBiomeSource (b093825)
         biomes     = 124
         namespaces = minecraft(54), galosphere(3), regions_unexplored(67)
 - minecraft:the_nether: 
     WoVer - Chunk Generator (724eff59)
         preset     = wover:normal
         noise      = minecraft:nether
         features   = minecraft(37), eternalnether(1), regions_unexplored(31), realmrpg_skeletons(31), create(1), waystones(1), mynethersdelight(1)
     WoVer - Nether BiomeSource (339dcde5)
         biomes     = 10
         namespaces = minecraft(5), regions_unexplored(5)
         seed       = 4218775330744194801
         height     = 128
         config     = NetherConfig{mapVersion=hex, useVerticalBiomes=true, biomeSize=16, biomeSizeVertical=5}
[14May2026 05:24:03.934] [Server thread/INFO] [wover-surface/]: Merged 19 additional Surface Rules for Dimension minecraft:the_end => 20 (389.4 μs) using WoVer - The End  BiomeSource (154fdf5b)
    biomes     = 24
    namespaces = betterend(19), minecraft(5)
    seed       = 4218775330744194801
    height     = 128
    deciders   = 0
    config     = EndConfig{mapVersion=hex, generatorVersion=vanilla, withVoidBiomes=true, innerVoidRadius=1024, voidBiomesSize=16, centerBiomesSize=16, landBiomesSize=16, barrensBiomesSize=16}
[14May2026 05:24:03.969] [Server thread/INFO] [mixin/]: Instancing error handler class com.illusivesoulworks.polymorph.mixin.IntegratedMixinPlugin
[14May2026 05:24:03.970] [Server thread/WARN] [mixin/]: Mixin apply for mod betterchunkloading failed betterchunkloading.mixins.json:ServerChunkCacheMixin from mod betterchunkloading -> net.minecraft.server.level.ServerChunkCache: org.spongepowered.asm.mixin.injection.throwables.InvalidInjectionException @At("INVOKE") on net/minecraft/server/level/ServerChunkCache::prioWaiting with priority 200 cannot inject into net/minecraft/server/level/ServerChunkCache::getChunk(IILnet/minecraft/world/level/chunk/status/ChunkStatus;Z)Lnet/minecraft/world/level/chunk/ChunkAccess; merged by net.caffeinemc.mods.lithium.mixin.world.chunk_access.ServerChunkCacheMixin with priority 1000 [redirect$dlm000$betterchunkloading$prioWaiting(Lnet/minecraft/server/level/ServerChunkCache;IILnet/minecraft/world/level/chunk/status/ChunkStatus;Z)Ljava/util/concurrent/CompletableFuture; -> Prepare ->  -> { target: getChunk(IILnet/minecraft/world/level/chunk/status/ChunkStatus;Z)Lnet/minecraft/world/level/chunk/ChunkAccess; }]
org.spongepowered.asm.mixin.injection.throwables.InvalidInjectionException: @At("INVOKE") on net/minecraft/server/level/ServerChunkCache::prioWaiting with priority 200 cannot inject into net/minecraft/server/level/ServerChunkCache::getChunk(IILnet/minecraft/world/level/chunk/status/ChunkStatus;Z)Lnet/minecraft/world/level/chunk/ChunkAccess; merged by net.caffeinemc.mods.lithium.mixin.world.chunk_access.ServerChunkCacheMixin with priority 1000 [redirect$dlm000$betterchunkloading$prioWaiting(Lnet/minecraft/server/level/ServerChunkCache;IILnet/minecraft/world/level/chunk/status/ChunkStatus;Z)Ljava/util/concurrent/CompletableFuture; -> Prepare ->  -> { target: getChunk(IILnet/minecraft/world/level/chunk/status/ChunkStatus;Z)Lnet/minecraft/world/level/chunk/ChunkAccess; }]
	at MC-BOOTSTRAP/org.spongepowered.mixin/org.spongepowered.asm.mixin.injection.code.Injector.findTargetNodes(Injector.java:312) ~[sponge-mixin-0.15.2+mixin.0.8.7.jar%2373!/:0.15.2+mixin.0.8.7]
	at MC-BOOTSTRAP/org.spongepowered.mixin/org.spongepowered.asm.mixin.injection.code.Injector.find(Injector.java:248) ~[sponge-mixin-0.15.2+mixin.0.8.7.jar%2373!/:0.15.2+mixin.0.8.7]
	at MC-BOOTSTRAP/org.spongepowered.mixin/org.spongepowered.asm.mixin.injection.struct.InjectionInfo.prepare(InjectionInfo.java:475) ~[sponge-mixin-0.15.2+mixin.0.8.7.jar%2373!/:0.15.2+mixin.0.8.7]
	at MC-BOOTSTRAP/org.spongepowered.mixin/org.spongepowered.asm.mixin.transformer.MixinTargetContext.prepareInjections(MixinTargetContext.java:1407) ~[sponge-mixin-0.15.2+mixin.0.8.7.jar%2373!/:0.15.2+mixin.0.8.7]
	at MC-BOOTSTRAP/org.spongepowered.mixin/org.spongepowered.asm.mixin.transformer.MixinApplicatorStandard.prepareInjections(MixinApplicatorStandard.java:731) ~[sponge-mixin-0.15.2+mixin.0.8.7.jar%2373!/:0.15.2+mixin.0.8.7]
	at MC-BOOTSTRAP/org.spongepowered.mixin/org.spongepowered.asm.mixin.transformer.MixinApplicatorStandard.applyMixin(MixinApplicatorStandard.java:315) ~[sponge-mixin-0.15.2+mixin.0.8.7.jar%2373!/:0.15.2+mixin.0.8.7]
	at MC-BOOTSTRAP/org.spongepowered.mixin/org.spongepowered.asm.mixin.transformer.MixinApplicatorStandard.apply(MixinApplicatorStandard.java:246) ~[sponge-mixin-0.15.2+mixin.0.8.7.jar%2373!/:0.15.2+mixin.0.8.7]
	at MC-BOOTSTRAP/org.spongepowered.mixin/org.spongepowered.asm.mixin.transformer.TargetClassContext.apply(TargetClassContext.java:437) ~[sponge-mixin-0.15.2+mixin.0.8.7.jar%2373!/:0.15.2+mixin.0.8.7]
	at MC-BOOTSTRAP/org.spongepowered.mixin/org.spongepowered.asm.mixin.transformer.TargetClassContext.applyMixins(TargetClassContext.java:418) ~[sponge-mixin-0.15.2+mixin.0.8.7.jar%2373!/:0.15.2+mixin.0.8.7]
	at MC-BOOTSTRAP/org.spongepowered.mixin/org.spongepowered.asm.mixin.transformer.MixinProcessor.applyMixins(MixinProcessor.java:363) ~[sponge-mixin-0.15.2+mixin.0.8.7.jar%2373!/:0.15.2+mixin.0.8.7]
	at MC-BOOTSTRAP/org.spongepowered.mixin/org.spongepowered.asm.mixin.transformer.MixinTransformer.transformClass(MixinTransformer.java:250) ~[sponge-mixin-0.15.2+mixin.0.8.7.jar%2373!/:0.15.2+mixin.0.8.7]
	at MC-BOOTSTRAP/org.spongepowered.mixin/org.spongepowered.asm.service.modlauncher.MixinTransformationHandler.processClass(MixinTransformationHandler.java:131) ~[sponge-mixin-0.15.2+mixin.0.8.7.jar%2373!/:0.15.2+mixin.0.8.7]
	at MC-BOOTSTRAP/org.spongepowered.mixin/org.spongepowered.asm.launch.MixinLaunchPluginLegacy.processClass(MixinLaunchPluginLegacy.java:131) ~[sponge-mixin-0.15.2+mixin.0.8.7.jar%2373!/:0.15.2+mixin.0.8.7]
	at MC-BOOTSTRAP/cpw.mods.modlauncher@11.0.5/cpw.mods.modlauncher.serviceapi.ILaunchPluginService.processClassWithFlags(ILaunchPluginService.java:156) ~[modlauncher-11.0.5.jar%2364!/:11.0.5+main.901c6ea8]
	at MC-BOOTSTRAP/cpw.mods.modlauncher@11.0.5/cpw.mods.modlauncher.LaunchPluginHandler.offerClassNodeToPlugins(LaunchPluginHandler.java:94) ~[modlauncher-11.0.5.jar%2364!/:?]
	at MC-BOOTSTRAP/cpw.mods.modlauncher@11.0.5/cpw.mods.modlauncher.ClassTransformer.transform(ClassTransformer.java:120) ~[modlauncher-11.0.5.jar%2364!/:?]
	at MC-BOOTSTRAP/cpw.mods.modlauncher@11.0.5/cpw.mods.modlauncher.TransformingClassLoader.maybeTransformClassBytes(TransformingClassLoader.java:57) ~[modlauncher-11.0.5.jar%2364!/:?]
	at cpw.mods.securejarhandler/cpw.mods.cl.ModuleClassLoader.readerToClass(ModuleClassLoader.java:190) ~[securejarhandler-3.0.8.jar:?]
	at cpw.mods.securejarhandler/cpw.mods.cl.ModuleClassLoader.lambda$findClass$20(ModuleClassLoader.java:298) ~[securejarhandler-3.0.8.jar:?]
	at cpw.mods.securejarhandler/cpw.mods.cl.ModuleClassLoader.loadFromModule(ModuleClassLoader.java:311) ~[securejarhandler-3.0.8.jar:?]
	at cpw.mods.securejarhandler/cpw.mods.cl.ModuleClassLoader.findClass(ModuleClassLoader.java:298) ~[securejarhandler-3.0.8.jar:?]
	at cpw.mods.securejarhandler/cpw.mods.cl.ModuleClassLoader.loadClass(ModuleClassLoader.java:214) ~[securejarhandler-3.0.8.jar:?]
	at java.base/java.lang.ClassLoader.loadClass(ClassLoader.java:526) ~[?:?]
	at TRANSFORMER/minecraft@1.21.1/net.minecraft.server.MinecraftServer.mixinextras$bridge$newServerLevel$300(MinecraftServer.java) ~[server-1.21.1-20240808.144430-srg.jar%23308!/:?]
	at TRANSFORMER/minecraft@1.21.1/net.minecraft.server.MinecraftServer.wrapOperation$zgb000$biolith$prependSurfaceRules(MinecraftServer.java:4708) ~[server-1.21.1-20240808.144430-srg.jar%23308!/:?]
	at TRANSFORMER/minecraft@1.21.1/net.minecraft.server.MinecraftServer.createLevels(MinecraftServer.java:367) ~[server-1.21.1-20240808.144430-srg.jar%23308!/:?]
	at TRANSFORMER/minecraft@1.21.1/net.minecraft.server.MinecraftServer.loadLevel(MinecraftServer.java:337) ~[server-1.21.1-20240808.144430-srg.jar%23308!/:?]
	at TRANSFORMER/minecraft@1.21.1/net.minecraft.server.dedicated.DedicatedServer.initServer(DedicatedServer.java:193) ~[server-1.21.1-20240808.144430-srg.jar%23308!/:?]
	at TRANSFORMER/minecraft@1.21.1/net.minecraft.server.MinecraftServer.runServer(MinecraftServer.java:670) ~[server-1.21.1-20240808.144430-srg.jar%23308!/:?]
	at TRANSFORMER/minecraft@1.21.1/net.minecraft.server.MinecraftServer.lambda$spin$2(MinecraftServer.java:267) ~[server-1.21.1-20240808.144430-srg.jar%23308!/:?]
	at java.base/java.lang.Thread.run(Thread.java:1583) [?:?]
[14May2026 05:24:04.324] [Server thread/INFO] [com.cupboard.Cupboard/]: Loaded config for: betterchunkloading.json
[14May2026 05:24:04.463] [Server thread/INFO] [biolith/]: Ignoring world 'deeperdarker:otherside'; unknown dimension type: deeperdarker:otherside
[14May2026 05:24:04.484] [Server thread/WARN] [com.structureessentials.StructureEssentials/]: Non-unique structure_set salt:0 potentially creating overlapping structures detected. Structure sets: [minecraft:mineshafts, nova_structures:end_castle, minecraft:strongholds, minecraft:buried_treasures]
[14May2026 05:24:04.485] [Server thread/WARN] [com.structureessentials.StructureEssentials/]: Non-unique structure_set salt:100922847 potentially creating overlapping structures detected. Structure sets: [mns:medium_house, mns:medium_house_2]
[14May2026 05:24:04.485] [Server thread/WARN] [com.structureessentials.StructureEssentials/]: Non-unique structure_set salt:10387313 potentially creating overlapping structures detected. Structure sets: [minecraft:ocean_monuments, minecraft:end_cities]
[14May2026 05:24:04.486] [Server thread/WARN] [com.structureessentials.StructureEssentials/]: Non-unique structure_set salt:783 potentially creating overlapping structures detected. Structure sets: [nova_structures:badlands_miner_outpost_mineshafts, nova_structures:taverns, nova_structures:badlands_miner_outpost]
[14May2026 05:24:04.486] [Server thread/WARN] [com.structureessentials.StructureEssentials/]: Non-unique structure_set salt:298952413 potentially creating overlapping structures detected. Structure sets: [mvs:nether_well, mvs:warped_house]
[14May2026 05:24:04.487] [Server thread/WARN] [com.structureessentials.StructureEssentials/]: Non-unique structure_set salt:474578 potentially creating overlapping structures detected. Structure sets: [mns:bridge_4, mns:bridge_1]
[14May2026 05:24:04.487] [Server thread/WARN] [com.structureessentials.StructureEssentials/]: Non-unique structure_set salt:239021 potentially creating overlapping structures detected. Structure sets: [nova_structures:desert_ruins, nova_structures:jungle_ruins]
[14May2026 05:24:04.487] [Server thread/WARN] [com.structureessentials.StructureEssentials/]: Non-unique structure_set salt:78409300 potentially creating overlapping structures detected. Structure sets: [nova_structures:shrines, nova_structures:shrine_tower]
[14May2026 05:24:04.488] [Server thread/WARN] [com.structureessentials.StructureEssentials/]: Non-unique structure_set salt:499672 potentially creating overlapping structures detected. Structure sets: [bosses_of_mass_destruction:obsidilith_arena, bosses_of_mass_destruction:gauntlet_arena]
[14May2026 05:24:04.488] [Server thread/WARN] [com.structureessentials.StructureEssentials/]: Non-unique structure_set salt:213742069 potentially creating overlapping structures detected. Structure sets: [towns_and_towers:other, towns_and_towers:towers, towns_and_towers:towns]
[14May2026 05:24:04.488] [Server thread/WARN] [com.structureessentials.StructureEssentials/]: Non-unique structure_set salt:1694767081 potentially creating overlapping structures detected. Structure sets: [mythsandlegends:graveyard, mythsandlegends:sepulcrum_ignitum]
[14May2026 05:24:04.489] [Server thread/WARN] [com.structureessentials.StructureEssentials/]: Non-unique structure_set salt:10387312 potentially creating overlapping structures detected. Structure sets: [minecraft:villages, nova_structures:villages_jungle, nova_structures:villages_swamp, joshie:village_ocean, nova_structures:villages_birch]
[14May2026 05:24:04.489] [Server thread/WARN] [com.structureessentials.StructureEssentials/]: Non-unique structure_set salt:4533232 potentially creating overlapping structures detected. Structure sets: [nova_structures:illager_camp, nova_structures:nether_camps]
[14May2026 05:24:04.491] [Server thread/INFO] [Ksyxis/MinecraftServerMixin/MOD_KSYXIS]: Ksyxis: Hey. This is Ksyxis. We will now load the world and will try to do it quickly. If the game is not responding after this, it's probably us to blame or delete for good. This message appears always, even if the mod works flawlessly. (injector: modern, ci: CallbackInfo[TYPE=CallbackInfo,NAME=prepareLevels,CANCELLABLE=false], server: net.minecraft.server.dedicated.DedicatedServer@60e20510)
[14May2026 05:24:04.491] [Server thread/INFO] [net.minecraft.server.MinecraftServer/]: Preparing start region for dimension minecraft:overworld
[14May2026 05:24:04.500] [Server thread/INFO] [STDOUT/]: [ca.spottedleaf.starlight.common.thread.GlobalExecutors:<clinit>:26]: [ScalableLux] Lighting scaling is disabled (due to low parallelism in the settings)
[14May2026 05:24:04.515] [Server thread/INFO] [net.minecraft.server.level.progress.LoggerChunkProgressListener/]: Time elapsed: 23 ms
[14May2026 05:24:04.516] [Server thread/INFO] [net.minecraft.server.dedicated.DedicatedServer/]: Done (1.474s)! For help, type "help"
[14May2026 05:24:04.978] [Server thread/INFO] [net.neoforged.neoforge.server.permission.PermissionAPI/]: Successfully initialized permission handler neoforge:default_handler
[14May2026 05:24:05.004] [Server thread/INFO] [journeymap/]: Loaded null for service interface journeymap.api.services.WebMapService
[14May2026 05:24:05.005] [Server thread/INFO] [journeymap/]: Loaded journeymap.common.helpers.NeoForgeClientHooks@441589b5 for service interface journeymap.api.services.ClientPlatformService
[14May2026 05:24:05.007] [Server thread/INFO] [journeymap/]: Loaded journeymap.common.helpers.NeoForgeHooks@2772ff4 for service interface journeymap.api.services.CommonPlatformService
[14May2026 05:24:05.025] [Server thread/INFO] [journeymap/]: Found @JourneyMapPlugin: journeymap.api.plugins.LoadedChunkOverlayPlugin
[14May2026 05:24:05.058] [Server thread/INFO] [com.cupboard.Cupboard/]: Loaded config for: chunksending.json
[14May2026 05:24:05.059] [Server thread/INFO] [com.cupboard.Cupboard/]: Loaded config for: smoothchunk.json
[14May2026 05:24:05.059] [Server thread/INFO] [com.cupboard.Cupboard/]: Loaded config for: limitedchunks.json
[14May2026 05:24:05.096] [Server thread/WARN] [ModernFix/]: Dedicated server took 52.383 seconds to load
[14May2026 05:24:05.245] [Server thread/WARN] [mixin/]: Method overwrite conflict for removeIf in lithium.mixins.json:collections.chunk_tickets.SortedArraySetMixin from mod lithium, previously written by org.embeddedt.modernfix.common.mixin.bugfix.paper_chunk_patches.SortedArraySetMixin. Skipping method.
[14May2026 05:26:14.303] [Server thread/INFO] [net.minecraft.server.players.PlayerList/]: G4bashvi[/100.84.34.25:59131] logged in with entity id 2 at (299.4828083611814, 75.0, 1006.7844217114288)
[14May2026 05:26:14.685] [Server thread/INFO] [Railways/]: [Dev] Creative tab railways:main will display 55 entries
[14May2026 05:26:14.691] [Server thread/INFO] [Railways/]: [Dev] Creative tab railways:tracks will display 209 entries
[14May2026 05:26:14.696] [Server thread/INFO] [Railways/]: [Dev] Creative tab railways:palettes will display 238 entries
[14May2026 05:26:14.900] [Server thread/INFO] [net.minecraft.server.MinecraftServer/]: G4bashvi joined the game
[14May2026 05:26:15.094] [Server thread/INFO] [artifacts.Artifacts/]: Sending item configs to client
[14May2026 05:26:15.619] [Server thread/WARN] [mixin/]: Method overwrite conflict for acquire in lithium.mixins.json:chunk.no_locking.PalettedContainerMixin from mod lithium, previously written by com.aziz.saturn.mixin.miscellaneous.threading_detector.PalettedContainerMixin. Skipping method.
[14May2026 05:26:15.620] [Server thread/WARN] [mixin/]: Method overwrite conflict for release in lithium.mixins.json:chunk.no_locking.PalettedContainerMixin from mod lithium, previously written by com.aziz.saturn.mixin.miscellaneous.threading_detector.PalettedContainerMixin. Skipping method.
[14May2026 05:26:18.056] [Server thread/INFO] [com.cupboard.Cupboard/]: Loaded config for: smoothmovement.json
[14May2026 05:26:18.067] [Server thread/INFO] [STDOUT/]: [net.caffeinemc.mods.lithium.common.block.TrackedBlockStatePredicate:<clinit>:13]: Lithium Cached BlockState Flags are disabled!
[14May2026 05:26:18.210] [Server thread/WARN] [net.minecraft.server.MinecraftServer/]: Can't keep up! Is the server overloaded? Running 4312ms or 86 ticks behind
[14May2026 05:34:09.782] [Server thread/INFO] [AllTheLeaks/]: Listing events...
[14May2026 05:34:09.792] [Server thread/INFO] [AllTheLeaks/]: Listing memory leaks so far...
[14May2026 05:34:09.803] [Server thread/INFO] [AllTheLeaks/]: B: 679MB / C: 681MB / Diff: +2MB
[14May2026 05:34:09.806] [Server thread/INFO] [AllTheLeaks/]: No memory leak detected!
[14May2026 05:37:51.656] [Server thread/WARN] [net.minecraft.server.MinecraftServer/]: Can't keep up! Is the server overloaded? Running 2558ms or 51 ticks behind
[14May2026 05:39:08.238] [Server thread/WARN] [net.minecraft.server.MinecraftServer/]: Can't keep up! Is the server overloaded? Running 7290ms or 145 ticks behind
[14May2026 05:39:45.212] [Server thread/WARN] [net.minecraft.world.entity.EntityType/]: Skipping Entity with id 
[14May2026 05:39:45.510] [Server thread/WARN] [net.minecraft.world.entity.EntityType/]: Skipping Entity with id 
[14May2026 05:39:47.374] [Server thread/WARN] [net.minecraft.world.entity.EntityType/]: Skipping Entity with id 
[14May2026 05:39:53.677] [Server thread/WARN] [net.minecraft.server.MinecraftServer/]: Can't keep up! Is the server overloaded? Running 2029ms or 40 ticks behind
[14May2026 05:41:32.008] [Server thread/WARN] [net.minecraft.server.MinecraftServer/]: Can't keep up! Is the server overloaded? Running 2210ms or 44 ticks behind
[14May2026 05:44:23.454] [Server thread/INFO] [AllTheLeaks/]: Listing events...
[14May2026 05:44:23.454] [Server thread/INFO] [AllTheLeaks/]: Listing memory leaks so far...
[14May2026 05:44:23.455] [Server thread/INFO] [AllTheLeaks/]: B: 652MB / C: 1074MB / Diff: +422MB
[14May2026 05:44:23.455] [Server thread/INFO] [AllTheLeaks/]: Memory Leaks detected: (/atl force_refresh to update)
[14May2026 05:44:23.455] [Server thread/INFO] [AllTheLeaks/]: | ChunkAccess:
[14May2026 05:44:23.457] [Server thread/INFO] [AllTheLeaks/]: |- LevelChunk (minecraft): 301
[14May2026 05:48:25.821] [Server thread/INFO] [net.minecraft.server.MinecraftServer/]: G4bashvi was shot by Skeleton
[14May2026 05:48:39.148] [Server thread/INFO] [net.minecraft.server.players.PlayerList/]: prepusioletal[/100.108.215.108:60690] logged in with entity id 8030 at (177.5338499163408, -4.0, -461.30000001192093)
[14May2026 05:48:39.220] [Server thread/INFO] [net.minecraft.server.MinecraftServer/]: prepusioletal joined the game
[14May2026 05:48:39.244] [Server thread/INFO] [artifacts.Artifacts/]: Sending item configs to client
[14May2026 05:51:02.869] [Server thread/INFO] [net.minecraft.server.MinecraftServer/]: G4bashvi has made the advancement [Cover Me with Diamonds]
[14May2026 05:51:59.390] [Server thread/INFO] [fr.rakambda.fallingtree.common.tree.builder.TreeBuilder/]: Tree at BlockPosWrapper(raw=BlockPos{x=284, y=76, z=994}) reached max scan size of 500
[14May2026 05:52:08.640] [spark-async-sampler-worker-thread/WARN] [spark/]: Timed out waiting for world statistics
[14May2026 05:52:34.726] [Server thread/INFO] [fr.rakambda.fallingtree.common.tree.builder.TreeBuilder/]: Tree at BlockPosWrapper(raw=BlockPos{x=284, y=76, z=994}) reached max scan size of 500
[14May2026 05:52:35.321] [Server thread/WARN] [net.minecraft.server.MinecraftServer/]: Can't keep up! Is the server overloaded? Running 36073ms or 721 ticks behind
[14May2026 05:52:35.354] [Server thread/INFO] [net.minecraft.server.network.ServerGamePacketListenerImpl/]: G4bashvi lost connection: Disconnected
[14May2026 05:52:35.562] [Server thread/INFO] [net.minecraft.server.MinecraftServer/]: G4bashvi left the game
[14May2026 05:52:38.206] [Server thread/INFO] [net.minecraft.server.players.PlayerList/]: G4bashvi[/100.84.34.25:56900] logged in with entity id 11915 at (284.693538410028, 75.0, 996.6740214867552)
[14May2026 05:52:38.211] [Server thread/INFO] [net.minecraft.server.MinecraftServer/]: G4bashvi joined the game
[14May2026 05:52:38.221] [Server thread/INFO] [artifacts.Artifacts/]: Sending item configs to client
[14May2026 05:52:52.854] [Server thread/INFO] [fr.rakambda.fallingtree.common.tree.builder.TreeBuilder/]: Tree at BlockPosWrapper(raw=BlockPos{x=284, y=75, z=994}) reached max scan size of 500
[14May2026 05:52:52.922] [Server thread/INFO] [fr.rakambda.fallingtree.common.tree.builder.TreeBuilder/]: Tree at BlockPosWrapper(raw=BlockPos{x=284, y=75, z=994}) reached max scan size of 500
[14May2026 05:54:59.565] [Server thread/INFO] [AllTheLeaks/]: Listing events...
[14May2026 05:54:59.567] [Server thread/INFO] [AllTheLeaks/]: Server Player Clone: 1
[14May2026 05:54:59.568] [Server thread/INFO] [AllTheLeaks/]: Server Player Logout: 1
[14May2026 05:54:59.568] [Server thread/INFO] [AllTheLeaks/]: Listing memory leaks so far...
[14May2026 05:54:59.568] [Server thread/INFO] [AllTheLeaks/]: B: 652MB / C: 917MB / Diff: +265MB
[14May2026 05:54:59.568] [Server thread/INFO] [AllTheLeaks/]: Memory Leaks detected: (/atl force_refresh to update)
[14May2026 05:54:59.568] [Server thread/INFO] [AllTheLeaks/]: | Player:
[14May2026 05:54:59.569] [Server thread/INFO] [AllTheLeaks/]: |- ServerPlayer (minecraft): 1
[14May2026 05:54:59.569] [Server thread/INFO] [AllTheLeaks/]: | ChunkAccess:
[14May2026 05:54:59.569] [Server thread/INFO] [AllTheLeaks/]: |- LevelChunk (minecraft): 684
[14May2026 05:59:18.345] [Server thread/INFO] [net.minecraft.server.MinecraftServer/]: [Not Secure] <prepusioletal> xd
[14May2026 05:59:23.529] [Server thread/INFO] [net.minecraft.server.MinecraftServer/]: [Not Secure] <prepusioletal> hola chato
[14May2026 05:59:25.165] [Server thread/INFO] [net.minecraft.server.MinecraftServer/]: [Not Secure] <G4bashvi> oe
[14May2026 05:59:36.768] [Server thread/INFO] [net.minecraft.server.MinecraftServer/]: [Not Secure] <G4bashvi> el chato tiene mas culo que ese perro culaso?
[14May2026 06:01:01.566] [Server thread/ERROR] [net.minecraft.util.thread.BlockableEventLoop/FATAL]: Error executing task on Server
java.util.concurrent.CompletionException: java.lang.NoSuchFieldError: Class com.kyanite.deeperdarker.DeeperDarkerConfig does not have member field 'int soulElytraCooldown'
	at java.base/java.util.concurrent.CompletableFuture.encodeThrowable(CompletableFuture.java:315) ~[?:?]
	at java.base/java.util.concurrent.CompletableFuture.completeThrowable(CompletableFuture.java:320) ~[?:?]
	at java.base/java.util.concurrent.CompletableFuture$AsyncSupply.run(CompletableFuture.java:1770) ~[?:?]
	at TRANSFORMER/minecraft@1.21.1/net.minecraft.server.TickTask.run(TickTask.java:18) ~[server-1.21.1-20240808.144430-srg.jar%23308!/:?]
	at TRANSFORMER/minecraft@1.21.1/net.minecraft.util.thread.BlockableEventLoop.doRunTask(BlockableEventLoop.java:148) ~[server-1.21.1-20240808.144430-srg.jar%23308!/:?]
	at TRANSFORMER/minecraft@1.21.1/net.minecraft.util.thread.ReentrantBlockableEventLoop.doRunTask(ReentrantBlockableEventLoop.java:23) ~[server-1.21.1-20240808.144430-srg.jar%23308!/:?]
	at TRANSFORMER/minecraft@1.21.1/net.minecraft.server.MinecraftServer.doRunTask(MinecraftServer.java:872) ~[server-1.21.1-20240808.144430-srg.jar%23308!/:?]
	at TRANSFORMER/minecraft@1.21.1/net.minecraft.server.MinecraftServer.doRunTask(MinecraftServer.java:170) ~[server-1.21.1-20240808.144430-srg.jar%23308!/:?]
	at TRANSFORMER/minecraft@1.21.1/net.minecraft.util.thread.BlockableEventLoop.pollTask(BlockableEventLoop.java:122) ~[server-1.21.1-20240808.144430-srg.jar%23308!/:?]
	at TRANSFORMER/minecraft@1.21.1/net.minecraft.server.MinecraftServer.pollTaskInternal(MinecraftServer.java:855) ~[server-1.21.1-20240808.144430-srg.jar%23308!/:?]
	at TRANSFORMER/minecraft@1.21.1/net.minecraft.server.MinecraftServer.pollTask(MinecraftServer.java:849) ~[server-1.21.1-20240808.144430-srg.jar%23308!/:?]
	at TRANSFORMER/minecraft@1.21.1/net.minecraft.util.thread.BlockableEventLoop.managedBlock(BlockableEventLoop.java:132) ~[server-1.21.1-20240808.144430-srg.jar%23308!/:?]
	at TRANSFORMER/minecraft@1.21.1/net.minecraft.server.MinecraftServer.managedBlock(MinecraftServer.java:821) ~[server-1.21.1-20240808.144430-srg.jar%23308!/:?]
	at TRANSFORMER/minecraft@1.21.1/net.minecraft.server.MinecraftServer.mixinextras$bridge$managedBlock$297(MinecraftServer.java) ~[server-1.21.1-20240808.144430-srg.jar%23308!/:?]
	at TRANSFORMER/minecraft@1.21.1/net.minecraft.server.MinecraftServer.wrapOperation$zdo000$modernfix$managedBlock(MinecraftServer.java:2654) ~[server-1.21.1-20240808.144430-srg.jar%23308!/:?]
	at TRANSFORMER/minecraft@1.21.1/net.minecraft.server.MinecraftServer.waitUntilNextTick(MinecraftServer.java:826) ~[server-1.21.1-20240808.144430-srg.jar%23308!/:?]
	at TRANSFORMER/minecraft@1.21.1/net.minecraft.server.MinecraftServer.runServer(MinecraftServer.java:712) ~[server-1.21.1-20240808.144430-srg.jar%23308!/:?]
	at TRANSFORMER/minecraft@1.21.1/net.minecraft.server.MinecraftServer.lambda$spin$2(MinecraftServer.java:267) ~[server-1.21.1-20240808.144430-srg.jar%23308!/:?]
	at java.base/java.lang.Thread.run(Thread.java:1583) [?:?]
Caused by: java.lang.NoSuchFieldError: Class com.kyanite.deeperdarker.DeeperDarkerConfig does not have member field 'int soulElytraCooldown'
	at TRANSFORMER/elytraslot@9.0.2+1.21.1/com.illusivesoulworks.elytraslot.common.integration.deeperdarker.SoulElytraBoostPayload.lambda$handle$0(SoulElytraBoostPayload.java:45) ~[elytraslot-neoforge-9.0.2+1.21.1.jar%23371!/:9.0.2+1.21.1]
	at TRANSFORMER/neoforge@21.1.228/net.neoforged.neoforge.network.handling.ServerPayloadContext.enqueueWork(ServerPayloadContext.java:32) ~[neoforge-21.1.228-universal.jar%23309!/:?]
	at TRANSFORMER/elytraslot@9.0.2+1.21.1/com.illusivesoulworks.elytraslot.common.integration.deeperdarker.SoulElytraBoostPayload.handle(SoulElytraBoostPayload.java:41) ~[elytraslot-neoforge-9.0.2+1.21.1.jar%23371!/:9.0.2+1.21.1]
	at TRANSFORMER/neoforge@21.1.228/net.neoforged.neoforge.network.handling.MainThreadPayloadHandler.lambda$handle$0(MainThreadPayloadHandler.java:16) ~[neoforge-21.1.228-universal.jar%23309!/:?]
	at TRANSFORMER/minecraft@1.21.1/net.minecraft.util.thread.BlockableEventLoop.lambda$submitAsync$0(BlockableEventLoop.java:60) ~[server-1.21.1-20240808.144430-srg.jar%23308!/:?]
	at java.base/java.util.concurrent.CompletableFuture$AsyncSupply.run(CompletableFuture.java:1768) ~[?:?]
	... 16 more
[14May2026 06:01:01.569] [Server thread/ERROR] [net.neoforged.neoforge.network.registration.NetworkRegistry/]: Failed to process a synchronized task of the payload: elytraslot:soul_elytra_boost
java.util.concurrent.CompletionException: java.lang.NoSuchFieldError: Class com.kyanite.deeperdarker.DeeperDarkerConfig does not have member field 'int soulElytraCooldown'
	at java.base/java.util.concurrent.CompletableFuture.encodeThrowable(CompletableFuture.java:315) ~[?:?]
	at java.base/java.util.concurrent.CompletableFuture.completeThrowable(CompletableFuture.java:320) ~[?:?]
	at java.base/java.util.concurrent.CompletableFuture$AsyncSupply.run(CompletableFuture.java:1770) ~[?:?]
	at TRANSFORMER/minecraft@1.21.1/net.minecraft.server.TickTask.run(TickTask.java:18) ~[server-1.21.1-20240808.144430-srg.jar%23308!/:?]
	at TRANSFORMER/minecraft@1.21.1/net.minecraft.util.thread.BlockableEventLoop.doRunTask(BlockableEventLoop.java:148) ~[server-1.21.1-20240808.144430-srg.jar%23308!/:?]
	at TRANSFORMER/minecraft@1.21.1/net.minecraft.util.thread.ReentrantBlockableEventLoop.doRunTask(ReentrantBlockableEventLoop.java:23) ~[server-1.21.1-20240808.144430-srg.jar%23308!/:?]
	at TRANSFORMER/minecraft@1.21.1/net.minecraft.server.MinecraftServer.doRunTask(MinecraftServer.java:872) ~[server-1.21.1-20240808.144430-srg.jar%23308!/:?]
	at TRANSFORMER/minecraft@1.21.1/net.minecraft.server.MinecraftServer.doRunTask(MinecraftServer.java:170) ~[server-1.21.1-20240808.144430-srg.jar%23308!/:?]
	at TRANSFORMER/minecraft@1.21.1/net.minecraft.util.thread.BlockableEventLoop.pollTask(BlockableEventLoop.java:122) ~[server-1.21.1-20240808.144430-srg.jar%23308!/:?]
	at TRANSFORMER/minecraft@1.21.1/net.minecraft.server.MinecraftServer.pollTaskInternal(MinecraftServer.java:855) ~[server-1.21.1-20240808.144430-srg.jar%23308!/:?]
	at TRANSFORMER/minecraft@1.21.1/net.minecraft.server.MinecraftServer.pollTask(MinecraftServer.java:849) ~[server-1.21.1-20240808.144430-srg.jar%23308!/:?]
	at TRANSFORMER/minecraft@1.21.1/net.minecraft.util.thread.BlockableEventLoop.managedBlock(BlockableEventLoop.java:132) ~[server-1.21.1-20240808.144430-srg.jar%23308!/:?]
	at TRANSFORMER/minecraft@1.21.1/net.minecraft.server.MinecraftServer.managedBlock(MinecraftServer.java:821) ~[server-1.21.1-20240808.144430-srg.jar%23308!/:?]
	at TRANSFORMER/minecraft@1.21.1/net.minecraft.server.MinecraftServer.mixinextras$bridge$managedBlock$297(MinecraftServer.java) ~[server-1.21.1-20240808.144430-srg.jar%23308!/:?]
	at TRANSFORMER/minecraft@1.21.1/net.minecraft.server.MinecraftServer.wrapOperation$zdo000$modernfix$managedBlock(MinecraftServer.java:2654) ~[server-1.21.1-20240808.144430-srg.jar%23308!/:?]
	at TRANSFORMER/minecraft@1.21.1/net.minecraft.server.MinecraftServer.waitUntilNextTick(MinecraftServer.java:826) ~[server-1.21.1-20240808.144430-srg.jar%23308!/:?]
	at TRANSFORMER/minecraft@1.21.1/net.minecraft.server.MinecraftServer.runServer(MinecraftServer.java:712) ~[server-1.21.1-20240808.144430-srg.jar%23308!/:?]
	at TRANSFORMER/minecraft@1.21.1/net.minecraft.server.MinecraftServer.lambda$spin$2(MinecraftServer.java:267) ~[server-1.21.1-20240808.144430-srg.jar%23308!/:?]
	at java.base/java.lang.Thread.run(Thread.java:1583) [?:?]
Caused by: java.lang.NoSuchFieldError: Class com.kyanite.deeperdarker.DeeperDarkerConfig does not have member field 'int soulElytraCooldown'
	at TRANSFORMER/elytraslot@9.0.2+1.21.1/com.illusivesoulworks.elytraslot.common.integration.deeperdarker.SoulElytraBoostPayload.lambda$handle$0(SoulElytraBoostPayload.java:45) ~[elytraslot-neoforge-9.0.2+1.21.1.jar%23371!/:9.0.2+1.21.1]
	at TRANSFORMER/neoforge@21.1.228/net.neoforged.neoforge.network.handling.ServerPayloadContext.enqueueWork(ServerPayloadContext.java:32) ~[neoforge-21.1.228-universal.jar%23309!/:?]
	at TRANSFORMER/elytraslot@9.0.2+1.21.1/com.illusivesoulworks.elytraslot.common.integration.deeperdarker.SoulElytraBoostPayload.handle(SoulElytraBoostPayload.java:41) ~[elytraslot-neoforge-9.0.2+1.21.1.jar%23371!/:9.0.2+1.21.1]
	at TRANSFORMER/neoforge@21.1.228/net.neoforged.neoforge.network.handling.MainThreadPayloadHandler.lambda$handle$0(MainThreadPayloadHandler.java:16) ~[neoforge-21.1.228-universal.jar%23309!/:?]
	at TRANSFORMER/minecraft@1.21.1/net.minecraft.util.thread.BlockableEventLoop.lambda$submitAsync$0(BlockableEventLoop.java:60) ~[server-1.21.1-20240808.144430-srg.jar%23308!/:?]
	at java.base/java.util.concurrent.CompletableFuture$AsyncSupply.run(CompletableFuture.java:1768) ~[?:?]
	... 16 more
[14May2026 06:02:27.611] [Server thread/INFO] [fr.rakambda.fallingtree.common.tree.builder.TreeBuilder/]: Tree at BlockPosWrapper(raw=BlockPos{x=284, y=74, z=992}) reached max scan size of 500
[14May2026 06:02:27.641] [Server thread/INFO] [fr.rakambda.fallingtree.common.tree.builder.TreeBuilder/]: Tree at BlockPosWrapper(raw=BlockPos{x=284, y=74, z=992}) reached max scan size of 500
[14May2026 06:02:28.772] [Server thread/INFO] [fr.rakambda.fallingtree.common.tree.builder.TreeBuilder/]: Tree at BlockPosWrapper(raw=BlockPos{x=284, y=74, z=993}) reached max scan size of 500
[14May2026 06:02:28.818] [Server thread/INFO] [fr.rakambda.fallingtree.common.tree.builder.TreeBuilder/]: Tree at BlockPosWrapper(raw=BlockPos{x=284, y=74, z=993}) reached max scan size of 500
[14May2026 06:02:57.970] [Server thread/INFO] [fr.rakambda.fallingtree.common.tree.builder.TreeBuilder/]: Tree at BlockPosWrapper(raw=BlockPos{x=299, y=76, z=994}) reached max scan size of 500
[14May2026 06:02:58.006] [Server thread/INFO] [fr.rakambda.fallingtree.common.tree.builder.TreeBuilder/]: Tree at BlockPosWrapper(raw=BlockPos{x=299, y=76, z=994}) reached max scan size of 500
[14May2026 06:02:59.029] [Server thread/INFO] [fr.rakambda.fallingtree.common.tree.builder.TreeBuilder/]: Tree at BlockPosWrapper(raw=BlockPos{x=299, y=75, z=994}) reached max scan size of 500
[14May2026 06:02:59.063] [Server thread/INFO] [fr.rakambda.fallingtree.common.tree.builder.TreeBuilder/]: Tree at BlockPosWrapper(raw=BlockPos{x=299, y=75, z=994}) reached max scan size of 500
[14May2026 06:03:00.166] [Server thread/INFO] [fr.rakambda.fallingtree.common.tree.builder.TreeBuilder/]: Tree at BlockPosWrapper(raw=BlockPos{x=300, y=76, z=994}) reached max scan size of 500
[14May2026 06:03:00.199] [Server thread/INFO] [fr.rakambda.fallingtree.common.tree.builder.TreeBuilder/]: Tree at BlockPosWrapper(raw=BlockPos{x=300, y=76, z=994}) reached max scan size of 500
[14May2026 06:03:01.218] [Server thread/INFO] [fr.rakambda.fallingtree.common.tree.builder.TreeBuilder/]: Tree at BlockPosWrapper(raw=BlockPos{x=300, y=75, z=994}) reached max scan size of 500
[14May2026 06:03:01.250] [Server thread/INFO] [fr.rakambda.fallingtree.common.tree.builder.TreeBuilder/]: Tree at BlockPosWrapper(raw=BlockPos{x=300, y=75, z=994}) reached max scan size of 500
[14May2026 06:04:59.611] [Server thread/INFO] [AllTheLeaks/]: Listing events...
[14May2026 06:05:08.641] [spark-async-sampler-worker-thread/WARN] [spark/]: Timed out waiting for world statistics
[14May2026 06:05:33.373] [Server thread/INFO] [AllTheLeaks/]: Server Player Clone: 1
[14May2026 06:05:33.373] [Server thread/INFO] [AllTheLeaks/]: Server Player Logout: 1
[14May2026 06:05:33.373] [Server thread/INFO] [AllTheLeaks/]: Listing memory leaks so far...
[14May2026 06:05:33.374] [Server thread/INFO] [AllTheLeaks/]: B: 652MB / C: 909MB / Diff: +257MB
[14May2026 06:05:33.374] [Server thread/INFO] [AllTheLeaks/]: Memory Leaks detected: (/atl force_refresh to update)
[14May2026 06:05:33.374] [Server thread/INFO] [AllTheLeaks/]: | ChunkAccess:
[14May2026 06:05:33.374] [Server thread/INFO] [AllTheLeaks/]: |- LevelChunk (minecraft): 396
[14May2026 06:05:33.425] [Server thread/WARN] [net.minecraft.server.MinecraftServer/]: Can't keep up! Is the server overloaded? Running 33777ms or 675 ticks behind
[14May2026 06:07:29.720] [Server thread/INFO] [net.minecraft.server.MinecraftServer/]: G4bashvi has made the advancement [The Cutest Predator]
[14May2026 06:08:05.413] [Server thread/INFO] [net.minecraft.server.MinecraftServer/]: prepusioletal has made the advancement [Amateur Archaeologist]
[14May2026 06:08:11.507] [Server thread/WARN] [net.minecraft.world.entity.EntityType/]: Skipping Entity with id 
[14May2026 06:08:15.408] [Server thread/WARN] [net.minecraft.world.entity.EntityType/]: Skipping Entity with id 
[14May2026 06:09:12.019] [Server thread/INFO] [net.minecraft.server.MinecraftServer/]: prepusioletal has made the advancement [Barrel Booty]
[14May2026 06:09:12.019] [Server thread/INFO] [net.minecraft.server.MinecraftServer/]: prepusioletal has completed the challenge [Socialised Loot]
[14May2026 06:10:24.769] [Server thread/INFO] [net.minecraft.server.MinecraftServer/]: prepusioletal was slain by Zombie
[14May2026 06:10:35.115] [Server thread/INFO] [net.minecraft.server.network.ServerGamePacketListenerImpl/]: prepusioletal lost connection: Disconnected
[14May2026 06:10:35.116] [Server thread/INFO] [net.minecraft.server.MinecraftServer/]: prepusioletal left the game
[14May2026 06:15:33.411] [Server thread/INFO] [AllTheLeaks/]: Listing events...
[14May2026 06:15:33.412] [Server thread/INFO] [AllTheLeaks/]: Server Player Clone: 2
[14May2026 06:15:33.412] [Server thread/INFO] [AllTheLeaks/]: Server Player Logout: 2
[14May2026 06:15:33.412] [Server thread/INFO] [AllTheLeaks/]: Listing memory leaks so far...
[14May2026 06:15:33.412] [Server thread/INFO] [AllTheLeaks/]: B: 652MB / C: 909MB / Diff: +257MB
[14May2026 06:15:33.412] [Server thread/INFO] [AllTheLeaks/]: Memory Leaks detected: (/atl force_refresh to update)
[14May2026 06:15:33.412] [Server thread/INFO] [AllTheLeaks/]: | Player:
[14May2026 06:15:33.413] [Server thread/INFO] [AllTheLeaks/]: |- ServerPlayer (minecraft): 2
[14May2026 06:15:33.413] [Server thread/INFO] [AllTheLeaks/]: | ChunkAccess:
[14May2026 06:15:33.413] [Server thread/INFO] [AllTheLeaks/]: |- LevelChunk (minecraft): 1100
[14May2026 06:25:33.453] [Server thread/INFO] [AllTheLeaks/]: Listing events...
[14May2026 06:25:42.177] [Server thread/INFO] [AllTheLeaks/]: Server Player Clone: 2
[14May2026 06:25:42.177] [Server thread/INFO] [AllTheLeaks/]: Server Player Logout: 2
[14May2026 06:25:42.178] [Server thread/INFO] [AllTheLeaks/]: Listing memory leaks so far...
[14May2026 06:25:42.178] [Server thread/INFO] [AllTheLeaks/]: B: 652MB / C: 832MB / Diff: +180MB
[14May2026 06:25:42.178] [Server thread/INFO] [AllTheLeaks/]: Memory Leaks detected: (/atl force_refresh to update)
[14May2026 06:25:42.178] [Server thread/INFO] [AllTheLeaks/]: | ChunkAccess:
[14May2026 06:25:42.178] [Server thread/INFO] [AllTheLeaks/]: |- LevelChunk (minecraft): 13
[14May2026 06:25:42.198] [Server thread/WARN] [net.minecraft.server.MinecraftServer/]: Can't keep up! Is the server overloaded? Running 8700ms or 174 ticks behind
[14May2026 06:26:08.636] [spark-async-sampler-worker-thread/WARN] [spark/]: Timed out waiting for world statistics
[14May2026 06:26:31.124] [Server thread/INFO] [net.minecraft.server.network.ServerGamePacketListenerImpl/]: G4bashvi lost connection: Disconnected
[14May2026 06:26:31.827] [Server thread/INFO] [net.minecraft.server.MinecraftServer/]: G4bashvi left the game
[14May2026 06:26:31.828] [Server thread/INFO] [net.minecraft.server.MinecraftServer/]: G4bashvi was blown up by Creeper
[14May2026 06:26:32.015] [Server thread/WARN] [net.minecraft.server.MinecraftServer/]: Can't keep up! Is the server overloaded? Running 34817ms or 696 ticks behind
[14May2026 06:26:34.543] [Server thread/INFO] [net.minecraft.server.players.PlayerList/]: G4bashvi[/100.84.34.25:49674] logged in with entity id 34297 at (298.096594156878, 75.875, 1012.9136074594398)
[14May2026 06:26:34.551] [Server thread/INFO] [net.minecraft.server.MinecraftServer/]: G4bashvi joined the game
[14May2026 06:26:34.568] [Server thread/INFO] [artifacts.Artifacts/]: Sending item configs to client
[14May2026 06:36:17.002] [Server thread/INFO] [AllTheLeaks/]: Listing events...
[14May2026 06:36:17.003] [Server thread/INFO] [AllTheLeaks/]: Server Player Clone: 3
[14May2026 06:36:17.003] [Server thread/INFO] [AllTheLeaks/]: Server Player Logout: 3
[14May2026 06:36:17.003] [Server thread/INFO] [AllTheLeaks/]: Listing memory leaks so far...
[14May2026 06:36:17.003] [Server thread/INFO] [AllTheLeaks/]: B: 652MB / C: 821MB / Diff: +169MB
[14May2026 06:36:17.003] [Server thread/INFO] [AllTheLeaks/]: Memory Leaks detected: (/atl force_refresh to update)
[14May2026 06:36:17.003] [Server thread/INFO] [AllTheLeaks/]: | Player:
[14May2026 06:36:17.004] [Server thread/INFO] [AllTheLeaks/]: |- ServerPlayer (minecraft): 2
[14May2026 06:36:17.004] [Server thread/INFO] [AllTheLeaks/]: | ChunkAccess:
[14May2026 06:36:17.004] [Server thread/INFO] [AllTheLeaks/]: |- LevelChunk (minecraft): 709
[14May2026 06:46:17.053] [Server thread/INFO] [AllTheLeaks/]: Listing events...
[14May2026 06:46:17.053] [Server thread/INFO] [AllTheLeaks/]: Server Player Clone: 3
[14May2026 06:46:17.054] [Server thread/INFO] [AllTheLeaks/]: Server Player Logout: 3
[14May2026 06:46:17.054] [Server thread/INFO] [AllTheLeaks/]: Listing memory leaks so far...
[14May2026 06:46:17.054] [Server thread/INFO] [AllTheLeaks/]: B: 652MB / C: 782MB / Diff: +130MB
[14May2026 06:46:17.054] [Server thread/INFO] [AllTheLeaks/]: Memory Leaks detected: (/atl force_refresh to update)
[14May2026 06:46:17.054] [Server thread/INFO] [AllTheLeaks/]: | Player:
[14May2026 06:46:17.054] [Server thread/INFO] [AllTheLeaks/]: |- ServerPlayer (minecraft): 1
[14May2026 06:46:17.054] [Server thread/INFO] [AllTheLeaks/]: | ChunkAccess:
[14May2026 06:46:17.055] [Server thread/INFO] [AllTheLeaks/]: |- LevelChunk (minecraft): 1
[14May2026 06:48:28.804] [Server thread/INFO] [net.minecraft.world.entity.npc.Villager/]: Villager Villager['Cartographer'/34683, l='ServerLevel[world]', x=330.50, y=76.00, z=986.95] died, message: 'Cartographer was slain by Zombie'
